// File: 'Karla-Bold.ttf' (45968 bytes)
// Instantiated at weight 700 from the variable font at
// https://github.com/google/fonts/blob/main/ofl/karla/Karla%5Bwght%5D.ttf (OFL-1.1, see OFL-Karla.txt)
// using fontTools.varLib.instancer, then embedded here as a raw (uncompressed) byte array.
static const unsigned int karla_bold_size = 45968;
static const unsigned char karla_bold_data[45968] =
{
    0x00, 0x01, 0x00, 0x00, 0x00, 0x10, 0x01, 0x00, 0x00, 0x04, 0x00, 0x00, 0x47, 0x44, 0x45, 0x46,
    0x23, 0x3d, 0x1c, 0x1c, 0x00, 0x00, 0x8d, 0x9c, 0x00, 0x00, 0x00, 0xe6, 0x47, 0x50, 0x4f, 0x53,
    0xd4, 0xce, 0xfd, 0xf7, 0x00, 0x00, 0x8e, 0x84, 0x00, 0x00, 0x1d, 0x96, 0x47, 0x53, 0x55, 0x42,
    0x71, 0xab, 0x5b, 0x3f, 0x00, 0x00, 0xac, 0x1c, 0x00, 0x00, 0x07, 0x2e, 0x4f, 0x53, 0x2f, 0x32,
    0x96, 0x7d, 0x5e, 0xad, 0x00, 0x00, 0x01, 0x88, 0x00, 0x00, 0x00, 0x60, 0x53, 0x54, 0x41, 0x54,
    0xe5, 0xd9, 0xcc, 0x1a, 0x00, 0x00, 0xb3, 0x4c, 0x00, 0x00, 0x00, 0x44, 0x63, 0x6d, 0x61, 0x70,
    0x6a, 0xdd, 0x13, 0x48, 0x00, 0x00, 0x09, 0x68, 0x00, 0x00, 0x04, 0x7a, 0x67, 0x61, 0x73, 0x70,
    0x00, 0x00, 0x00, 0x10, 0x00, 0x00, 0x8d, 0x94, 0x00, 0x00, 0x00, 0x08, 0x67, 0x6c, 0x79, 0x66,
    0x61, 0x1f, 0xf9, 0xed, 0x00, 0x00, 0x11, 0xb0, 0x00, 0x00, 0x6b, 0x62, 0x68, 0x65, 0x61, 0x64,
    0x28, 0xe8, 0xfd, 0x2f, 0x00, 0x00, 0x01, 0x0c, 0x00, 0x00, 0x00, 0x36, 0x68, 0x68, 0x65, 0x61,
    0x0e, 0x79, 0x04, 0xfa, 0x00, 0x00, 0x01, 0x44, 0x00, 0x00, 0x00, 0x24, 0x68, 0x6d, 0x74, 0x78,
    0xd2, 0x87, 0xc9, 0xe8, 0x00, 0x00, 0x01, 0xe8, 0x00, 0x00, 0x07, 0x80, 0x6c, 0x6f, 0x63, 0x61,
    0xa0, 0x99, 0x85, 0xdd, 0x00, 0x00, 0x0d, 0xec, 0x00, 0x00, 0x03, 0xc2, 0x6d, 0x61, 0x78, 0x70,
    0x01, 0xf0, 0x00, 0xcf, 0x00, 0x00, 0x01, 0x68, 0x00, 0x00, 0x00, 0x20, 0x6e, 0x61, 0x6d, 0x65,
    0xfc, 0x64, 0x9b, 0x55, 0x00, 0x00, 0x7d, 0x14, 0x00, 0x00, 0x04, 0x51, 0x70, 0x6f, 0x73, 0x74,
    0x37, 0x6c, 0xe8, 0xdf, 0x00, 0x00, 0x81, 0x68, 0x00, 0x00, 0x0c, 0x2a, 0x70, 0x72, 0x65, 0x70,
    0x68, 0x06, 0x8c, 0x85, 0x00, 0x00, 0x0d, 0xe4, 0x00, 0x00, 0x00, 0x07, 0x00, 0x01, 0x00, 0x00,
    0x00, 0x02, 0x01, 0x06, 0xaf, 0xce, 0x8e, 0xfc, 0x5f, 0x0f, 0x3c, 0xf5, 0x00, 0x03, 0x07, 0xd0,
    0x00, 0x00, 0x00, 0x00, 0xdb, 0xb7, 0x5d, 0xc7, 0x00, 0x00, 0x00, 0x00, 0xe6, 0xcd, 0x53, 0xb7,
    0xfe, 0xe3, 0xfe, 0x0a, 0x08, 0x69, 0x07, 0xd6, 0x00, 0x00, 0x00, 0x06, 0x00, 0x02, 0x00, 0x00,
    0x00, 0x00, 0x00, 0x00, 0x00, 0x01, 0x00, 0x00, 0x07, 0x2a, 0xfe, 0x08, 0x00, 0x00, 0x08, 0xc8,
    0xfe, 0xe3, 0xfc, 0x49, 0x08, 0x69, 0x00, 0x01, 0x00, 0x00, 0x00, 0x00, 0x00, 0x00, 0x00, 0x00,
    0x00, 0x00, 0x00, 0x00, 0x00, 0x00, 0x01, 0xe0, 0x00, 0x01, 0x00, 0x00, 0x01, 0xe0, 0x00, 0x63,
    0x00, 0x07, 0x00, 0x6a, 0x00, 0x05, 0x00, 0x01, 0x00, 0x00, 0x00, 0x00, 0x00, 0x00, 0x00, 0x00,
    0x00, 0x00, 0x00, 0x00, 0x00, 0x03, 0x00, 0x01, 0x00, 0x04, 0x04, 0x51, 0x02, 0xbc, 0x00, 0x05,
    0x00, 0x00, 0x05, 0x14, 0x04, 0xb0, 0x00, 0x00, 0x00, 0x96, 0x05, 0x14, 0x04, 0xb0, 0x00, 0x00,
    0x02, 0xbc, 0x00, 0x32, 0x02, 0x47, 0x00, 0x00, 0x02, 0x0b, 0x00, 0x04, 0x03, 0x05, 0x03, 0x03,
    0x00, 0x03, 0xa0, 0x00, 0x00, 0xef, 0x40, 0x00, 0x20, 0x5b, 0x00, 0x00, 0x00, 0x00, 0x00, 0x00,
    0x00, 0x00, 0x47, 0x4f, 0x4f, 0x47, 0x00, 0xc0, 0x00, 0x0d, 0xfb, 0x02, 0x07, 0x2a, 0xfe, 0x08,
    0x00, 0x00, 0x08, 0x0e, 0x02, 0x21, 0x20, 0x00, 0x00, 0x93, 0x00, 0x00, 0x00, 0x00, 0x03, 0xcc,
    0x05, 0x12, 0x00, 0x00, 0x00, 0x20, 0x00, 0x03, 0x04, 0x07, 0x00, 0x00, 0x04, 0xb0, 0x00, 0x00,
    0x04, 0xb0, 0x00, 0x00, 0x01, 0xfa, 0x00, 0x00, 0x01, 0xfa, 0x00, 0x00, 0x01, 0xfa, 0x00, 0x30,
    0x01, 0xae, 0x00, 0x30, 0x02, 0x68, 0x00, 0x6c, 0x02, 0x1b, 0x00, 0x66, 0x02, 0xeb, 0x00, 0x5c,
    0x04, 0x1a, 0x00, 0x6e, 0x06, 0x00, 0x00, 0x6e, 0x02, 0x4a, 0x00, 0x88, 0x04, 0x92, 0x00, 0x6e,
    0x04, 0xcc, 0x00, 0xba, 0x04, 0x23, 0x00, 0x5e, 0x04, 0xcc, 0x00, 0x66, 0x04, 0x24, 0x00, 0x5e,
    0x02, 0xdf, 0x00, 0x62, 0x04, 0x8c, 0x00, 0x1e, 0x04, 0xde, 0x00, 0xba, 0x02, 0x90, 0x00, 0xb2,
    0x02, 0x9e, 0xff, 0x68, 0x04, 0x9f, 0x00, 0xba, 0x02, 0x61, 0x00, 0xba, 0x07, 0x6a, 0x00, 0xba,
    0x04, 0xde, 0x00, 0xba, 0x04, 0x6c, 0x00, 0x5e, 0x04, 0xc4, 0x00, 0xba, 0x04, 0xc4, 0x00, 0x5e,
    0x03, 0x11, 0x00, 0xba, 0x04, 0x1f, 0x00, 0x62, 0x03, 0x15, 0x00, 0x40, 0x04, 0xe6, 0x00, 0xa6,
    0x04, 0x0e, 0x00, 0x18, 0x05, 0xec, 0x00, 0x18, 0x04, 0x53, 0x00, 0x20, 0x03, 0xef, 0x00, 0x00,
    0x03, 0xde, 0x00, 0x72, 0x04, 0xe3, 0x00, 0x2c, 0x05, 0x10, 0x00, 0xba, 0x04, 0xf3, 0x00, 0x5e,
    0x05, 0x5d, 0x00, 0xba, 0x04, 0x95, 0x00, 0xb8, 0x04, 0x45, 0x00, 0xba, 0x05, 0x4a, 0x00, 0x5e,
    0x05, 0x83, 0x00, 0xba, 0x02, 0x61, 0x00, 0xba, 0x03, 0x77, 0x00, 0x20, 0x05, 0x1c, 0x00, 0xba,
    0x03, 0xdc, 0x00, 0xba, 0x06, 0xd5, 0x00, 0xba, 0x05, 0x9a, 0x00, 0xb6, 0x05, 0x55, 0x00, 0x5e,
    0x04, 0x89, 0x00, 0xb4, 0x05, 0x5c, 0x00, 0x5e, 0x05, 0x07, 0x00, 0xba, 0x04, 0xfb, 0x00, 0x82,
    0x04, 0x27, 0x00, 0x0c, 0x05, 0x64, 0x00, 0xa6, 0x04, 0xb5, 0x00, 0x24, 0x07, 0x65, 0x00, 0x14,
    0x05, 0x57, 0x00, 0x42, 0x04, 0x95, 0x00, 0x0e, 0x04, 0xe9, 0x00, 0x92, 0x01, 0x67, 0x00, 0x3e,
    0x01, 0xd9, 0x00, 0x48, 0x02, 0x1e, 0x00, 0x48, 0x02, 0x1e, 0x00, 0x3a, 0x03, 0x1f, 0x00, 0x92,
    0x03, 0x1f, 0x00, 0x40, 0x04, 0x32, 0x00, 0x1d, 0x04, 0x32, 0x00, 0x95, 0x04, 0x32, 0x00, 0x9f,
    0x04, 0xf1, 0x00, 0x5e, 0x02, 0xc9, 0x00, 0x54, 0x04, 0xba, 0x00, 0x78, 0x04, 0xdc, 0x00, 0x5a,
    0x04, 0xa6, 0x00, 0x2c, 0x04, 0x8c, 0x00, 0x72, 0x04, 0xbe, 0x00, 0x5e, 0x03, 0xe3, 0x00, 0x30,
    0x05, 0x0d, 0x00, 0x62, 0x04, 0xc4, 0x00, 0x6a, 0x05, 0x62, 0x00, 0x82, 0x04, 0x0a, 0x00, 0x30,
    0x04, 0xb3, 0x00, 0x2c, 0x02, 0xd0, 0x00, 0x5e, 0x02, 0xd0, 0x00, 0x5e, 0x04, 0x92, 0x00, 0x6e,
    0x04, 0x24, 0x00, 0x5e, 0x04, 0x6c, 0x00, 0x5e, 0x04, 0xe3, 0x00, 0x2c, 0x04, 0x95, 0x00, 0xb8,
    0x04, 0xe6, 0x00, 0xa6, 0x04, 0x92, 0x00, 0x6e, 0x04, 0x24, 0x00, 0x5e, 0x04, 0x6c, 0x00, 0x5e,
    0x04, 0xe6, 0x00, 0xa6, 0x04, 0xe3, 0x00, 0x2c, 0x04, 0x95, 0x00, 0xb8, 0x02, 0x61, 0x00, 0x25,
    0x02, 0x61, 0x00, 0x7f, 0x05, 0x55, 0x00, 0x5e, 0x05, 0x55, 0x00, 0x5e, 0x05, 0x64, 0x00, 0xa6,
    0x05, 0x64, 0x00, 0xa6, 0x03, 0x85, 0x00, 0x5e, 0x04, 0x92, 0x00, 0x6e, 0x04, 0x24, 0x00, 0x5e,
    0x04, 0x6c, 0x00, 0x5e, 0x04, 0xe6, 0x00, 0xa6, 0x04, 0xe3, 0x00, 0x2c, 0x04, 0x95, 0x00, 0xb8,
    0x02, 0x61, 0xff, 0xcc, 0x05, 0x55, 0x00, 0x5e, 0x05, 0x64, 0x00, 0xa6, 0x03, 0x70, 0x00, 0x5e,
    0x07, 0x8a, 0x00, 0xb8, 0x08, 0x05, 0x00, 0x86, 0x03, 0x56, 0x00, 0x5e, 0x04, 0x92, 0x00, 0x6e,
    0x04, 0x24, 0x00, 0x5e, 0x04, 0x6c, 0x00, 0x5e, 0x04, 0xe6, 0x00, 0xa6, 0x04, 0xe3, 0x00, 0x2c,
    0x04, 0x95, 0x00, 0xb8, 0x02, 0x61, 0xff, 0xe3, 0x05, 0x55, 0x00, 0x5e, 0x05, 0x64, 0x00, 0xa6,
    0x02, 0x90, 0x00, 0x38, 0x02, 0x90, 0x00, 0x92, 0x02, 0x90, 0xff, 0xdf, 0x02, 0x90, 0xff, 0xf6,
    0x04, 0x32, 0x00, 0x7d, 0x04, 0x32, 0x00, 0x7d, 0x02, 0xfd, 0x00, 0x40, 0x05, 0x4c, 0x00, 0x72,
    0x03, 0x32, 0x00, 0x64, 0x03, 0xaf, 0x00, 0x6a, 0x05, 0xf9, 0x00, 0x7a, 0x03, 0xaf, 0x00, 0x52,
    0x02, 0x61, 0x00, 0xba, 0x02, 0xc0, 0x00, 0xba, 0x02, 0x9f, 0xff, 0xf8, 0x04, 0x32, 0x00, 0x2e,
    0x06, 0x00, 0x00, 0x6e, 0x03, 0x0e, 0x00, 0x8e, 0x03, 0x0e, 0x00, 0x08, 0x04, 0x32, 0x00, 0x52,
    0x04, 0x92, 0x00, 0x6e, 0x04, 0xde, 0x00, 0xba, 0x04, 0x6c, 0x00, 0x5e, 0x04, 0xe3, 0x00, 0x2c,
    0x05, 0x9a, 0x00, 0xb6, 0x05, 0x55, 0x00, 0x5e, 0x04, 0xe3, 0x00, 0x2c, 0x04, 0xe3, 0x00, 0x2c,
    0x04, 0xe3, 0x00, 0x2c, 0x04, 0xe3, 0x00, 0x2c, 0x06, 0xe6, 0x00, 0x48, 0x04, 0xf3, 0x00, 0x5e,
    0x04, 0xf3, 0x00, 0x5e, 0x04, 0xf3, 0x00, 0x5e, 0x04, 0xf3, 0x00, 0x5e, 0x05, 0x5d, 0x00, 0xba,
    0x05, 0x5d, 0x00, 0x2c, 0x05, 0x5d, 0x00, 0x2c, 0x04, 0x95, 0x00, 0xb8, 0x04, 0x95, 0x00, 0xb8,
    0x04, 0x95, 0x00, 0xb8, 0x04, 0x95, 0x00, 0xb8, 0x05, 0x4a, 0x00, 0x5e, 0x05, 0x4a, 0x00, 0x5e,
    0x05, 0x4a, 0x00, 0x5e, 0x05, 0x83, 0x00, 0xba, 0x05, 0xd8, 0x00, 0xba, 0x02, 0x61, 0x00, 0x93,
    0x02, 0x61, 0x00, 0x4c, 0x02, 0x61, 0x00, 0x26, 0x05, 0x1c, 0x00, 0xba, 0x03, 0xdc, 0x00, 0xba,
    0x03, 0xdc, 0x00, 0xba, 0x03, 0xdc, 0x00, 0xba, 0x03, 0xdc, 0x00, 0x25, 0x05, 0x9a, 0x00, 0xb6,
    0x05, 0x9a, 0x00, 0xb6, 0x05, 0x9a, 0x00, 0xb6, 0x05, 0x9a, 0x00, 0xb6, 0x05, 0x55, 0x00, 0x5e,
    0x05, 0x55, 0x00, 0x5e, 0x05, 0x55, 0x00, 0x3c, 0x06, 0xff, 0x00, 0x5e, 0x04, 0x89, 0x00, 0xb4,
    0x05, 0x07, 0x00, 0xba, 0x05, 0x07, 0x00, 0xba, 0x05, 0x07, 0x00, 0xba, 0x04, 0xfb, 0x00, 0x82,
    0x04, 0xfb, 0x00, 0x82, 0x04, 0xfb, 0x00, 0x82, 0x04, 0xfb, 0x00, 0x82, 0x05, 0x58, 0x00, 0xb8,
    0x04, 0x27, 0x00, 0x0c, 0x04, 0x27, 0x00, 0x0c, 0x04, 0x27, 0x00, 0x0c, 0x04, 0x27, 0x00, 0x0c,
    0x05, 0x64, 0x00, 0xa6, 0x05, 0x64, 0x00, 0xa6, 0x05, 0x64, 0x00, 0xa6, 0x05, 0x64, 0x00, 0xa6,
    0x05, 0x64, 0x00, 0xa6, 0x07, 0x65, 0x00, 0x14, 0x07, 0x65, 0x00, 0x14, 0x07, 0x65, 0x00, 0x14,
    0x07, 0x65, 0x00, 0x14, 0x04, 0x95, 0x00, 0x0e, 0x04, 0x95, 0x00, 0x0e, 0x04, 0x95, 0x00, 0x0e,
    0x04, 0x95, 0x00, 0x0e, 0x04, 0xe9, 0x00, 0x92, 0x04, 0xe9, 0x00, 0x92, 0x04, 0xe9, 0x00, 0x92,
    0x04, 0x92, 0x00, 0x6e, 0x04, 0x92, 0x00, 0x6e, 0x04, 0x92, 0x00, 0x6e, 0x04, 0x92, 0x00, 0x6e,
    0x06, 0xbc, 0x00, 0x6e, 0x04, 0x23, 0x00, 0x5e, 0x04, 0x23, 0x00, 0x5e, 0x04, 0x23, 0x00, 0x5e,
    0x04, 0x23, 0x00, 0x5e, 0x04, 0xcc, 0x00, 0x66, 0x04, 0xcc, 0x00, 0x66, 0x04, 0x6e, 0x00, 0x66,
    0x04, 0x24, 0x00, 0x5e, 0x04, 0x24, 0x00, 0x5e, 0x04, 0x24, 0x00, 0x5e, 0x04, 0x24, 0x00, 0x5e,
    0x04, 0x8c, 0x00, 0x1e, 0x04, 0x8c, 0x00, 0x1e, 0x04, 0x8c, 0x00, 0x1e, 0x04, 0xde, 0x00, 0x2f,
    0x02, 0x90, 0x00, 0xce, 0x02, 0x90, 0x00, 0xa7, 0x02, 0x90, 0x00, 0x5f, 0x02, 0x90, 0x00, 0x3a,
    0x05, 0x2e, 0x00, 0xb2, 0x02, 0x9e, 0xff, 0x68, 0x04, 0x9f, 0x00, 0xba, 0x02, 0x61, 0x00, 0x7f,
    0x02, 0x61, 0x00, 0xba, 0x02, 0x61, 0x00, 0x94, 0x02, 0x61, 0x00, 0x1f, 0x04, 0xde, 0x00, 0xba,
    0x04, 0xde, 0x00, 0xba, 0x04, 0xde, 0x00, 0xba, 0x04, 0xfd, 0x00, 0xba, 0x04, 0x6c, 0x00, 0x5e,
    0x04, 0x6c, 0x00, 0x5e, 0x04, 0x6c, 0x00, 0x57, 0x06, 0x9d, 0x00, 0x5e, 0x04, 0xb0, 0x00, 0xba,
    0x03, 0x11, 0x00, 0xba, 0x03, 0x11, 0x00, 0x83, 0x03, 0x11, 0x00, 0xba, 0x04, 0x1f, 0x00, 0x62,
    0x04, 0x1f, 0x00, 0x62, 0x04, 0x1f, 0x00, 0x62, 0x04, 0x1f, 0x00, 0x62, 0x05, 0x11, 0x00, 0xba,
    0x03, 0x15, 0x00, 0x40, 0x03, 0x15, 0x00, 0x40, 0x03, 0x15, 0x00, 0x40, 0x03, 0x15, 0x00, 0x40,
    0x04, 0xe6, 0x00, 0xa6, 0x04, 0xe6, 0x00, 0xa6, 0x04, 0xe6, 0x00, 0xa6, 0x04, 0xe6, 0x00, 0xa6,
    0x04, 0xe6, 0x00, 0xa6, 0x05, 0xec, 0x00, 0x18, 0x05, 0xec, 0x00, 0x18, 0x05, 0xec, 0x00, 0x18,
    0x05, 0xec, 0x00, 0x18, 0x03, 0xef, 0x00, 0x00, 0x03, 0xef, 0x00, 0x00, 0x03, 0xef, 0x00, 0x00,
    0x03, 0xef, 0x00, 0x00, 0x03, 0xde, 0x00, 0x72, 0x03, 0xde, 0x00, 0x72, 0x03, 0xde, 0x00, 0x72,
    0x05, 0x70, 0x00, 0x62, 0x05, 0x40, 0x00, 0x62, 0x04, 0x92, 0x00, 0x6e, 0x04, 0x6c, 0x00, 0x5e,
    0x04, 0xe3, 0x00, 0x2c, 0x05, 0x55, 0x00, 0x5e, 0x04, 0xe6, 0x00, 0xa6, 0x04, 0xe9, 0x00, 0x2c,
    0x04, 0x73, 0x00, 0x5e, 0x02, 0xc9, 0x00, 0x54, 0x04, 0xa6, 0x00, 0x78, 0x04, 0x99, 0x00, 0x28,
    0x04, 0xa8, 0x00, 0x24, 0x04, 0x9a, 0x00, 0x72, 0x04, 0xbe, 0x00, 0x5e, 0x03, 0xe3, 0x00, 0x30,
    0x05, 0x0d, 0x00, 0x62, 0x04, 0xc2, 0x00, 0x6a, 0x04, 0xb0, 0x00, 0x3e, 0x04, 0xb0, 0x00, 0xee,
    0x04, 0xb0, 0x00, 0x6c, 0x04, 0xb0, 0x00, 0x46, 0x04, 0xb0, 0x00, 0x36, 0x04, 0xb0, 0x00, 0x70,
    0x04, 0xb0, 0x00, 0x4e, 0x04, 0xb0, 0x00, 0x8c, 0x04, 0xb0, 0x00, 0x32, 0x04, 0xb0, 0x00, 0x5a,
    0x03, 0x44, 0x00, 0x5e, 0x02, 0x19, 0x00, 0x54, 0x03, 0x32, 0x00, 0x78, 0x03, 0x39, 0x00, 0x5a,
    0x02, 0xea, 0x00, 0x2c, 0x03, 0x0a, 0x00, 0x72, 0x03, 0x28, 0x00, 0x5e, 0x02, 0x79, 0x00, 0x30,
    0x03, 0x58, 0x00, 0x62, 0x03, 0x2e, 0x00, 0x6a, 0x03, 0x44, 0x00, 0x5e, 0x02, 0x19, 0x00, 0x54,
    0x03, 0x32, 0x00, 0x78, 0x03, 0x39, 0x00, 0x5a, 0x02, 0xea, 0x00, 0x2c, 0x03, 0x0a, 0x00, 0x72,
    0x03, 0x28, 0x00, 0x5e, 0x02, 0x79, 0x00, 0x30, 0x03, 0x58, 0x00, 0x62, 0x03, 0x2e, 0x00, 0x6a,
    0x02, 0x39, 0xfe, 0xe3, 0x07, 0xb4, 0x00, 0x54, 0x07, 0x8a, 0x00, 0x54, 0x08, 0x7d, 0x00, 0x5a,
    0x07, 0xd4, 0x00, 0x54, 0x08, 0xc8, 0x00, 0x5a, 0x08, 0x88, 0x00, 0x72, 0x07, 0xf1, 0x00, 0x30,
    0x03, 0x5d, 0x00, 0x5e, 0x02, 0x19, 0x00, 0x54, 0x03, 0x33, 0x00, 0x78, 0x03, 0x39, 0x00, 0x5a,
    0x02, 0xea, 0x00, 0x2c, 0x03, 0x0b, 0x00, 0x72, 0x03, 0x28, 0x00, 0x5e, 0x02, 0x79, 0x00, 0x30,
    0x03, 0x59, 0x00, 0x62, 0x03, 0x2e, 0x00, 0x6a, 0x03, 0x5d, 0x00, 0x5e, 0x02, 0x19, 0x00, 0x54,
    0x03, 0x33, 0x00, 0x78, 0x03, 0x3a, 0x00, 0x5a, 0x02, 0xea, 0x00, 0x2c, 0x03, 0x0b, 0x00, 0x72,
    0x03, 0x27, 0x00, 0x5e, 0x02, 0x79, 0x00, 0x30, 0x03, 0x59, 0x00, 0x62, 0x03, 0x2e, 0x00, 0x6a,
    0x05, 0x26, 0x00, 0x30, 0x02, 0x4a, 0x00, 0x88, 0x04, 0x0a, 0x00, 0x30, 0x01, 0xae, 0x00, 0x30,
    0x02, 0x89, 0x00, 0x30, 0x01, 0x6b, 0x00, 0x10, 0x04, 0xb0, 0x01, 0xa6, 0x04, 0xb0, 0x01, 0x7e,
    0x04, 0xb0, 0x01, 0xb2, 0x04, 0xb0, 0x01, 0x8e, 0x04, 0xb0, 0x01, 0xb2, 0x04, 0xb0, 0x00, 0x8a,
    0x04, 0xb0, 0x01, 0x1e, 0x04, 0xb0, 0x00, 0x4c, 0x04, 0xb0, 0x00, 0xe0, 0x04, 0xb0, 0x00, 0xde,
    0x01, 0xb1, 0x00, 0x29, 0x04, 0xb0, 0x01, 0x3e, 0x04, 0xb0, 0x00, 0x1b, 0x04, 0xb0, 0x01, 0x32,
    0x04, 0xb0, 0x01, 0x32, 0x04, 0xb0, 0x01, 0x1e, 0x04, 0xb0, 0x01, 0x1c, 0x04, 0xb0, 0x01, 0x62,
    0x04, 0xb0, 0x01, 0x62, 0x02, 0x2e, 0x00, 0x48, 0x04, 0x08, 0x00, 0x48, 0x03, 0xd6, 0x00, 0x48,
    0x03, 0xca, 0x00, 0x48, 0x04, 0xdd, 0x00, 0x5e, 0x04, 0xdd, 0x00, 0x5e, 0x02, 0xf9, 0x00, 0x5e,
    0x02, 0xf9, 0x00, 0x5e, 0x04, 0xb0, 0x01, 0x1a, 0x02, 0xd6, 0xff, 0x68, 0x04, 0xb0, 0x00, 0x48,
    0x04, 0xb0, 0x00, 0x86, 0x05, 0x8d, 0x00, 0x30, 0x05, 0x8d, 0x00, 0x30, 0x05, 0x7f, 0x00, 0x06,
    0x03, 0x09, 0x00, 0x58, 0x02, 0x61, 0x00, 0xba, 0x04, 0x17, 0x00, 0x5b, 0x04, 0x17, 0x00, 0x5b,
    0x04, 0x21, 0x00, 0x5e, 0x04, 0xb0, 0x00, 0x7a, 0x04, 0xf3, 0x00, 0x28, 0x04, 0xb8, 0x00, 0xa6,
    0x04, 0x95, 0x00, 0x0e, 0x04, 0xb0, 0x00, 0xa6, 0x04, 0xb0, 0x00, 0x7a, 0x04, 0xb0, 0x00, 0x40,
    0x04, 0xb0, 0x00, 0x24, 0x04, 0xb0, 0x00, 0x89, 0x04, 0xb0, 0x00, 0x38, 0x04, 0xb0, 0x00, 0x2a,
    0x02, 0x39, 0xfe, 0xe3, 0x04, 0x32, 0x00, 0x6e, 0x04, 0x32, 0x00, 0x95, 0x04, 0x32, 0x00, 0x9f,
    0x04, 0x32, 0x00, 0xae, 0x04, 0x32, 0x00, 0xb1, 0x04, 0x32, 0x00, 0xa7, 0x04, 0x32, 0x00, 0x65,
    0x04, 0x32, 0x00, 0xb6, 0x05, 0x48, 0x00, 0x2c, 0x04, 0xb0, 0x00, 0x66, 0x03, 0xcc, 0x00, 0x2c,
    0x05, 0x20, 0x00, 0xba, 0x04, 0x68, 0x00, 0x5e, 0x04, 0xce, 0x00, 0x0a, 0x04, 0xe6, 0x00, 0xa6,
    0x04, 0x64, 0x00, 0x66, 0x08, 0x4e, 0x00, 0x5e, 0x04, 0xb0, 0x00, 0x5e, 0x04, 0xb0, 0x00, 0x56,
    0x04, 0xb0, 0x00, 0xa6, 0x04, 0xb0, 0x00, 0xe5, 0x04, 0xb0, 0x00, 0xfc, 0x04, 0xb0, 0x00, 0xfd,
    0x04, 0xb0, 0x00, 0xbc, 0x04, 0xb0, 0x00, 0xba, 0x04, 0xb0, 0x01, 0x0c, 0x04, 0xb0, 0x01, 0x0f,
    0x04, 0xb0, 0x01, 0x05, 0x04, 0xb0, 0x00, 0x83, 0x04, 0xb0, 0x00, 0x8e, 0x04, 0xb0, 0x00, 0x6c,
    0x04, 0xb0, 0x00, 0x14, 0x04, 0x93, 0x00, 0x5e, 0x00, 0x00, 0x00, 0x5e, 0x00, 0x00, 0x00, 0x5e,
    0x00, 0x00, 0x00, 0x5e, 0x00, 0x00, 0x00, 0x5e, 0x00, 0x00, 0x00, 0x5e, 0x00, 0x00, 0x00, 0xa6,
    0x00, 0x00, 0x00, 0x5e, 0x00, 0x00, 0x00, 0x5e, 0x00, 0x00, 0x00, 0x5e, 0x00, 0x00, 0x00, 0x5e,
    0x00, 0x00, 0x00, 0x2e, 0x00, 0x00, 0x01, 0x04, 0x00, 0x00, 0x00, 0x5c, 0x00, 0x00, 0x00, 0x5e,
    0x00, 0x00, 0x00, 0x5e, 0x00, 0x00, 0x00, 0x5e, 0x01, 0xfa, 0x00, 0x5e, 0x02, 0x95, 0x00, 0x5e,
    0x03, 0x85, 0x00, 0x5e, 0x03, 0x34, 0x00, 0x5e, 0x02, 0x98, 0x00, 0x5e, 0x03, 0x70, 0x00, 0x5f,
    0x02, 0x74, 0x00, 0x5e, 0x02, 0xbc, 0x00, 0x5e, 0x00, 0x00, 0x00, 0x02, 0x00, 0x00, 0x00, 0x03,
    0x00, 0x00, 0x00, 0x14, 0x00, 0x03, 0x00, 0x01, 0x00, 0x00, 0x00, 0x14, 0x00, 0x04, 0x04, 0x66,
    0x00, 0x00, 0x00, 0x8c, 0x00, 0x80, 0x00, 0x06, 0x00, 0x0c, 0x00, 0x0d, 0x00, 0x2f, 0x00, 0x39,
    0x00, 0x40, 0x00, 0x5a, 0x00, 0x60, 0x00, 0x7a, 0x00, 0x7e, 0x00, 0xac, 0x01, 0x07, 0x01, 0x13,
    0x01, 0x1b, 0x01, 0x23, 0x01, 0x27, 0x01, 0x2b, 0x01, 0x33, 0x01, 0x37, 0x01, 0x3e, 0x01, 0x48,
    0x01, 0x4d, 0x01, 0x5b, 0x01, 0x67, 0x01, 0x7e, 0x01, 0x92, 0x02, 0x1b, 0x02, 0x37, 0x02, 0xbc,
    0x02, 0xc7, 0x02, 0xdd, 0x03, 0x04, 0x03, 0x08, 0x03, 0x0c, 0x03, 0x12, 0x03, 0x28, 0x03, 0x94,
    0x03, 0xa9, 0x03, 0xbc, 0x03, 0xc0, 0x1e, 0x85, 0x1e, 0x9e, 0x1e, 0xf3, 0x20, 0x14, 0x20, 0x1a,
    0x20, 0x1e, 0x20, 0x22, 0x20, 0x26, 0x20, 0x30, 0x20, 0x3a, 0x20, 0x44, 0x20, 0x70, 0x20, 0x79,
    0x20, 0x89, 0x20, 0xa8, 0x20, 0xac, 0x21, 0x22, 0x21, 0x5e, 0x22, 0x02, 0x22, 0x05, 0x22, 0x0f,
    0x22, 0x12, 0x22, 0x15, 0x22, 0x1a, 0x22, 0x1e, 0x22, 0x2b, 0x22, 0x48, 0x22, 0x60, 0x22, 0x65,
    0x25, 0xca, 0xfb, 0x02, 0xff, 0xff, 0x00, 0x00, 0x00, 0x0d, 0x00, 0x20, 0x00, 0x30, 0x00, 0x3a,
    0x00, 0x41, 0x00, 0x5b, 0x00, 0x61, 0x00, 0x7b, 0x00, 0xa0, 0x00, 0xae, 0x01, 0x0a, 0x01, 0x16,
    0x01, 0x1e, 0x01, 0x26, 0x01, 0x2a, 0x01, 0x2e, 0x01, 0x36, 0x01, 0x39, 0x01, 0x41, 0x01, 0x4a,
    0x01, 0x50, 0x01, 0x5e, 0x01, 0x6a, 0x01, 0x92, 0x02, 0x18, 0x02, 0x37, 0x02, 0xbc, 0x02, 0xc6,
    0x02, 0xd8, 0x03, 0x00, 0x03, 0x06, 0x03, 0x0a, 0x03, 0x12, 0x03, 0x26, 0x03, 0x94, 0x03, 0xa9,
    0x03, 0xbc, 0x03, 0xc0, 0x1e, 0x80, 0x1e, 0x9e, 0x1e, 0xf2, 0x20, 0x13, 0x20, 0x18, 0x20, 0x1c,
    0x20, 0x20, 0x20, 0x26, 0x20, 0x30, 0x20, 0x39, 0x20, 0x44, 0x20, 0x70, 0x20, 0x74, 0x20, 0x80,
    0x20, 0xa8, 0x20, 0xac, 0x21, 0x22, 0x21, 0x5b, 0x22, 0x02, 0x22, 0x05, 0x22, 0x0f, 0x22, 0x11,
    0x22, 0x15, 0x22, 0x1a, 0x22, 0x1e, 0x22, 0x2b, 0x22, 0x48, 0x22, 0x60, 0x22, 0x64, 0x25, 0xca,
    0xfb, 0x01, 0xff, 0xff, 0xff, 0xf5, 0x00, 0x00, 0x00, 0x1a, 0x00, 0x00, 0xff, 0xe6, 0x00, 0x00,
    0xff, 0xac, 0x00, 0x00, 0x00, 0x00, 0x00, 0x00, 0x00, 0x00, 0x00, 0x00, 0x00, 0x00, 0x00, 0x00,
    0x00, 0x00, 0x00, 0x00, 0x00, 0x00, 0x00, 0x00, 0x00, 0x00, 0x00, 0x00, 0x00, 0x00, 0x00, 0x00,
    0x00, 0x00, 0xff, 0xfe, 0x00, 0x00, 0xfe, 0xc0, 0xfd, 0x86, 0x00, 0x00, 0x00, 0x00, 0x00, 0x00,
    0x00, 0x00, 0x00, 0x00, 0xfe, 0xc2, 0xfe, 0xaf, 0xfd, 0x92, 0xfd, 0x7e, 0xfd, 0x6c, 0xfd, 0x69,
    0x00, 0x00, 0xe2, 0x2b, 0x00, 0x00, 0xdf, 0xf7, 0x00, 0x00, 0x00, 0x00, 0x00, 0x00, 0xe1, 0x48,
    0xe1, 0x87, 0xe1, 0x54, 0xe1, 0x0e, 0xe0, 0xf4, 0xe0, 0xf4, 0xe0, 0xda, 0xe0, 0xf5, 0xe0, 0xf0,
    0xe0, 0x73, 0xdf, 0xfb, 0xdf, 0xb4, 0xdf, 0xab, 0xdf, 0xa3, 0x00, 0x00, 0xdf, 0x91, 0xdf, 0x9a,
    0xdf, 0x91, 0xdf, 0x86, 0xdf, 0x65, 0xdf, 0x49, 0x00, 0x00, 0xdb, 0xfd, 0x06, 0x21, 0x00, 0x01,
    0x00, 0x00, 0x00, 0x8a, 0x00, 0x00, 0x00, 0xa6, 0x00, 0x00, 0x00, 0xb0, 0x00, 0x00, 0x00, 0xb8,
    0x00, 0xbe, 0x00, 0xd6, 0x01, 0x88, 0x01, 0x9a, 0x01, 0xa4, 0x01, 0xae, 0x01, 0xb0, 0x01, 0xb2,
    0x01, 0xbc, 0x01, 0xbe, 0x01, 0xc8, 0x01, 0xd6, 0x01, 0xdc, 0x01, 0xf2, 0x02, 0x04, 0x00, 0x00,
    0x02, 0x2a, 0x00, 0x00, 0x00, 0x00, 0x02, 0x2c, 0x02, 0x2e, 0x02, 0x38, 0x02, 0x40, 0x02, 0x44,
    0x00, 0x00, 0x00, 0x00, 0x00, 0x00, 0x00, 0x00, 0x00, 0x00, 0x00, 0x00, 0x02, 0x3c, 0x00, 0x00,
    0x02, 0x44, 0x00, 0x00, 0x02, 0x44, 0x02, 0x48, 0x02, 0x4c, 0x00, 0x00, 0x00, 0x00, 0x00, 0x00,
    0x00, 0x00, 0x00, 0x00, 0x00, 0x00, 0x00, 0x00, 0x00, 0x00, 0x00, 0x00, 0x00, 0x00, 0x00, 0x00,
    0x00, 0x00, 0x00, 0x00, 0x00, 0x00, 0x02, 0x34, 0x00, 0x00, 0x00, 0x00, 0x00, 0x00, 0x00, 0x00,
    0x00, 0x00, 0x00, 0x00, 0x02, 0x2a, 0x00, 0x00, 0x00, 0x00, 0x00, 0x00, 0x00, 0x04, 0x00, 0x0c,
    0x00, 0x88, 0x00, 0x89, 0x00, 0x54, 0x00, 0x8c, 0x00, 0x76, 0x00, 0x41, 0x00, 0x45, 0x00, 0x46,
    0x00, 0x8a, 0x00, 0x47, 0x00, 0x05, 0x00, 0x09, 0x00, 0x06, 0x00, 0x8b, 0x00, 0x08, 0x00, 0x07,
    0x00, 0x86, 0x00, 0x49, 0x00, 0x87, 0x00, 0x55, 0x00, 0x77, 0x00, 0x8f, 0x00, 0x8d, 0x00, 0x90,
    0x00, 0x91, 0x00, 0x92, 0x00, 0x57, 0x00, 0x93, 0x00, 0x8e, 0x00, 0x94, 0x00, 0x95, 0x00, 0x03,
    0x01, 0x6f, 0x01, 0x9a, 0x00, 0x56, 0x01, 0x9b, 0x01, 0x9e, 0x01, 0x97, 0x01, 0x92, 0x00, 0x78,
    0x01, 0x93, 0x01, 0x24, 0x01, 0x8b, 0x01, 0xae, 0x01, 0x94, 0x01, 0xdd, 0x01, 0x96, 0x01, 0xac,
    0x01, 0x66, 0x01, 0x67, 0x00, 0x58, 0x01, 0xb5, 0x01, 0x91, 0x01, 0x71, 0x01, 0xde, 0x01, 0x65,
    0x01, 0x25, 0x01, 0x8c, 0x01, 0x54, 0x01, 0x53, 0x01, 0x55, 0x01, 0x70, 0x00, 0x5c, 0x00, 0x63,
    0x00, 0x70, 0x00, 0x99, 0x00, 0x7d, 0x00, 0x9f, 0x00, 0xa0, 0x00, 0xa3, 0x00, 0x5d, 0x00, 0x64,
    0x00, 0x71, 0x00, 0x7e, 0x00, 0x65, 0x00, 0x66, 0x00, 0x72, 0x00, 0x7f, 0x00, 0xa7, 0x00, 0x9a,
    0x00, 0x67, 0x00, 0x68, 0x00, 0x73, 0x00, 0x9b, 0x00, 0x80, 0x01, 0xa7, 0x00, 0xbf, 0x00, 0x69,
    0x00, 0x6a, 0x00, 0x74, 0x00, 0x81, 0x00, 0xd7, 0x00, 0xc1, 0x01, 0x0d, 0x00, 0x59, 0x00, 0x5f,
    0x00, 0x6c, 0x00, 0x96, 0x00, 0x79, 0x00, 0xe1, 0x00, 0xe2, 0x00, 0xe5, 0x00, 0x5a, 0x00, 0x60,
    0x00, 0x6d, 0x00, 0x7a, 0x00, 0x82, 0x00, 0x83, 0x00, 0x84, 0x00, 0x85, 0x00, 0xe9, 0x00, 0x97,
    0x00, 0x5b, 0x00, 0x61, 0x00, 0x6e, 0x00, 0x98, 0x00, 0x7b, 0x01, 0xa8, 0x01, 0x03, 0x00, 0x5e,
    0x00, 0x62, 0x00, 0x6f, 0x00, 0x7c, 0x01, 0x1b, 0x01, 0x05, 0x01, 0x1d, 0x00, 0x9d, 0x00, 0xdf,
    0x00, 0x9c, 0x00, 0xde, 0x00, 0x9e, 0x00, 0xe0, 0x00, 0xa1, 0x00, 0xe3, 0x00, 0xa4, 0x00, 0xe6,
    0x00, 0xa2, 0x00, 0xe4, 0x00, 0xa5, 0x00, 0xe7, 0x00, 0xa6, 0x00, 0xe8, 0x00, 0xaa, 0x00, 0xec,
    0x00, 0xa9, 0x00, 0xeb, 0x00, 0xab, 0x00, 0xed, 0x00, 0xa8, 0x00, 0xea, 0x00, 0xac, 0x00, 0xee,
    0x00, 0xae, 0x00, 0xf0, 0x00, 0xad, 0x00, 0xef, 0x00, 0xaf, 0x00, 0xf1, 0x00, 0xb2, 0x00, 0xf4,
    0x00, 0xb3, 0x00, 0xf5, 0x00, 0xb1, 0x00, 0xf2, 0x00, 0xb0, 0x00, 0xf6, 0x00, 0xb4, 0x00, 0xf8,
    0x00, 0xb5, 0x00, 0xf9, 0x00, 0xb7, 0x00, 0xfb, 0x00, 0xb6, 0x00, 0xfa, 0x00, 0xb8, 0x00, 0xfc,
    0x00, 0xb9, 0x00, 0xfd, 0x00, 0xbb, 0x00, 0xff, 0x00, 0xba, 0x00, 0xfe, 0x00, 0xbc, 0x01, 0x00,
    0x00, 0xbe, 0x01, 0x02, 0x00, 0xbd, 0x01, 0x01, 0x00, 0xc0, 0x01, 0x04, 0x00, 0xc2, 0x01, 0x06,
    0x00, 0xc4, 0x01, 0x08, 0x00, 0xc3, 0x01, 0x07, 0x00, 0xc5, 0x01, 0x09, 0x00, 0xc7, 0x01, 0x0b,
    0x00, 0xc6, 0x01, 0x0a, 0x00, 0xcc, 0x01, 0x10, 0x00, 0xcb, 0x01, 0x0f, 0x00, 0xca, 0x01, 0x0e,
    0x00, 0xd0, 0x01, 0x14, 0x00, 0xce, 0x01, 0x12, 0x00, 0xd2, 0x01, 0x16, 0x00, 0xcf, 0x01, 0x13,
    0x00, 0xd1, 0x01, 0x15, 0x00, 0xd4, 0x01, 0x18, 0x00, 0xd8, 0x01, 0x1c, 0x00, 0xd9, 0x00, 0xdb,
    0x01, 0x1f, 0x00, 0xdd, 0x01, 0x21, 0x00, 0xdc, 0x01, 0x20, 0x00, 0xc8, 0x01, 0x0c, 0x00, 0xcd,
    0x01, 0x11, 0x00, 0x6b, 0x01, 0xda, 0x01, 0xdb, 0x01, 0xd8, 0x01, 0xdc, 0x01, 0xdf, 0x00, 0x75,
    0x01, 0xd9, 0x01, 0xca, 0x01, 0xcb, 0x01, 0xce, 0x01, 0xd2, 0x01, 0xd3, 0x01, 0xd0, 0x01, 0xc9,
    0x01, 0xc8, 0x01, 0xd1, 0x01, 0xcc, 0x01, 0xcf, 0x00, 0xd6, 0x01, 0x1a, 0x00, 0xd3, 0x01, 0x17,
    0x00, 0xd5, 0x01, 0x19, 0x00, 0xda, 0x01, 0x1e, 0x00, 0x43, 0x00, 0x44, 0x01, 0x87, 0x01, 0x89,
    0x01, 0x8a, 0x01, 0x88, 0x01, 0x98, 0x01, 0x99, 0x01, 0x72, 0x01, 0xb3, 0x00, 0x48, 0x01, 0xab,
    0x01, 0xaa, 0x00, 0x00, 0xb8, 0x01, 0xff, 0x85, 0xb0, 0x04, 0x8d, 0x00, 0x00, 0x00, 0x00, 0x3f,
    0x00, 0x3f, 0x00, 0x3f, 0x00, 0x3f, 0x00, 0x3f, 0x00, 0x5c, 0x00, 0x72, 0x00, 0x7e, 0x00, 0x8a,
    0x00, 0x97, 0x00, 0xa4, 0x00, 0xb1, 0x00, 0xd0, 0x01, 0x18, 0x01, 0x53, 0x01, 0x85, 0x01, 0xbf,
    0x01, 0xf9, 0x02, 0x1f, 0x02, 0x94, 0x02, 0xba, 0x02, 0xd8, 0x03, 0x06, 0x03, 0x25, 0x03, 0x31,
    0x03, 0x6d, 0x03, 0x94, 0x03, 0xc3, 0x03, 0xfe, 0x04, 0x43, 0x04, 0x66, 0x04, 0xa4, 0x04, 0xc8,
    0x04, 0xef, 0x05, 0x04, 0x05, 0x24, 0x05, 0x43, 0x05, 0x6b, 0x05, 0x81, 0x05, 0x9d, 0x05, 0xd6,
    0x06, 0x06, 0x06, 0x2e, 0x06, 0x45, 0x06, 0x5a, 0x06, 0x98, 0x06, 0xb0, 0x06, 0xbc, 0x06, 0xd9,
    0x06, 0xf8, 0x07, 0x09, 0x07, 0x2a, 0x07, 0x43, 0x07, 0x73, 0x07, 0x93, 0x07, 0xdc, 0x08, 0x06,
    0x08, 0x48, 0x08, 0x5d, 0x08, 0x7e, 0x08, 0x95, 0x08, 0xb8, 0x08, 0xd9, 0x08, 0xf2, 0x09, 0x0b,
    0x09, 0x18, 0x09, 0x21, 0x09, 0x40, 0x09, 0x5e, 0x09, 0x7c, 0x09, 0x9b, 0x09, 0xb3, 0x09, 0xc0,
    0x09, 0xd4, 0x0a, 0x02, 0x0a, 0x19, 0x0a, 0x50, 0x0a, 0x93, 0x0a, 0xb0, 0x0a, 0xe1, 0x0b, 0x27,
    0x0b, 0x39, 0x0b, 0x9b, 0x0b, 0xe2, 0x0c, 0x33, 0x0c, 0x74, 0x0c, 0xae, 0x0c, 0xb6, 0x0c, 0xbe,
    0x0c, 0xca, 0x0c, 0xd6, 0x0c, 0xe2, 0x0c, 0xee, 0x0c, 0xfa, 0x0d, 0x06, 0x0d, 0x12, 0x0d, 0x1e,
    0x0d, 0x2a, 0x0d, 0x36, 0x0d, 0x42, 0x0d, 0x4e, 0x0d, 0x5a, 0x0d, 0x66, 0x0d, 0x72, 0x0d, 0x7e,
    0x0d, 0x8a, 0x0d, 0x96, 0x0d, 0x9e, 0x0d, 0xaa, 0x0d, 0xb5, 0x0d, 0xc0, 0x0d, 0xcc, 0x0d, 0xd8,
    0x0d, 0xe4, 0x0d, 0xf0, 0x0d, 0xfc, 0x0e, 0x08, 0x0e, 0x10, 0x0e, 0x79, 0x0e, 0xe8, 0x0e, 0xf0,
    0x0e, 0xfc, 0x0f, 0x07, 0x0f, 0x13, 0x0f, 0x1f, 0x0f, 0x2b, 0x0f, 0x37, 0x0f, 0x43, 0x0f, 0x4f,
    0x0f, 0x5b, 0x0f, 0x66, 0x0f, 0x71, 0x0f, 0x7c, 0x0f, 0x87, 0x0f, 0x9d, 0x0f, 0xb3, 0x0f, 0xc9,
    0x10, 0x02, 0x10, 0x20, 0x10, 0x2f, 0x10, 0x89, 0x10, 0x97, 0x10, 0xa4, 0x10, 0xb7, 0x10, 0xca,
    0x10, 0xe1, 0x10, 0xea, 0x11, 0x1d, 0x11, 0x4f, 0x11, 0x7a, 0x11, 0x86, 0x11, 0x92, 0x11, 0x9e,
    0x11, 0xaa, 0x11, 0xb6, 0x11, 0xc2, 0x11, 0xce, 0x11, 0xda, 0x11, 0xe6, 0x11, 0xf2, 0x12, 0x29,
    0x12, 0x35, 0x12, 0x41, 0x12, 0x4d, 0x12, 0x59, 0x12, 0x65, 0x12, 0x6d, 0x12, 0x9c, 0x12, 0xa8,
    0x12, 0xb4, 0x12, 0xc0, 0x12, 0xcc, 0x12, 0xd8, 0x12, 0xe4, 0x12, 0xf0, 0x13, 0x0e, 0x13, 0x1a,
    0x13, 0x26, 0x13, 0x3a, 0x13, 0x45, 0x13, 0x51, 0x13, 0x5d, 0x13, 0x69, 0x13, 0x75, 0x13, 0x8d,
    0x13, 0x99, 0x13, 0xa5, 0x13, 0xb1, 0x13, 0xe3, 0x13, 0xef, 0x13, 0xfb, 0x14, 0x33, 0x14, 0x78,
    0x14, 0xa2, 0x14, 0xae, 0x14, 0xba, 0x14, 0xc6, 0x14, 0xd2, 0x14, 0xde, 0x14, 0xea, 0x14, 0xf6,
    0x15, 0x29, 0x15, 0x45, 0x15, 0x51, 0x15, 0x5d, 0x15, 0x69, 0x15, 0x75, 0x15, 0x81, 0x15, 0x8d,
    0x15, 0x99, 0x15, 0xa5, 0x15, 0xb1, 0x15, 0xbd, 0x15, 0xc9, 0x15, 0xd5, 0x15, 0xe1, 0x15, 0xed,
    0x15, 0xf9, 0x16, 0x05, 0x16, 0x11, 0x16, 0x1d, 0x16, 0x29, 0x16, 0x35, 0x16, 0x40, 0x16, 0x4c,
    0x16, 0x58, 0x16, 0xd4, 0x16, 0xe0, 0x16, 0xeb, 0x16, 0xf7, 0x17, 0x03, 0x17, 0x0f, 0x17, 0x50,
    0x17, 0x9d, 0x17, 0xa8, 0x17, 0xb4, 0x17, 0xbf, 0x18, 0x17, 0x18, 0x23, 0x18, 0xb1, 0x18, 0xbd,
    0x18, 0xea, 0x18, 0xf6, 0x19, 0x01, 0x19, 0x15, 0x19, 0x23, 0x19, 0x2f, 0x19, 0x4c, 0x19, 0x58,
    0x19, 0x64, 0x19, 0x70, 0x19, 0x7b, 0x19, 0x91, 0x19, 0x9d, 0x19, 0xa9, 0x19, 0xb5, 0x19, 0xf4,
    0x1a, 0x00, 0x1a, 0x0b, 0x1a, 0x42, 0x1a, 0xa4, 0x1a, 0xde, 0x1a, 0xea, 0x1a, 0xf5, 0x1b, 0x01,
    0x1b, 0x0d, 0x1b, 0x18, 0x1b, 0x24, 0x1b, 0x30, 0x1b, 0x7b, 0x1b, 0xa5, 0x1b, 0xb1, 0x1b, 0xbd,
    0x1b, 0xc9, 0x1b, 0xd5, 0x1b, 0xe1, 0x1b, 0xec, 0x1b, 0xf8, 0x1c, 0x04, 0x1c, 0x10, 0x1c, 0x1c,
    0x1c, 0x28, 0x1c, 0x34, 0x1c, 0x40, 0x1c, 0x4b, 0x1c, 0x56, 0x1c, 0x62, 0x1c, 0x6e, 0x1c, 0x79,
    0x1c, 0x85, 0x1c, 0x91, 0x1c, 0x9d, 0x1c, 0xa5, 0x1c, 0xad, 0x1c, 0xc7, 0x1d, 0x06, 0x1d, 0x2a,
    0x1d, 0x4e, 0x1d, 0x7c, 0x1d, 0x93, 0x1d, 0xc6, 0x1e, 0x09, 0x1e, 0x26, 0x1e, 0x5b, 0x1e, 0x63,
    0x1e, 0x77, 0x1e, 0xd9, 0x1f, 0x1e, 0x1f, 0x4c, 0x1f, 0x6c, 0x1f, 0xa3, 0x1f, 0xe6, 0x20, 0x0c,
    0x20, 0x3e, 0x20, 0x84, 0x20, 0x98, 0x20, 0xfa, 0x21, 0x41, 0x21, 0x67, 0x21, 0x7e, 0x21, 0xb0,
    0x21, 0xeb, 0x22, 0x06, 0x22, 0x36, 0x22, 0x73, 0x22, 0x85, 0x22, 0xd7, 0x23, 0x14, 0x23, 0x1d,
    0x23, 0x26, 0x23, 0x2f, 0x23, 0x38, 0x23, 0x41, 0x23, 0x4a, 0x23, 0x53, 0x23, 0x5c, 0x23, 0x65,
    0x23, 0x6e, 0x23, 0x7d, 0x23, 0x8e, 0x23, 0x9f, 0x23, 0xb0, 0x23, 0xc1, 0x23, 0xd2, 0x23, 0xe3,
    0x23, 0xf4, 0x24, 0x1a, 0x24, 0x31, 0x24, 0x63, 0x24, 0x9e, 0x24, 0xb9, 0x24, 0xe9, 0x25, 0x26,
    0x25, 0x38, 0x25, 0x8a, 0x25, 0xc7, 0x25, 0xf3, 0x26, 0x09, 0x26, 0x3f, 0x26, 0x82, 0x26, 0x9d,
    0x26, 0xcd, 0x27, 0x12, 0x27, 0x25, 0x27, 0x86, 0x27, 0xcd, 0x27, 0xdd, 0x27, 0xfb, 0x28, 0x3c,
    0x28, 0x45, 0x28, 0x5b, 0x28, 0x64, 0x28, 0x7a, 0x28, 0x99, 0x28, 0xa6, 0x28, 0xb3, 0x28, 0xd2,
    0x29, 0x13, 0x29, 0x31, 0x29, 0x64, 0x29, 0x73, 0x29, 0x81, 0x29, 0x8a, 0x29, 0x93, 0x29, 0x9f,
    0x29, 0xa8, 0x29, 0xb1, 0x29, 0xba, 0x29, 0xed, 0x29, 0xf6, 0x2a, 0x09, 0x2a, 0x11, 0x2a, 0x1d,
    0x2a, 0x29, 0x2a, 0x35, 0x2a, 0x41, 0x2a, 0x65, 0x2a, 0x7b, 0x2a, 0x8f, 0x2a, 0x98, 0x2a, 0xd4,
    0x2a, 0xf7, 0x2b, 0x5b, 0x2b, 0xbc, 0x2c, 0x18, 0x2c, 0x44, 0x2c, 0x70, 0x2c, 0x84, 0x2c, 0x9e,
    0x2c, 0xc4, 0x2d, 0x03, 0x2d, 0x54, 0x2d, 0x92, 0x2d, 0xca, 0x2d, 0xf1, 0x2d, 0xf9, 0x2e, 0x4a,
    0x2e, 0x9a, 0x2e, 0xd9, 0x2e, 0xe1, 0x2f, 0x1b, 0x2f, 0x42, 0x2f, 0x4a, 0x2f, 0x6b, 0x2f, 0x98,
    0x2f, 0xb5, 0x2f, 0xd0, 0x2f, 0xec, 0x30, 0x0c, 0x30, 0x5d, 0x30, 0x6e, 0x30, 0xca, 0x31, 0x04,
    0x31, 0x38, 0x31, 0x4e, 0x31, 0x70, 0x31, 0x8b, 0x31, 0x93, 0x31, 0xd7, 0x32, 0x57, 0x32, 0x6f,
    0x32, 0x7c, 0x32, 0x84, 0x32, 0x8c, 0x32, 0xa0, 0x32, 0xa8, 0x32, 0xbe, 0x32, 0xd4, 0x32, 0xdc,
    0x32, 0xe4, 0x32, 0xec, 0x32, 0xf4, 0x33, 0x1f, 0x33, 0x36, 0x33, 0x90, 0x33, 0xb1, 0x33, 0xd7,
    0x33, 0xed, 0x33, 0xfd, 0x34, 0x0c, 0x34, 0x23, 0x34, 0x40, 0x34, 0x54, 0x34, 0x69, 0x34, 0x82,
    0x34, 0xae, 0x34, 0xda, 0x34, 0xe8, 0x35, 0x07, 0x35, 0x26, 0x35, 0x4e, 0x35, 0x70, 0x35, 0x78,
    0x35, 0x80, 0x35, 0x88, 0x35, 0x90, 0x35, 0x98, 0x35, 0xa1, 0x35, 0xa9, 0x35, 0xb1, 0x00, 0x00,
    0x00, 0x04, 0x00, 0x00, 0xff, 0xfb, 0x04, 0x07, 0x06, 0x77, 0x00, 0x03, 0x00, 0x07, 0x00, 0x12,
    0x00, 0x1d, 0x00, 0x00, 0x53, 0x21, 0x11, 0x21, 0x03, 0x11, 0x21, 0x11, 0x03, 0x26, 0x0a, 0x03,
    0x27, 0x16, 0x00, 0x12, 0x12, 0x05, 0x36, 0x12, 0x12, 0x00, 0x37, 0x06, 0x0a, 0x03, 0x0a, 0x03,
    0xf3, 0xfc, 0x0d, 0x0a, 0x04, 0x07, 0x0a, 0x5b, 0xb1, 0xb8, 0xc8, 0xe3, 0x84, 0x8b, 0x01, 0x04,
    0xf9, 0xf3, 0xfc, 0x85, 0x78, 0xf3, 0xf9, 0x01, 0x04, 0x8b, 0x84, 0xe3, 0xc8, 0xb8, 0xb1, 0x06,
    0x6d, 0xf9, 0x98, 0x06, 0x72, 0xf9, 0x84, 0x06, 0x7c, 0xf9, 0x8e, 0x79, 0x01, 0x29, 0x01, 0x4e,
    0x01, 0x63, 0x01, 0x68, 0xad, 0xe4, 0xfe, 0x37, 0xfe, 0x52, 0xfe, 0x87, 0x94, 0x94, 0x01, 0x79,
    0x01, 0xae, 0x01, 0xc9, 0xe4, 0xad, 0xfe, 0x98, 0xfe, 0x9d, 0xfe, 0xb2, 0xfe, 0xd7, 0x00, 0x01,
    0x00, 0x30, 0xfe, 0xf0, 0x01, 0xc2, 0x01, 0x0e, 0x00, 0x0f, 0x00, 0x00, 0x53, 0x27, 0x36, 0x36,
    0x37, 0x26, 0x26, 0x35, 0x34, 0x36, 0x33, 0x32, 0x16, 0x15, 0x14, 0x06, 0xde, 0xae, 0x42, 0x66,
    0x10, 0x37, 0x4f, 0x5c, 0x46, 0x59, 0x65, 0x7a, 0xfe, 0xf0, 0x58, 0x21, 0x56, 0x37, 0x0b, 0x46,
    0x39, 0x3c, 0x52, 0x7c, 0x55, 0x61, 0xb7, 0x00, 0x00, 0x01, 0x00, 0x30, 0xff, 0xee, 0x01, 0x7c,
    0x01, 0x2a, 0x00, 0x0b, 0x00, 0x00, 0x77, 0x34, 0x36, 0x33, 0x32, 0x16, 0x15, 0x14, 0x06, 0x23,
    0x22, 0x26, 0x30, 0x5c, 0x48, 0x48, 0x60, 0x60, 0x48, 0x48, 0x5c, 0x8a, 0x44, 0x5c, 0x5c, 0x44,
    0x43, 0x59, 0x5a, 0x00, 0xff, 0xff, 0x00, 0x6c, 0xfe, 0xf0, 0x01, 0xfe, 0x03, 0xa0, 0x04, 0x26,
    0x00, 0x05, 0x3c, 0x00, 0x00, 0x07, 0x00, 0x06, 0x00, 0x7a, 0x02, 0x76, 0xff, 0xff, 0x00, 0x66,
    0x00, 0x10, 0x01, 0xb2, 0x03, 0xa0, 0x04, 0x26, 0x00, 0x06, 0x36, 0x22, 0x00, 0x07, 0x00, 0x06,
    0x00, 0x36, 0x02, 0x76, 0x00, 0x01, 0x00, 0x5c, 0x01, 0xf4, 0x02, 0x8e, 0x02, 0xc2, 0x00, 0x03,
    0x00, 0x00, 0x53, 0x35, 0x21, 0x15, 0x5c, 0x02, 0x32, 0x01, 0xf4, 0xce, 0xce, 0x00, 0x00, 0x01,
    0x00, 0x6e, 0x01, 0xf4, 0x03, 0xac, 0x02, 0xc2, 0x00, 0x03, 0x00, 0x00, 0x53, 0x35, 0x21, 0x15,
    0x6e, 0x03, 0x3e, 0x01, 0xf4, 0xce, 0xce, 0x00, 0x00, 0x01, 0x00, 0x6e, 0x01, 0xf4, 0x05, 0x94,
    0x02, 0xc2, 0x00, 0x03, 0x00, 0x00, 0x53, 0x35, 0x21, 0x15, 0x6e, 0x05, 0x26, 0x01, 0xf4, 0xce,
    0xce, 0x00, 0x00, 0x02, 0x00, 0x88, 0xff, 0xee, 0x01, 0xd4, 0x05, 0x2e, 0x00, 0x03, 0x00, 0x0f,
    0x00, 0x00, 0x53, 0x03, 0x21, 0x03, 0x03, 0x22, 0x26, 0x35, 0x34, 0x36, 0x33, 0x32, 0x16, 0x15,
    0x14, 0x06, 0xc6, 0x1a, 0x01, 0x00, 0x1c, 0x63, 0x49, 0x5c, 0x5c, 0x49, 0x47, 0x60, 0x60, 0x01,
    0xb6, 0x03, 0x78, 0xfc, 0x88, 0xfe, 0x38, 0x59, 0x45, 0x42, 0x5c, 0x5c, 0x42, 0x45, 0x59, 0x00,
    0x00, 0x02, 0x00, 0x6e, 0xff, 0xe4, 0x03, 0xf2, 0x03, 0xe6, 0x00, 0x13, 0x00, 0x31, 0x00, 0x00,
    0x61, 0x27, 0x11, 0x34, 0x26, 0x23, 0x22, 0x06, 0x06, 0x15, 0x21, 0x34, 0x36, 0x36, 0x33, 0x32,
    0x16, 0x16, 0x15, 0x11, 0x05, 0x22, 0x26, 0x26, 0x35, 0x34, 0x36, 0x36, 0x33, 0x32, 0x16, 0x17,
    0x15, 0x26, 0x26, 0x23, 0x22, 0x06, 0x15, 0x14, 0x16, 0x33, 0x32, 0x36, 0x36, 0x35, 0x33, 0x14,
    0x06, 0x06, 0x03, 0x24, 0x1e, 0x53, 0x63, 0x39, 0x54, 0x2d, 0xfe, 0xfe, 0x6a, 0xc7, 0x8b, 0x7e,
    0xbc, 0x68, 0xfd, 0xf4, 0x7d, 0xa7, 0x54, 0x61, 0xb2, 0x79, 0x4f, 0x8d, 0x46, 0x37, 0x82, 0x39,
    0x54, 0x6c, 0x58, 0x60, 0x49, 0x66, 0x35, 0x38, 0x4e, 0x99, 0xec, 0x01, 0x86, 0x66, 0x62, 0x22,
    0x3f, 0x2d, 0x6e, 0x8b, 0x41, 0x51, 0xa8, 0x83, 0xfd, 0x96, 0x1c, 0x57, 0x8e, 0x53, 0x5c, 0x7d,
    0x3f, 0x18, 0x14, 0x8a, 0x12, 0x14, 0x3e, 0x4a, 0x36, 0x4e, 0x40, 0x60, 0x30, 0x69, 0xb1, 0x6a,
    0x00, 0x02, 0x00, 0xba, 0xff, 0xe4, 0x04, 0x66, 0x05, 0x5c, 0x00, 0x21, 0x00, 0x26, 0x00, 0x00,
    0x45, 0x22, 0x26, 0x26, 0x35, 0x33, 0x14, 0x16, 0x16, 0x33, 0x32, 0x36, 0x36, 0x35, 0x34, 0x26,
    0x26, 0x23, 0x22, 0x06, 0x06, 0x15, 0x23, 0x34, 0x36, 0x36, 0x33, 0x32, 0x16, 0x16, 0x15, 0x14,
    0x06, 0x06, 0x25, 0x11, 0x33, 0x11, 0x07, 0x02, 0xaa, 0x5b, 0x97, 0x5a, 0x48, 0x42, 0x68, 0x38,
    0x45, 0x6c, 0x3f, 0x3e, 0x6d, 0x47, 0x3b, 0x66, 0x3f, 0x48, 0x55, 0x9d, 0x6c, 0x76, 0xc1, 0x73,
    0x77, 0xca, 0xfd, 0x95, 0xec, 0x52, 0x1c, 0x66, 0xcb, 0x99, 0x49, 0x6e, 0x3d, 0x4c, 0x88, 0x5c,
    0x59, 0x85, 0x4a, 0x39, 0x6b, 0x4c, 0x93, 0xca, 0x67, 0x7d, 0xe5, 0x9a, 0x9c, 0xe9, 0x81, 0x1c,
    0x05, 0x5c, 0xfb, 0x94, 0xf0, 0x00, 0x00, 0x01, 0x00, 0x5e, 0xff, 0xe4, 0x03, 0xc2, 0x03, 0xe6,
    0x00, 0x20, 0x00, 0x00, 0x45, 0x22, 0x26, 0x26, 0x35, 0x34, 0x36, 0x36, 0x33, 0x32, 0x1e, 0x02,
    0x17, 0x07, 0x26, 0x26, 0x23, 0x22, 0x06, 0x06, 0x15, 0x14, 0x16, 0x16, 0x33, 0x32, 0x36, 0x35,
    0x33, 0x14, 0x06, 0x06, 0x02, 0x2a, 0x7a, 0xd1, 0x81, 0x81, 0xd1, 0x7a, 0x5f, 0x91, 0x66, 0x3a,
    0x08, 0xee, 0x10, 0x57, 0x45, 0x39, 0x64, 0x3f, 0x3b, 0x64, 0x3d, 0x5a, 0x52, 0xee, 0x5e, 0xb6,
    0x1c, 0x7f, 0xe7, 0x9c, 0xa5, 0xe5, 0x76, 0x3d, 0x67, 0x7e, 0x40, 0x06, 0x40, 0x54, 0x3f, 0x84,
    0x69, 0x64, 0x85, 0x43, 0x57, 0x49, 0x67, 0xaa, 0x65, 0x00, 0x00, 0x02, 0x00, 0x66, 0xff, 0xe4,
    0x04, 0x12, 0x05, 0x5c, 0x00, 0x21, 0x00, 0x26, 0x00, 0x00, 0x45, 0x22, 0x26, 0x26, 0x35, 0x34,
    0x36, 0x36, 0x33, 0x32, 0x16, 0x16, 0x15, 0x23, 0x34, 0x26, 0x26, 0x23, 0x22, 0x06, 0x06, 0x15,
    0x14, 0x16, 0x16, 0x33, 0x32, 0x36, 0x36, 0x35, 0x33, 0x14, 0x06, 0x06, 0x37, 0x27, 0x11, 0x33,
    0x11, 0x02, 0x20, 0x7a, 0xc9, 0x77, 0x73, 0xc1, 0x76, 0x6c, 0x9e, 0x54, 0x4a, 0x3e, 0x65, 0x3b,
    0x47, 0x6d, 0x3e, 0x3e, 0x6d, 0x45, 0x38, 0x67, 0x41, 0x4a, 0x5b, 0x98, 0xd5, 0x2c, 0xee, 0x1c,
    0x81, 0xe9, 0x9c, 0x9a, 0xe5, 0x7d, 0x67, 0xca, 0x93, 0x4c, 0x6b, 0x39, 0x4a, 0x85, 0x59, 0x5c,
    0x88, 0x4c, 0x3d, 0x6e, 0x49, 0x99, 0xcb, 0x66, 0x1c, 0xf0, 0x04, 0x6c, 0xfa, 0xa4, 0x00, 0x01,
    0x00, 0x5e, 0xff, 0xe4, 0x03, 0xcc, 0x03, 0xe6, 0x00, 0x26, 0x00, 0x00, 0x45, 0x22, 0x26, 0x26,
    0x35, 0x34, 0x36, 0x36, 0x33, 0x32, 0x1e, 0x02, 0x07, 0x21, 0x35, 0x21, 0x07, 0x36, 0x2e, 0x02,
    0x23, 0x22, 0x06, 0x06, 0x15, 0x15, 0x14, 0x16, 0x16, 0x33, 0x32, 0x36, 0x37, 0x33, 0x0e, 0x02,
    0x02, 0x24, 0x7c, 0xce, 0x7c, 0x7b, 0xce, 0x7d, 0x74, 0xa9, 0x67, 0x24, 0x10, 0xfd, 0x5e, 0x01,
    0xfb, 0x2e, 0x03, 0x0f, 0x2a, 0x4d, 0x3c, 0x48, 0x64, 0x34, 0x31, 0x61, 0x4a, 0x45, 0x5e, 0x0d,
    0xee, 0x0f, 0x6f, 0xb0, 0x1c, 0x80, 0xe7, 0x9b, 0xa0, 0xe6, 0x7a, 0x5d, 0x9f, 0xc8, 0x6a, 0x80,
    0x1e, 0x2f, 0x60, 0x50, 0x31, 0x48, 0x7c, 0x4e, 0x5e, 0x52, 0x7e, 0x48, 0x40, 0x40, 0x5e, 0x8f,
    0x51, 0x00, 0x00, 0x02, 0x00, 0x62, 0x00, 0x00, 0x02, 0xe4, 0x05, 0x6c, 0x00, 0x11, 0x00, 0x15,
    0x00, 0x00, 0x73, 0x11, 0x34, 0x36, 0x36, 0x33, 0x32, 0x16, 0x17, 0x07, 0x26, 0x26, 0x23, 0x22,
    0x06, 0x06, 0x15, 0x11, 0x01, 0x35, 0x21, 0x15, 0xf2, 0x52, 0x87, 0x4f, 0x31, 0x68, 0x31, 0x2e,
    0x19, 0x36, 0x19, 0x1c, 0x32, 0x20, 0xfe, 0x82, 0x02, 0x30, 0x04, 0x40, 0x69, 0x84, 0x3f, 0x0e,
    0x0a, 0xb6, 0x09, 0x0b, 0x15, 0x34, 0x2d, 0xfb, 0xc4, 0x03, 0x2e, 0x9c, 0x9c, 0x00, 0x00, 0x04,
    0x00, 0x1e, 0xfe, 0x0a, 0x04, 0x64, 0x04, 0xaa, 0x00, 0x2d, 0x00, 0x3d, 0x00, 0x49, 0x00, 0x52,
    0x00, 0x00, 0x41, 0x22, 0x26, 0x26, 0x35, 0x34, 0x36, 0x33, 0x17, 0x22, 0x06, 0x15, 0x14, 0x16,
    0x33, 0x32, 0x36, 0x36, 0x35, 0x34, 0x26, 0x23, 0x21, 0x22, 0x26, 0x26, 0x35, 0x34, 0x36, 0x36,
    0x33, 0x17, 0x22, 0x06, 0x06, 0x15, 0x14, 0x16, 0x33, 0x21, 0x32, 0x16, 0x15, 0x14, 0x06, 0x06,
    0x03, 0x22, 0x26, 0x26, 0x35, 0x34, 0x36, 0x36, 0x33, 0x32, 0x16, 0x16, 0x15, 0x14, 0x06, 0x06,
    0x27, 0x32, 0x36, 0x35, 0x34, 0x26, 0x23, 0x22, 0x06, 0x15, 0x14, 0x16, 0x01, 0x27, 0x34, 0x36,
    0x36, 0x33, 0x07, 0x22, 0x06, 0x02, 0x30, 0xa7, 0xed, 0x7e, 0x96, 0x72, 0xac, 0x62, 0x6a, 0x9f,
    0x8b, 0x65, 0x94, 0x51, 0x30, 0x32, 0xfe, 0xba, 0x62, 0xa1, 0x5f, 0x44, 0x75, 0x49, 0x3c, 0x1d,
    0x35, 0x22, 0x44, 0x54, 0x01, 0x46, 0x9b, 0xb1, 0x8a, 0xfd, 0xa1, 0x73, 0xbf, 0x72, 0x72, 0xbf,
    0x73, 0x70, 0xbe, 0x74, 0x74, 0xbe, 0x6e, 0x5c, 0x5c, 0x5d, 0x5d, 0x5a, 0x60, 0x61, 0x01, 0xb1,
    0x6c, 0x51, 0x87, 0x52, 0x0c, 0x57, 0x5b, 0xfe, 0x0a, 0x5c, 0x95, 0x57, 0x67, 0x71, 0x40, 0x4a,
    0x42, 0x45, 0x53, 0x3c, 0x60, 0x36, 0x24, 0x2e, 0x3f, 0x6b, 0x42, 0x3d, 0x59, 0x30, 0x4e, 0x17,
    0x2c, 0x21, 0x28, 0x32, 0x72, 0x76, 0x69, 0xbd, 0x78, 0x03, 0x22, 0x57, 0x9c, 0x69, 0x6b, 0x9e,
    0x55, 0x55, 0x9e, 0x6b, 0x69, 0x9c, 0x57, 0xa4, 0x6a, 0x4e, 0x54, 0x66, 0x66, 0x54, 0x4e, 0x6a,
    0x01, 0x7a, 0x3e, 0x57, 0x83, 0x48, 0xe2, 0x3d, 0x00, 0x02, 0x00, 0xba, 0x00, 0x00, 0x04, 0x40,
    0x05, 0x5c, 0x00, 0x12, 0x00, 0x16, 0x00, 0x00, 0x61, 0x11, 0x34, 0x26, 0x23, 0x22, 0x06, 0x06,
    0x15, 0x23, 0x34, 0x36, 0x36, 0x33, 0x32, 0x16, 0x16, 0x15, 0x11, 0x21, 0x11, 0x33, 0x11, 0x03,
    0x54, 0x68, 0x54, 0x47, 0x6d, 0x3e, 0x4e, 0x5e, 0xac, 0x74, 0x78, 0xa1, 0x51, 0xfc, 0x7a, 0xec,
    0x02, 0x38, 0x6c, 0x6e, 0x4e, 0x9d, 0x75, 0xbd, 0xfb, 0x7c, 0x6b, 0xc2, 0x81, 0xfd, 0xc8, 0x05,
    0x5c, 0xfa, 0xa4, 0x00, 0x00, 0x02, 0x00, 0xb2, 0x00, 0x00, 0x01, 0xd6, 0x05, 0x90, 0x00, 0x0b,
    0x00, 0x0f, 0x00, 0x00, 0x41, 0x22, 0x26, 0x35, 0x34, 0x36, 0x33, 0x32, 0x16, 0x15, 0x14, 0x06,
    0x03, 0x11, 0x33, 0x11, 0x01, 0x44, 0x45, 0x4d, 0x4d, 0x45, 0x44, 0x4e, 0x4e, 0xba, 0xec, 0x04,
    0x7c, 0x49, 0x41, 0x3f, 0x4b, 0x4b, 0x3f, 0x41, 0x49, 0xfb, 0x84, 0x03, 0xce, 0xfc, 0x32, 0x00,
    0x00, 0x02, 0xff, 0x68, 0xfe, 0x0a, 0x01, 0xe2, 0x05, 0x90, 0x00, 0x0b, 0x00, 0x1b, 0x00, 0x00,
    0x41, 0x22, 0x26, 0x35, 0x34, 0x36, 0x33, 0x32, 0x16, 0x15, 0x14, 0x06, 0x01, 0x22, 0x26, 0x27,
    0x37, 0x16, 0x16, 0x33, 0x32, 0x36, 0x35, 0x11, 0x33, 0x11, 0x14, 0x06, 0x01, 0x50, 0x43, 0x4f,
    0x4f, 0x43, 0x44, 0x4e, 0x4e, 0xfe, 0xec, 0x4e, 0x85, 0x45, 0x04, 0x33, 0x71, 0x36, 0x49, 0x4d,
    0xec, 0xad, 0x04, 0x7c, 0x49, 0x41, 0x3f, 0x4b, 0x4b, 0x3f, 0x41, 0x49, 0xf9, 0x8e, 0x22, 0x1c,
    0xcc, 0x19, 0x23, 0x54, 0x64, 0x04, 0x3e, 0xfb, 0xbe, 0xd0, 0xb2, 0x00, 0x00, 0x03, 0x00, 0xba,
    0x00, 0x00, 0x04, 0x7e, 0x05, 0x5c, 0x00, 0x03, 0x00, 0x07, 0x00, 0x0b, 0x00, 0x00, 0x73, 0x11,
    0x33, 0x11, 0x03, 0x01, 0x21, 0x09, 0x02, 0x37, 0x01, 0xba, 0xec, 0x20, 0x01, 0xa0, 0x01, 0x40,
    0xfd, 0x20, 0x01, 0xd8, 0xfe, 0x4e, 0xe0, 0x01, 0xf2, 0x05, 0x5c, 0xfa, 0xa4, 0x02, 0x5a, 0x01,
    0x70, 0xfd, 0x9c, 0xfe, 0x9a, 0x02, 0x6a, 0x36, 0xfd, 0x60, 0x00, 0x01, 0x00, 0xba, 0x00, 0x00,
    0x01, 0xa6, 0x05, 0x5c, 0x00, 0x03, 0x00, 0x00, 0x73, 0x11, 0x33, 0x11, 0xba, 0xec, 0x05, 0x5c,
    0xfa, 0xa4, 0x00, 0x02, 0x00, 0xba, 0x00, 0x00, 0x06, 0xce, 0x03, 0xe6, 0x00, 0x12, 0x00, 0x28,
    0x00, 0x00, 0x61, 0x11, 0x34, 0x26, 0x23, 0x22, 0x06, 0x15, 0x23, 0x34, 0x3e, 0x02, 0x33, 0x32,
    0x16, 0x16, 0x15, 0x11, 0x21, 0x11, 0x33, 0x17, 0x36, 0x36, 0x33, 0x32, 0x16, 0x16, 0x15, 0x11,
    0x23, 0x11, 0x34, 0x26, 0x23, 0x22, 0x06, 0x06, 0x15, 0x11, 0x05, 0xe0, 0x68, 0x54, 0x6a, 0x7a,
    0x62, 0x39, 0x69, 0x8e, 0x56, 0x77, 0xa1, 0x52, 0xf9, 0xec, 0xce, 0x1a, 0x30, 0x9e, 0x66, 0x78,
    0xa1, 0x51, 0xec, 0x68, 0x54, 0x47, 0x6d, 0x3e, 0x02, 0x38, 0x6c, 0x6e, 0xac, 0xae, 0x99, 0xd5,
    0x83, 0x3d, 0x6b, 0xc2, 0x81, 0xfd, 0xc8, 0x03, 0xca, 0xa6, 0x61, 0x61, 0x6b, 0xc2, 0x81, 0xfd,
    0xc8, 0x02, 0x38, 0x6c, 0x6e, 0x4e, 0x9d, 0x75, 0xfe, 0x4e, 0x00, 0x02, 0x00, 0xba, 0x00, 0x00,
    0x04, 0x40, 0x03, 0xe6, 0x00, 0x12, 0x00, 0x17, 0x00, 0x00, 0x61, 0x11, 0x34, 0x26, 0x23, 0x22,
    0x06, 0x06, 0x15, 0x23, 0x34, 0x36, 0x36, 0x33, 0x32, 0x16, 0x16, 0x15, 0x11, 0x21, 0x11, 0x33,
    0x17, 0x11, 0x03, 0x54, 0x68, 0x54, 0x47, 0x6d, 0x3e, 0x4e, 0x5e, 0xac, 0x74, 0x78, 0xa1, 0x51,
    0xfc, 0x7a, 0xce, 0x1e, 0x02, 0x38, 0x6c, 0x6e, 0x4e, 0x9d, 0x75, 0xbd, 0xfb, 0x7c, 0x6b, 0xc2,
    0x81, 0xfd, 0xc8, 0x03, 0xca, 0xc0, 0xfc, 0xf6, 0x00, 0x02, 0x00, 0x5e, 0xff, 0xe4, 0x04, 0x0e,
    0x03, 0xe6, 0x00, 0x0f, 0x00, 0x1d, 0x00, 0x00, 0x45, 0x22, 0x26, 0x26, 0x35, 0x34, 0x36, 0x36,
    0x33, 0x32, 0x16, 0x16, 0x15, 0x14, 0x06, 0x06, 0x27, 0x32, 0x36, 0x36, 0x35, 0x34, 0x26, 0x23,
    0x22, 0x06, 0x06, 0x15, 0x14, 0x16, 0x02, 0x38, 0x85, 0xd7, 0x7e, 0x7e, 0xd7, 0x85, 0x83, 0xd5,
    0x7e, 0x7e, 0xd5, 0x8b, 0x46, 0x6d, 0x3f, 0x79, 0x69, 0x47, 0x6e, 0x3f, 0x7b, 0x1c, 0x72, 0xe3,
    0xab, 0xae, 0xe4, 0x70, 0x70, 0xe4, 0xae, 0xab, 0xe3, 0x72, 0xce, 0x45, 0x88, 0x65, 0x9a, 0x9c,
    0x45, 0x8a, 0x67, 0x98, 0x9a, 0x00, 0x00, 0x02, 0x00, 0xba, 0xfe, 0x26, 0x04, 0x66, 0x03, 0xe6,
    0x00, 0x21, 0x00, 0x26, 0x00, 0x00, 0x45, 0x22, 0x26, 0x26, 0x35, 0x33, 0x14, 0x16, 0x16, 0x33,
    0x32, 0x36, 0x36, 0x35, 0x34, 0x26, 0x26, 0x23, 0x22, 0x06, 0x06, 0x15, 0x23, 0x34, 0x36, 0x36,
    0x33, 0x32, 0x16, 0x16, 0x15, 0x14, 0x06, 0x06, 0x01, 0x11, 0x33, 0x17, 0x11, 0x02, 0xa0, 0x6b,
    0x96, 0x4f, 0x56, 0x3c, 0x63, 0x39, 0x3b, 0x73, 0x4c, 0x40, 0x6f, 0x47, 0x3c, 0x64, 0x3c, 0x56,
    0x5e, 0x9e, 0x5e, 0x73, 0xcb, 0x7e, 0x80, 0xcf, 0xfd, 0xa3, 0xc2, 0x2a, 0x1c, 0x5c, 0xbb, 0x8d,
    0x41, 0x5c, 0x31, 0x41, 0x85, 0x66, 0x5d, 0x87, 0x48, 0x36, 0x67, 0x49, 0x99, 0xc3, 0x5e, 0x7a,
    0xe5, 0xa1, 0xa2, 0xe6, 0x7a, 0xfe, 0x42, 0x05, 0xa4, 0xf0, 0xfb, 0x4c, 0x00, 0x02, 0x00, 0x5e,
    0xfe, 0x0a, 0x04, 0x8e, 0x03, 0xe6, 0x00, 0x21, 0x00, 0x2d, 0x00, 0x00, 0x45, 0x22, 0x26, 0x26,
    0x35, 0x34, 0x36, 0x36, 0x33, 0x32, 0x16, 0x16, 0x15, 0x23, 0x34, 0x26, 0x26, 0x23, 0x22, 0x06,
    0x06, 0x15, 0x14, 0x16, 0x16, 0x33, 0x32, 0x36, 0x36, 0x35, 0x33, 0x14, 0x06, 0x06, 0x01, 0x26,
    0x26, 0x35, 0x11, 0x37, 0x33, 0x11, 0x14, 0x16, 0x16, 0x17, 0x02, 0x24, 0x77, 0xcf, 0x80, 0x7e,
    0xca, 0x72, 0x5e, 0x9e, 0x60, 0x58, 0x3b, 0x63, 0x3c, 0x47, 0x6f, 0x40, 0x4b, 0x73, 0x3c, 0x37,
    0x62, 0x3d, 0x2e, 0x3a, 0x81, 0x01, 0xbb, 0xa3, 0x8b, 0x54, 0x98, 0x18, 0x3b, 0x33, 0x1c, 0x7a,
    0xe6, 0xa2, 0xa1, 0xe5, 0x7a, 0x5e, 0xc3, 0x99, 0x49, 0x67, 0x36, 0x48, 0x87, 0x5d, 0x66, 0x85,
    0x41, 0x31, 0x5c, 0x41, 0x7c, 0xbd, 0x6b, 0xfe, 0x26, 0x29, 0xae, 0x9b, 0x03, 0x5e, 0xf0, 0xfb,
    0xa0, 0x3b, 0x43, 0x26, 0x10, 0x00, 0x00, 0x02, 0x00, 0xba, 0x00, 0x00, 0x03, 0x04, 0x03, 0xdc,
    0x00, 0x03, 0x00, 0x13, 0x00, 0x00, 0x73, 0x11, 0x33, 0x11, 0x03, 0x34, 0x36, 0x36, 0x33, 0x32,
    0x16, 0x17, 0x07, 0x26, 0x26, 0x23, 0x22, 0x06, 0x06, 0x15, 0xba, 0xec, 0x3a, 0x56, 0x91, 0x59,
    0x18, 0x2b, 0x15, 0x04, 0x1a, 0x3c, 0x18, 0x4e, 0x69, 0x35, 0x03, 0xce, 0xfc, 0x32, 0x01, 0xaa,
    0xbf, 0xfa, 0x79, 0x06, 0x06, 0xec, 0x06, 0x08, 0x4b, 0x92, 0x6b, 0x00, 0x00, 0x01, 0x00, 0x62,
    0xff, 0xe4, 0x03, 0xbc, 0x03, 0xe6, 0x00, 0x29, 0x00, 0x00, 0x45, 0x22, 0x26, 0x26, 0x27, 0x33,
    0x16, 0x16, 0x33, 0x32, 0x36, 0x36, 0x35, 0x34, 0x26, 0x27, 0x27, 0x26, 0x26, 0x35, 0x34, 0x36,
    0x33, 0x32, 0x16, 0x17, 0x23, 0x26, 0x26, 0x23, 0x22, 0x06, 0x15, 0x14, 0x17, 0x17, 0x16, 0x16,
    0x15, 0x14, 0x06, 0x06, 0x02, 0x24, 0x8c, 0xc9, 0x6c, 0x01, 0xda, 0x03, 0x6c, 0x5d, 0x33, 0x4f,
    0x2c, 0x3b, 0x41, 0xd4, 0x72, 0x7a, 0xdf, 0xbb, 0xba, 0xcb, 0x03, 0xde, 0x05, 0x52, 0x53, 0x4b,
    0x55, 0x76, 0xe6, 0x70, 0x7c, 0x67, 0xb8, 0x1c, 0x4d, 0x91, 0x66, 0x48, 0x42, 0x1e, 0x34, 0x20,
    0x29, 0x2f, 0x14, 0x4c, 0x29, 0x86, 0x5d, 0x7b, 0x97, 0xa3, 0x7d, 0x30, 0x38, 0x3d, 0x29, 0x45,
    0x23, 0x56, 0x26, 0x78, 0x5c, 0x4d, 0x89, 0x56, 0x00, 0x02, 0x00, 0x40, 0xff, 0xe4, 0x02, 0xde,
    0x04, 0xcc, 0x00, 0x0f, 0x00, 0x13, 0x00, 0x00, 0x45, 0x22, 0x26, 0x26, 0x35, 0x11, 0x33, 0x11,
    0x14, 0x33, 0x32, 0x36, 0x37, 0x17, 0x06, 0x06, 0x01, 0x35, 0x21, 0x15, 0x02, 0x02, 0x56, 0x8f,
    0x55, 0xec, 0x72, 0x23, 0x46, 0x2d, 0x22, 0x38, 0x6a, 0xfe, 0x04, 0x02, 0x7c, 0x1c, 0x40, 0x84,
    0x66, 0x03, 0xbe, 0xfc, 0x4a, 0x78, 0x10, 0x10, 0xa6, 0x16, 0x1e, 0x03, 0x4a, 0x9c, 0x9c, 0x00,
    0x00, 0x02, 0x00, 0xa6, 0xff, 0xee, 0x04, 0x2c, 0x03, 0xce, 0x00, 0x03, 0x00, 0x16, 0x00, 0x00,
    0x41, 0x33, 0x11, 0x23, 0x01, 0x33, 0x11, 0x14, 0x16, 0x33, 0x32, 0x36, 0x36, 0x35, 0x33, 0x14,
    0x06, 0x06, 0x23, 0x22, 0x26, 0x26, 0x35, 0x03, 0x40, 0xec, 0xec, 0xfd, 0x66, 0xec, 0x5e, 0x52,
    0x46, 0x73, 0x45, 0x40, 0x5c, 0xa2, 0x6a, 0x68, 0xa8, 0x62, 0x03, 0xce, 0xfc, 0x32, 0x03, 0xce,
    0xfd, 0xac, 0x5f, 0x5f, 0x49, 0x8f, 0x6a, 0xb2, 0xea, 0x74, 0x4a, 0xa4, 0x86, 0x00, 0x00, 0x01,
    0x00, 0x18, 0x00, 0x00, 0x03, 0xf6, 0x03, 0xca, 0x00, 0x07, 0x00, 0x00, 0x53, 0x21, 0x13, 0x23,
    0x13, 0x21, 0x01, 0x21, 0x18, 0x01, 0x10, 0xe8, 0x12, 0xe8, 0x01, 0x10, 0xfe, 0x96, 0xfe, 0xf6,
    0x03, 0xca, 0xfd, 0x00, 0x03, 0x00, 0xfc, 0x36, 0x00, 0x01, 0x00, 0x18, 0x00, 0x00, 0x05, 0xd0,
    0x03, 0xca, 0x00, 0x0f, 0x00, 0x00, 0x53, 0x33, 0x13, 0x23, 0x13, 0x33, 0x13, 0x23, 0x13, 0x33,
    0x01, 0x23, 0x03, 0x33, 0x03, 0x23, 0x18, 0xf6, 0xd2, 0x18, 0xc6, 0xd6, 0xc6, 0x18, 0xd2, 0xec,
    0xfe, 0xc0, 0xe8, 0xc6, 0x24, 0xc2, 0xea, 0x03, 0xca, 0xfd, 0x20, 0x02, 0xac, 0xfd, 0x52, 0x02,
    0xe2, 0xfc, 0x36, 0x02, 0x84, 0xfd, 0x7c, 0x00, 0x00, 0x01, 0x00, 0x20, 0x00, 0x00, 0x04, 0x32,
    0x03, 0xce, 0x00, 0x0b, 0x00, 0x00, 0x73, 0x01, 0x01, 0x21, 0x13, 0x13, 0x21, 0x01, 0x01, 0x21,
    0x03, 0x03, 0x20, 0x01, 0x7a, 0xfe, 0x86, 0x01, 0x22, 0xee, 0xe2, 0x01, 0x20, 0xfe, 0x88, 0x01,
    0x78, 0xfe, 0xe0, 0xf2, 0xde, 0x01, 0xe4, 0x01, 0xea, 0xfe, 0xc8, 0x01, 0x38, 0xfe, 0x16, 0xfe,
    0x1c, 0x01, 0x38, 0xfe, 0xc8, 0x00, 0x00, 0x01, 0x00, 0x00, 0xfe, 0x0a, 0x03, 0xd8, 0x03, 0xca,
    0x00, 0x15, 0x00, 0x00, 0x53, 0x21, 0x01, 0x23, 0x13, 0x33, 0x01, 0x06, 0x06, 0x23, 0x22, 0x26,
    0x27, 0x35, 0x16, 0x16, 0x33, 0x32, 0x36, 0x36, 0x37, 0x37, 0x26, 0x01, 0x0c, 0x01, 0x02, 0x2a,
    0xde, 0xf0, 0xfe, 0x8c, 0x39, 0xa7, 0x78, 0x45, 0x83, 0x44, 0x37, 0x67, 0x34, 0x2f, 0x47, 0x34,
    0x12, 0x1e, 0x03, 0xca, 0xfd, 0x04, 0x02, 0xfc, 0xfb, 0x86, 0xac, 0x9a, 0x1f, 0x21, 0xd0, 0x22,
    0x20, 0x33, 0x5b, 0x3c, 0x5e, 0x00, 0x00, 0x01, 0x00, 0x72, 0x00, 0x00, 0x03, 0x6e, 0x03, 0xca,
    0x00, 0x09, 0x00, 0x00, 0x73, 0x35, 0x01, 0x21, 0x35, 0x21, 0x15, 0x01, 0x21, 0x15, 0x72, 0x01,
    0xf8, 0xfe, 0x08, 0x02, 0xfc, 0xfe, 0x18, 0x01, 0xe8, 0xc0, 0x02, 0x4c, 0xbe, 0xbe, 0xfd, 0xb4,
    0xc0, 0x00, 0x00, 0x02, 0x00, 0x2c, 0x00, 0x00, 0x04, 0xb6, 0x05, 0x12, 0x00, 0x07, 0x00, 0x0a,
    0x00, 0x00, 0x73, 0x01, 0x21, 0x01, 0x23, 0x03, 0x21, 0x03, 0x13, 0x21, 0x03, 0x2c, 0x01, 0xba,
    0x01, 0x28, 0x01, 0xa8, 0xf8, 0x5a, 0xfe, 0x1e, 0x5c, 0x98, 0x01, 0x6e, 0xb6, 0x05, 0x12, 0xfa,
    0xee, 0x01, 0x18, 0xfe, 0xe8, 0x01, 0xca, 0x02, 0x2e, 0x00, 0x00, 0x03, 0x00, 0xba, 0x00, 0x00,
    0x04, 0x9a, 0x05, 0x12, 0x00, 0x12, 0x00, 0x1b, 0x00, 0x24, 0x00, 0x00, 0x73, 0x11, 0x21, 0x32,
    0x16, 0x16, 0x15, 0x14, 0x06, 0x07, 0x1e, 0x02, 0x15, 0x14, 0x0e, 0x02, 0x23, 0x25, 0x21, 0x32,
    0x36, 0x35, 0x34, 0x26, 0x23, 0x21, 0x11, 0x11, 0x21, 0x32, 0x36, 0x35, 0x34, 0x26, 0x23, 0xba,
    0x02, 0x0c, 0x96, 0xc6, 0x62, 0x7b, 0x6f, 0x49, 0x74, 0x43, 0x2b, 0x69, 0xb5, 0x89, 0xfe, 0xde,
    0x01, 0x1c, 0x71, 0x69, 0x6c, 0x6e, 0xfe, 0xe4, 0x01, 0x16, 0x69, 0x6d, 0x6b, 0x69, 0x05, 0x12,
    0x5d, 0x9c, 0x5f, 0x6e, 0x9c, 0x20, 0x0f, 0x50, 0x7a, 0x4f, 0x3e, 0x7e, 0x6b, 0x41, 0xce, 0x5b,
    0x4d, 0x4d, 0x5d, 0x02, 0x26, 0xfe, 0xa8, 0x5d, 0x51, 0x4d, 0x5d, 0x00, 0x00, 0x01, 0x00, 0x5e,
    0xff, 0xe4, 0x04, 0x98, 0x05, 0x2c, 0x00, 0x1e, 0x00, 0x00, 0x45, 0x22, 0x26, 0x02, 0x35, 0x34,
    0x12, 0x36, 0x33, 0x32, 0x16, 0x17, 0x07, 0x26, 0x26, 0x23, 0x22, 0x06, 0x06, 0x15, 0x14, 0x16,
    0x16, 0x33, 0x32, 0x36, 0x35, 0x33, 0x14, 0x06, 0x06, 0x02, 0x92, 0xab, 0xfd, 0x8c, 0x91, 0xff,
    0xa4, 0xe3, 0xff, 0x24, 0xfc, 0x1f, 0x88, 0x63, 0x57, 0x8c, 0x53, 0x49, 0x8a, 0x63, 0x7f, 0x8b,
    0xfc, 0x7d, 0xe8, 0x1c, 0xa3, 0x01, 0x30, 0xd5, 0xdc, 0x01, 0x2b, 0x99, 0xdc, 0xb0, 0x2e, 0x66,
    0x7e, 0x65, 0xcc, 0x99, 0x90, 0xd0, 0x70, 0x87, 0x69, 0x91, 0xcb, 0x6c, 0x00, 0x02, 0x00, 0xba,
    0x00, 0x00, 0x04, 0xf4, 0x05, 0x12, 0x00, 0x0a, 0x00, 0x15, 0x00, 0x00, 0x53, 0x21, 0x32, 0x04,
    0x12, 0x15, 0x14, 0x02, 0x04, 0x23, 0x21, 0x13, 0x11, 0x33, 0x32, 0x36, 0x36, 0x35, 0x34, 0x26,
    0x26, 0x23, 0xba, 0x01, 0xa4, 0xc6, 0x01, 0x2a, 0xa6, 0xa6, 0xfe, 0xd6, 0xc6, 0xfe, 0x5c, 0xec,
    0xb8, 0x7e, 0xb7, 0x63, 0x63, 0xb7, 0x7e, 0x05, 0x12, 0x9f, 0xfe, 0xdc, 0xc7, 0xc5, 0xfe, 0xdd,
    0xa0, 0x04, 0x3c, 0xfc, 0x98, 0x72, 0xc5, 0x7d, 0x7f, 0xc4, 0x71, 0x00, 0x00, 0x01, 0x00, 0xb8,
    0x00, 0x00, 0x03, 0xfa, 0x05, 0x12, 0x00, 0x0b, 0x00, 0x00, 0x73, 0x11, 0x21, 0x15, 0x21, 0x11,
    0x21, 0x15, 0x21, 0x11, 0x21, 0x15, 0xb8, 0x03, 0x42, 0xfd, 0xaa, 0x02, 0x32, 0xfd, 0xce, 0x02,
    0x56, 0x05, 0x12, 0xcc, 0xfe, 0xaa, 0xcc, 0xfe, 0xaa, 0xce, 0x00, 0x01, 0x00, 0xba, 0x00, 0x00,
    0x03, 0xec, 0x05, 0x12, 0x00, 0x09, 0x00, 0x00, 0x73, 0x11, 0x21, 0x15, 0x21, 0x11, 0x21, 0x15,
    0x21, 0x11, 0xba, 0x03, 0x32, 0xfd, 0xba, 0x02, 0x14, 0xfd, 0xec, 0x05, 0x12, 0xcc, 0xfe, 0xaa,
    0xca, 0xfd, 0xda, 0x00, 0x00, 0x02, 0x00, 0x5e, 0xff, 0xe4, 0x04, 0xb6, 0x05, 0x2c, 0x00, 0x20,
    0x00, 0x27, 0x00, 0x00, 0x45, 0x22, 0x24, 0x02, 0x35, 0x34, 0x3e, 0x02, 0x33, 0x32, 0x16, 0x17,
    0x07, 0x26, 0x26, 0x23, 0x22, 0x06, 0x06, 0x15, 0x14, 0x16, 0x16, 0x33, 0x32, 0x36, 0x36, 0x35,
    0x33, 0x14, 0x06, 0x06, 0x37, 0x03, 0x35, 0x25, 0x35, 0x21, 0x11, 0x02, 0x94, 0x9f, 0xff, 0x00,
    0x97, 0x5d, 0xa6, 0xe0, 0x83, 0xb6, 0xf7, 0x45, 0xf2, 0x33, 0x85, 0x54, 0x60, 0x9e, 0x5e, 0x53,
    0x96, 0x63, 0x54, 0x85, 0x4d, 0x34, 0x4d, 0xa2, 0xdd, 0x22, 0xfe, 0xdc, 0x02, 0x06, 0x1c, 0xa8,
    0x01, 0x2d, 0xc9, 0x9f, 0xfc, 0xb2, 0x5d, 0x9e, 0xaa, 0x38, 0x53, 0x57, 0x71, 0xd2, 0x91, 0x88,
    0xcc, 0x72, 0x4b, 0x8c, 0x63, 0xa2, 0xee, 0x82, 0x1c, 0x01, 0x1e, 0xe0, 0x06, 0x96, 0xfd, 0x66,
    0x00, 0x01, 0x00, 0xba, 0x00, 0x00, 0x04, 0xc8, 0x05, 0x12, 0x00, 0x0b, 0x00, 0x00, 0x53, 0x33,
    0x11, 0x21, 0x11, 0x33, 0x11, 0x23, 0x11, 0x21, 0x11, 0x23, 0xba, 0xec, 0x02, 0x36, 0xec, 0xec,
    0xfd, 0xca, 0xec, 0x05, 0x12, 0xfd, 0xe2, 0x02, 0x1e, 0xfa, 0xee, 0x02, 0x26, 0xfd, 0xda, 0x00,
    0x00, 0x01, 0x00, 0xba, 0x00, 0x00, 0x01, 0xa6, 0x05, 0x12, 0x00, 0x03, 0x00, 0x00, 0x73, 0x11,
    0x33, 0x11, 0xba, 0xec, 0x05, 0x12, 0xfa, 0xee, 0x00, 0x01, 0x00, 0x20, 0xff, 0xe4, 0x02, 0xdc,
    0x05, 0x12, 0x00, 0x10, 0x00, 0x00, 0x77, 0x35, 0x16, 0x16, 0x33, 0x32, 0x36, 0x35, 0x11, 0x33,
    0x11, 0x14, 0x06, 0x06, 0x23, 0x22, 0x26, 0x20, 0x50, 0x99, 0x41, 0x56, 0x4e, 0xee, 0x62, 0xac,
    0x70, 0x58, 0xa0, 0x36, 0xec, 0x2e, 0x2a, 0x64, 0x66, 0x03, 0x7e, 0xfc, 0x82, 0x9d, 0xbe, 0x55,
    0x2f, 0x00, 0x00, 0x03, 0x00, 0xba, 0x00, 0x00, 0x05, 0x10, 0x05, 0x12, 0x00, 0x03, 0x00, 0x07,
    0x00, 0x0b, 0x00, 0x00, 0x41, 0x21, 0x01, 0x11, 0x37, 0x01, 0x21, 0x01, 0x01, 0x33, 0x11, 0x23,
    0x03, 0xa8, 0x01, 0x44, 0xfc, 0xa8, 0xf4, 0x02, 0x88, 0xfe, 0xd0, 0xfe, 0x04, 0xfe, 0xd6, 0xee,
    0xee, 0x05, 0x12, 0xfc, 0x94, 0x01, 0x42, 0x12, 0xfd, 0x06, 0x02, 0x60, 0x02, 0xb2, 0xfa, 0xee,
    0x00, 0x01, 0x00, 0xba, 0x00, 0x00, 0x03, 0xbc, 0x05, 0x12, 0x00, 0x05, 0x00, 0x00, 0x41, 0x11,
    0x21, 0x15, 0x21, 0x11, 0x01, 0xa6, 0x02, 0x16, 0xfc, 0xfe, 0x05, 0x12, 0xfb, 0xbc, 0xce, 0x05,
    0x12, 0x00, 0x00, 0x01, 0x00, 0xba, 0x00, 0x00, 0x06, 0x1a, 0x05, 0x12, 0x00, 0x0f, 0x00, 0x00,
    0x53, 0x21, 0x01, 0x23, 0x01, 0x21, 0x11, 0x23, 0x11, 0x33, 0x01, 0x23, 0x01, 0x33, 0x11, 0x23,
    0xba, 0x01, 0x52, 0x01, 0x6e, 0x14, 0x01, 0x6e, 0x01, 0x46, 0xee, 0x24, 0xfe, 0x6c, 0x9a, 0xfe,
    0x6e, 0x16, 0xec, 0x05, 0x12, 0xfc, 0xe6, 0x03, 0x1a, 0xfa, 0xee, 0x04, 0x02, 0xfc, 0x8c, 0x03,
    0x70, 0xfc, 0x02, 0x00, 0x00, 0x01, 0x00, 0xb6, 0x00, 0x00, 0x04, 0xe0, 0x05, 0x12, 0x00, 0x0b,
    0x00, 0x00, 0x53, 0x21, 0x01, 0x23, 0x11, 0x33, 0x11, 0x23, 0x01, 0x33, 0x11, 0x23, 0xb6, 0x01,
    0x02, 0x02, 0x4e, 0x12, 0xec, 0xf0, 0xfd, 0x8c, 0x26, 0xec, 0x05, 0x12, 0xfc, 0x62, 0x03, 0x9e,
    0xfa, 0xee, 0x03, 0xd6, 0xfc, 0x2a, 0x00, 0x02, 0x00, 0x5e, 0xff, 0xe4, 0x04, 0xf8, 0x05, 0x2c,
    0x00, 0x0f, 0x00, 0x1b, 0x00, 0x00, 0x45, 0x22, 0x24, 0x02, 0x35, 0x34, 0x12, 0x24, 0x33, 0x32,
    0x04, 0x12, 0x15, 0x14, 0x02, 0x04, 0x27, 0x32, 0x36, 0x35, 0x34, 0x26, 0x23, 0x22, 0x06, 0x15,
    0x14, 0x16, 0x02, 0xaa, 0xad, 0xfe, 0xf7, 0x96, 0x96, 0x01, 0x09, 0xad, 0xae, 0x01, 0x0a, 0x96,
    0x96, 0xfe, 0xf6, 0xae, 0x9f, 0xbb, 0xbb, 0x9f, 0x9c, 0xbc, 0xbc, 0x1c, 0x98, 0x01, 0x2e, 0xe0,
    0xe4, 0x01, 0x2b, 0x93, 0x97, 0xfe, 0xd4, 0xdf, 0xe3, 0xfe, 0xd2, 0x95, 0xd6, 0xf0, 0xe2, 0xda,
    0xf2, 0xf3, 0xdb, 0xe1, 0xef, 0x00, 0x00, 0x02, 0x00, 0xb4, 0x00, 0x00, 0x04, 0x4e, 0x05, 0x12,
    0x00, 0x0a, 0x00, 0x13, 0x00, 0x00, 0x73, 0x11, 0x21, 0x32, 0x16, 0x15, 0x14, 0x06, 0x23, 0x23,
    0x11, 0x11, 0x33, 0x32, 0x36, 0x35, 0x34, 0x26, 0x23, 0x23, 0xb4, 0x01, 0xca, 0xdb, 0xf5, 0xf5,
    0xdb, 0xdc, 0xdc, 0x6e, 0x70, 0x70, 0x6e, 0xdc, 0x05, 0x12, 0xd8, 0xc6, 0xc4, 0xd8, 0xfe, 0x28,
    0x02, 0xa6, 0x74, 0x5a, 0x5c, 0x76, 0x00, 0x03, 0x00, 0x5e, 0xfe, 0x98, 0x04, 0xf8, 0x05, 0x2c,
    0x00, 0x0f, 0x00, 0x1f, 0x00, 0x2b, 0x00, 0x00, 0x45, 0x22, 0x24, 0x02, 0x35, 0x34, 0x12, 0x24,
    0x33, 0x32, 0x04, 0x12, 0x15, 0x14, 0x02, 0x04, 0x13, 0x22, 0x26, 0x27, 0x27, 0x37, 0x17, 0x16,
    0x16, 0x17, 0x32, 0x36, 0x37, 0x15, 0x06, 0x06, 0x01, 0x32, 0x36, 0x35, 0x34, 0x26, 0x23, 0x22,
    0x06, 0x15, 0x14, 0x16, 0x02, 0xaa, 0xad, 0xfe, 0xf7, 0x96, 0x96, 0x01, 0x09, 0xad, 0xae, 0x01,
    0x0a, 0x96, 0x96, 0xfe, 0xf6, 0xe0, 0x63, 0xa8, 0x3f, 0x86, 0xbc, 0x74, 0x1d, 0x4a, 0x27, 0x32,
    0x5d, 0x33, 0x2f, 0x55, 0xfe, 0x46, 0x9f, 0xbb, 0xbb, 0x9f, 0x9c, 0xbc, 0xbc, 0x1c, 0x98, 0x01,
    0x2e, 0xe0, 0xe4, 0x01, 0x2b, 0x93, 0x97, 0xfe, 0xd4, 0xdf, 0xe3, 0xfe, 0xd2, 0x95, 0xfe, 0xb4,
    0x6a, 0x60, 0xca, 0x58, 0xb4, 0x2a, 0x22, 0x02, 0x19, 0x15, 0xf4, 0x13, 0x11, 0x02, 0x22, 0xf0,
    0xe2, 0xda, 0xf2, 0xf3, 0xdb, 0xe1, 0xef, 0x00, 0x00, 0x03, 0x00, 0xba, 0x00, 0x00, 0x04, 0xac,
    0x05, 0x12, 0x00, 0x0a, 0x00, 0x0e, 0x00, 0x17, 0x00, 0x00, 0x73, 0x11, 0x21, 0x32, 0x16, 0x15,
    0x14, 0x06, 0x23, 0x23, 0x11, 0x21, 0x01, 0x33, 0x01, 0x01, 0x33, 0x32, 0x36, 0x35, 0x34, 0x26,
    0x23, 0x23, 0xba, 0x01, 0xe0, 0xe9, 0xf9, 0xf9, 0xe9, 0xf4, 0x01, 0xd2, 0xfe, 0xa8, 0xfc, 0x01,
    0x90, 0xfc, 0xfa, 0xdc, 0x82, 0x86, 0x7a, 0x76, 0xf4, 0x05, 0x12, 0xda, 0xb4, 0xb1, 0xd9, 0xfe,
    0x06, 0x02, 0x60, 0xfd, 0xa0, 0x02, 0x98, 0x77, 0x5f, 0x61, 0x77, 0x00, 0x00, 0x01, 0x00, 0x82,
    0xff, 0xe4, 0x04, 0x78, 0x05, 0x2c, 0x00, 0x2b, 0x00, 0x00, 0x45, 0x22, 0x26, 0x26, 0x27, 0x33,
    0x14, 0x16, 0x16, 0x33, 0x32, 0x36, 0x36, 0x35, 0x34, 0x26, 0x27, 0x25, 0x26, 0x26, 0x35, 0x34,
    0x36, 0x33, 0x32, 0x16, 0x17, 0x23, 0x26, 0x26, 0x23, 0x22, 0x06, 0x15, 0x14, 0x16, 0x17, 0x05,
    0x16, 0x16, 0x15, 0x14, 0x06, 0x06, 0x02, 0x7e, 0x87, 0xe3, 0x8d, 0x05, 0xe8, 0x4a, 0x7d, 0x4b,
    0x48, 0x71, 0x41, 0x4f, 0x57, 0xff, 0x00, 0x96, 0xa0, 0xfa, 0xe0, 0xda, 0xee, 0x10, 0xe8, 0x0d,
    0x72, 0x71, 0x64, 0x74, 0x49, 0x4d, 0x01, 0x1c, 0x90, 0x9a, 0x76, 0xe2, 0x1c, 0x5e, 0xc0, 0x94,
    0x4b, 0x60, 0x2f, 0x26, 0x47, 0x31, 0x41, 0x4a, 0x1f, 0x66, 0x3b, 0x9c, 0x89, 0x9e, 0xc4, 0xcb,
    0xb5, 0x4d, 0x5d, 0x53, 0x3f, 0x36, 0x3f, 0x1d, 0x6e, 0x38, 0xaa, 0x80, 0x75, 0xab, 0x5e, 0x00,
    0x00, 0x01, 0x00, 0x0c, 0x00, 0x00, 0x04, 0x1c, 0x05, 0x12, 0x00, 0x09, 0x00, 0x00, 0x53, 0x35,
    0x21, 0x15, 0x21, 0x37, 0x11, 0x23, 0x11, 0x17, 0x0c, 0x04, 0x10, 0xfe, 0x39, 0x35, 0xec, 0x35,
    0x04, 0x46, 0xcc, 0xcc, 0x36, 0xfb, 0x84, 0x04, 0x7c, 0x36, 0x00, 0x01, 0x00, 0xa6, 0xff, 0xe4,
    0x04, 0xc2, 0x05, 0x12, 0x00, 0x13, 0x00, 0x00, 0x53, 0x33, 0x11, 0x14, 0x16, 0x33, 0x32, 0x36,
    0x35, 0x11, 0x33, 0x11, 0x14, 0x06, 0x06, 0x23, 0x22, 0x26, 0x26, 0x35, 0xa6, 0xec, 0xa3, 0x7f,
    0x80, 0xa2, 0xec, 0x7e, 0xeb, 0xa5, 0xa5, 0xeb, 0x7e, 0x05, 0x12, 0xfc, 0xd8, 0xa0, 0x8e, 0x8e,
    0xa0, 0x03, 0x28, 0xfc, 0xd8, 0xa4, 0xe8, 0x7a, 0x7a, 0xe8, 0xa4, 0x00, 0x00, 0x01, 0x00, 0x24,
    0x00, 0x00, 0x04, 0x92, 0x05, 0x12, 0x00, 0x07, 0x00, 0x00, 0x41, 0x01, 0x33, 0x01, 0x23, 0x01,
    0x33, 0x01, 0x02, 0x4e, 0x01, 0x4c, 0xf8, 0xfe, 0x42, 0xf8, 0xfe, 0x48, 0xfa, 0x01, 0x48, 0x01,
    0x02, 0x04, 0x10, 0xfa, 0xee, 0x05, 0x12, 0xfb, 0xf0, 0x00, 0x00, 0x01, 0x00, 0x14, 0x00, 0x00,
    0x07, 0x50, 0x05, 0x12, 0x00, 0x0f, 0x00, 0x00, 0x53, 0x21, 0x01, 0x23, 0x01, 0x33, 0x01, 0x23,
    0x01, 0x21, 0x01, 0x23, 0x03, 0x33, 0x03, 0x23, 0x14, 0x01, 0x08, 0x01, 0x3a, 0x3c, 0x01, 0x36,
    0xa0, 0x01, 0x42, 0x36, 0x01, 0x4a, 0x01, 0x0a, 0xfe, 0x42, 0xf8, 0xfe, 0x16, 0xfe, 0xf8, 0x05,
    0x12, 0xfb, 0xbe, 0x03, 0xec, 0xfc, 0x24, 0x04, 0x32, 0xfa, 0xee, 0x02, 0xfe, 0xfd, 0x02, 0x00,
    0x00, 0x01, 0x00, 0x42, 0x00, 0x00, 0x05, 0x12, 0x05, 0x12, 0x00, 0x0b, 0x00, 0x00, 0x73, 0x01,
    0x01, 0x21, 0x01, 0x01, 0x21, 0x01, 0x01, 0x21, 0x01, 0x01, 0x44, 0x01, 0xca, 0xfe, 0x34, 0x01,
    0x22, 0x01, 0x48, 0x01, 0x1c, 0x01, 0x1e, 0xfe, 0x4a, 0x01, 0xe2, 0xfe, 0xd8, 0xfe, 0xaa, 0xfe,
    0xce, 0x02, 0x86, 0x02, 0x8c, 0xfe, 0x2c, 0x01, 0xd4, 0xfd, 0x78, 0xfd, 0x76, 0x01, 0xce, 0xfe,
    0x32, 0x00, 0x00, 0x01, 0x00, 0x0e, 0x00, 0x00, 0x04, 0x86, 0x05, 0x12, 0x00, 0x09, 0x00, 0x00,
    0x53, 0x21, 0x01, 0x23, 0x01, 0x21, 0x01, 0x11, 0x23, 0x11, 0x0e, 0x01, 0x18, 0x01, 0x36, 0x2e,
    0x01, 0x42, 0x01, 0x16, 0xfe, 0x32, 0xec, 0x05, 0x12, 0xfd, 0xd2, 0x02, 0x2e, 0xfd, 0x06, 0xfd,
    0xe8, 0x02, 0x18, 0x00, 0x00, 0x01, 0x00, 0x92, 0x00, 0x00, 0x04, 0x68, 0x05, 0x12, 0x00, 0x0b,
    0x00, 0x00, 0x73, 0x35, 0x01, 0x15, 0x25, 0x35, 0x21, 0x15, 0x01, 0x27, 0x05, 0x15, 0x92, 0x02,
    0xf2, 0xfd, 0x0e, 0x03, 0xd6, 0xfd, 0x3c, 0x06, 0x02, 0xca, 0xcc, 0x03, 0xc2, 0x56, 0x02, 0xd8,
    0xca, 0xfc, 0x74, 0x1e, 0x02, 0xd8, 0x00, 0x01, 0x00, 0x3e, 0x03, 0x6e, 0x01, 0x2a, 0x05, 0x4a,
    0x00, 0x03, 0x00, 0x00, 0x53, 0x33, 0x03, 0x23, 0x3e, 0xec, 0x20, 0xae, 0x05, 0x4a, 0xfe, 0x24,
    0xff, 0xff, 0x00, 0x48, 0x03, 0x00, 0x01, 0xda, 0x05, 0x1e, 0x04, 0x07, 0x00, 0x05, 0x00, 0x18,
    0x04, 0x10, 0x00, 0x01, 0x00, 0x48, 0x02, 0xf6, 0x01, 0xda, 0x05, 0x18, 0x00, 0x10, 0x00, 0x00,
    0x41, 0x22, 0x26, 0x26, 0x35, 0x34, 0x36, 0x37, 0x17, 0x06, 0x06, 0x07, 0x16, 0x16, 0x15, 0x14,
    0x06, 0x01, 0x06, 0x39, 0x56, 0x2f, 0x84, 0x6a, 0xa4, 0x42, 0x64, 0x14, 0x39, 0x4f, 0x5b, 0x02,
    0xf6, 0x3c, 0x62, 0x3a, 0x62, 0xb2, 0x36, 0x5c, 0x1f, 0x56, 0x39, 0x08, 0x45, 0x39, 0x3c, 0x56,
    0x00, 0x01, 0x00, 0x3a, 0x02, 0xf6, 0x01, 0xca, 0x05, 0x18, 0x00, 0x10, 0x00, 0x00, 0x53, 0x27,
    0x36, 0x36, 0x37, 0x26, 0x26, 0x35, 0x34, 0x36, 0x33, 0x32, 0x16, 0x16, 0x15, 0x14, 0x06, 0xde,
    0xa4, 0x42, 0x66, 0x12, 0x3b, 0x4d, 0x5f, 0x45, 0x3b, 0x53, 0x2c, 0x83, 0x02, 0xf6, 0x5c, 0x20,
    0x56, 0x38, 0x09, 0x47, 0x38, 0x3f, 0x51, 0x3c, 0x62, 0x3a, 0x63, 0xaf, 0x00, 0x01, 0x00, 0x92,
    0xff, 0x14, 0x02, 0xde, 0x05, 0xe4, 0x00, 0x0e, 0x00, 0x00, 0x41, 0x17, 0x0e, 0x02, 0x15, 0x14,
    0x12, 0x17, 0x07, 0x26, 0x02, 0x35, 0x34, 0x12, 0x02, 0x34, 0xaa, 0x73, 0x99, 0x4c, 0xac, 0xac,
    0xaa, 0xd7, 0xcb, 0xcb, 0x05, 0xe4, 0x7c, 0x78, 0xf0, 0xfb, 0x89, 0xcc, 0xfe, 0x97, 0xb3, 0x80,
    0xbf, 0x01, 0xb6, 0xf3, 0xf5, 0x01, 0xb6, 0x00, 0x00, 0x01, 0x00, 0x40, 0xff, 0x14, 0x02, 0x8e,
    0x05, 0xe4, 0x00, 0x0f, 0x00, 0x00, 0x57, 0x27, 0x36, 0x12, 0x35, 0x34, 0x26, 0x26, 0x27, 0x37,
    0x16, 0x12, 0x15, 0x14, 0x02, 0x02, 0xec, 0xac, 0xad, 0xad, 0x4d, 0x9a, 0x73, 0xac, 0xd5, 0xcd,
    0x5a, 0xba, 0xec, 0x80, 0xb3, 0x01, 0x69, 0xcc, 0x89, 0xfb, 0xf0, 0x78, 0x7c, 0xbd, 0xfe, 0x4a,
    0xf5, 0xa2, 0xfe, 0xd1, 0xfe, 0xe8, 0x00, 0x01, 0x00, 0x1d, 0x00, 0x19, 0x04, 0x15, 0x03, 0xef,
    0x00, 0x0b, 0x00, 0x00, 0x41, 0x33, 0x11, 0x21, 0x15, 0x21, 0x11, 0x23, 0x11, 0x21, 0x35, 0x21,
    0x01, 0xa3, 0xec, 0x01, 0x86, 0xfe, 0x7a, 0xec, 0xfe, 0x7a, 0x01, 0x86, 0x03, 0xef, 0xfe, 0x7c,
    0xce, 0xfe, 0x7c, 0x01, 0x84, 0xce, 0x00, 0x01, 0x00, 0x95, 0x01, 0x9a, 0x03, 0x9d, 0x02, 0x6a,
    0x00, 0x03, 0x00, 0x00, 0x53, 0x35, 0x21, 0x15, 0x95, 0x03, 0x08, 0x01, 0x9a, 0xd0, 0xd0, 0x00,
    0x00, 0x02, 0x00, 0x9f, 0x00, 0xbf, 0x03, 0x93, 0x03, 0x32, 0x00, 0x03, 0x00, 0x07, 0x00, 0x00,
    0x53, 0x35, 0x21, 0x15, 0x01, 0x35, 0x21, 0x15, 0x9f, 0x02, 0xf4, 0xfd, 0x0c, 0x02, 0xf4, 0x02,
    0x63, 0xcf, 0xcf, 0xfe, 0x5c, 0xce, 0xce, 0x00, 0x00, 0x02, 0x00, 0x5e, 0xff, 0xe4, 0x04, 0x94,
    0x05, 0x2c, 0x00, 0x0f, 0x00, 0x1b, 0x00, 0x00, 0x45, 0x22, 0x26, 0x02, 0x35, 0x34, 0x12, 0x36,
    0x33, 0x32, 0x16, 0x12, 0x15, 0x14, 0x02, 0x06, 0x27, 0x32, 0x36, 0x35, 0x34, 0x26, 0x23, 0x22,
    0x06, 0x15, 0x14, 0x16, 0x02, 0x7a, 0xa0, 0xf3, 0x89, 0x89, 0xf3, 0xa0, 0x9e, 0xf3, 0x89, 0x89,
    0xf3, 0x9e, 0x8c, 0x9a, 0x9a, 0x8c, 0x8d, 0x9b, 0x9b, 0x1c, 0x94, 0x01, 0x2c, 0xe4, 0xe5, 0x01,
    0x2c, 0x93, 0x93, 0xfe, 0xd4, 0xe5, 0xe4, 0xfe, 0xd4, 0x94, 0xd8, 0xed, 0xdf, 0xdf, 0xef, 0xef,
    0xdf, 0xdf, 0xed, 0x00, 0x00, 0x01, 0x00, 0x54, 0x00, 0x00, 0x02, 0x0e, 0x05, 0x1a, 0x00, 0x0a,
    0x00, 0x00, 0x41, 0x33, 0x11, 0x23, 0x11, 0x06, 0x06, 0x23, 0x35, 0x36, 0x36, 0x01, 0x5c, 0xb2,
    0xec, 0x35, 0x66, 0x33, 0x44, 0x80, 0x05, 0x1a, 0xfa, 0xe6, 0x04, 0x00, 0x18, 0x1a, 0xe2, 0x07,
    0x31, 0x00, 0x00, 0x01, 0x00, 0x78, 0x00, 0x00, 0x04, 0x52, 0x05, 0x2c, 0x00, 0x23, 0x00, 0x00,
    0x73, 0x35, 0x34, 0x36, 0x36, 0x37, 0x25, 0x36, 0x36, 0x35, 0x34, 0x26, 0x23, 0x22, 0x06, 0x07,
    0x21, 0x3e, 0x02, 0x33, 0x32, 0x16, 0x16, 0x15, 0x14, 0x06, 0x06, 0x07, 0x05, 0x06, 0x06, 0x15,
    0x15, 0x21, 0x15, 0x78, 0x42, 0x83, 0x63, 0x01, 0x0a, 0x57, 0x53, 0x6d, 0x65, 0x61, 0x83, 0x0a,
    0xfe, 0xfa, 0x03, 0x84, 0xde, 0x8b, 0x83, 0xd4, 0x7d, 0x49, 0x94, 0x71, 0xfe, 0xf4, 0x4e, 0x46,
    0x02, 0xe6, 0xde, 0x6d, 0x98, 0x69, 0x26, 0x66, 0x23, 0x66, 0x4b, 0x4b, 0x67, 0x61, 0x5d, 0x85,
    0xb0, 0x57, 0x63, 0xb1, 0x76, 0x64, 0x98, 0x72, 0x2c, 0x68, 0x1e, 0x49, 0x3b, 0x26, 0xd8, 0x00,
    0x00, 0x01, 0x00, 0x5a, 0xff, 0xe4, 0x04, 0x76, 0x05, 0x2c, 0x00, 0x2f, 0x00, 0x00, 0x45, 0x22,
    0x2e, 0x02, 0x35, 0x33, 0x1e, 0x02, 0x33, 0x32, 0x36, 0x35, 0x34, 0x26, 0x26, 0x23, 0x23, 0x35,
    0x33, 0x32, 0x36, 0x35, 0x34, 0x26, 0x23, 0x22, 0x06, 0x07, 0x23, 0x3e, 0x02, 0x33, 0x32, 0x16,
    0x16, 0x15, 0x14, 0x06, 0x07, 0x16, 0x16, 0x15, 0x14, 0x06, 0x06, 0x02, 0x72, 0x67, 0xc0, 0x98,
    0x59, 0xf8, 0x04, 0x4a, 0x7f, 0x53, 0x7a, 0x8a, 0x38, 0x74, 0x5a, 0xac, 0x92, 0x72, 0x82, 0x70,
    0x70, 0x5b, 0x8f, 0x14, 0xf8, 0x0e, 0x85, 0xd4, 0x85, 0x8d, 0xdc, 0x7f, 0x6c, 0x6a, 0x76, 0x8e,
    0x81, 0xe8, 0x1c, 0x38, 0x6e, 0xa3, 0x6b, 0x44, 0x63, 0x35, 0x70, 0x56, 0x38, 0x51, 0x2b, 0xba,
    0x62, 0x54, 0x4b, 0x65, 0x4a, 0x5c, 0x85, 0xa8, 0x4f, 0x5c, 0xa3, 0x6b, 0x63, 0x93, 0x24, 0x28,
    0x9e, 0x76, 0x73, 0xb1, 0x64, 0x00, 0x00, 0x02, 0x00, 0x2c, 0x00, 0x00, 0x04, 0x8a, 0x05, 0x20,
    0x00, 0x0a, 0x00, 0x0d, 0x00, 0x00, 0x41, 0x33, 0x11, 0x33, 0x15, 0x23, 0x11, 0x23, 0x11, 0x21,
    0x35, 0x01, 0x01, 0x21, 0x02, 0xc4, 0xe4, 0xe2, 0xe2, 0xea, 0xfd, 0x6e, 0x02, 0x9e, 0xfe, 0x7a,
    0x01, 0x86, 0x05, 0x20, 0xfc, 0xca, 0xca, 0xfe, 0xe0, 0x01, 0x20, 0xb2, 0x01, 0xf0, 0xfe, 0x10,
    0x00, 0x01, 0x00, 0x72, 0xff, 0xe4, 0x04, 0x3c, 0x05, 0x12, 0x00, 0x1e, 0x00, 0x00, 0x45, 0x22,
    0x26, 0x26, 0x27, 0x33, 0x14, 0x16, 0x33, 0x32, 0x36, 0x35, 0x34, 0x21, 0x21, 0x13, 0x21, 0x15,
    0x21, 0x37, 0x03, 0x27, 0x36, 0x36, 0x33, 0x32, 0x16, 0x15, 0x14, 0x06, 0x06, 0x02, 0x52, 0x8c,
    0xd6, 0x7b, 0x03, 0xf0, 0x8a, 0x66, 0x6d, 0x8b, 0xfe, 0xf4, 0xfe, 0x74, 0x3c, 0x03, 0x0a, 0xfd,
    0xb4, 0x2e, 0x26, 0x14, 0x30, 0x84, 0x30, 0xc9, 0xef, 0x7a, 0xdc, 0x1c, 0x61, 0xba, 0x85, 0x64,
    0x64, 0x8d, 0x67, 0xc8, 0x02, 0x9a, 0xd8, 0x44, 0xfe, 0x7e, 0x16, 0x0b, 0x0b, 0xc3, 0xb5, 0x81,
    0xd1, 0x7a, 0x00, 0x02, 0x00, 0x5e, 0xff, 0xe4, 0x04, 0x5c, 0x05, 0x2c, 0x00, 0x21, 0x00, 0x2e,
    0x00, 0x00, 0x45, 0x22, 0x26, 0x02, 0x35, 0x34, 0x12, 0x36, 0x33, 0x32, 0x16, 0x16, 0x17, 0x23,
    0x26, 0x26, 0x23, 0x22, 0x02, 0x15, 0x14, 0x16, 0x17, 0x3e, 0x02, 0x33, 0x32, 0x16, 0x16, 0x15,
    0x14, 0x06, 0x06, 0x27, 0x32, 0x36, 0x35, 0x34, 0x26, 0x23, 0x22, 0x06, 0x06, 0x15, 0x14, 0x16,
    0x02, 0x84, 0xa3, 0xf8, 0x8b, 0x8c, 0xfd, 0xa9, 0x81, 0xc6, 0x72, 0x05, 0xfc, 0x0b, 0x5a, 0x55,
    0x9a, 0xb4, 0x03, 0x05, 0x10, 0x6d, 0x9a, 0x55, 0x7a, 0xba, 0x6a, 0x77, 0xd5, 0x8c, 0x5e, 0x86,
    0x86, 0x5e, 0x3e, 0x65, 0x3d, 0x83, 0x1c, 0xaa, 0x01, 0x27, 0xbd, 0xdf, 0x01, 0x38, 0xa3, 0x5f,
    0xac, 0x73, 0x4e, 0x5a, 0xfe, 0xf1, 0xe9, 0x1e, 0x46, 0x20, 0x7b, 0x8c, 0x3b, 0x6a, 0xba, 0x78,
    0x7b, 0xba, 0x67, 0xd8, 0x71, 0x5d, 0x61, 0x6f, 0x34, 0x5e, 0x3e, 0x5d, 0x71, 0x00, 0x00, 0x01,
    0x00, 0x30, 0x00, 0x00, 0x03, 0xc0, 0x05, 0x12, 0x00, 0x06, 0x00, 0x00, 0x73, 0x01, 0x21, 0x35,
    0x21, 0x15, 0x01, 0x58, 0x02, 0x52, 0xfd, 0x86, 0x03, 0x90, 0xfd, 0xd6, 0x04, 0x2e, 0xe4, 0xe2,
    0xfb, 0xd0, 0x00, 0x01, 0x00, 0x62, 0xff, 0xe4, 0x04, 0xac, 0x05, 0x2c, 0x00, 0x45, 0x00, 0x00,
    0x45, 0x22, 0x26, 0x26, 0x35, 0x34, 0x36, 0x36, 0x33, 0x32, 0x16, 0x17, 0x15, 0x22, 0x06, 0x06,
    0x15, 0x14, 0x16, 0x16, 0x33, 0x32, 0x36, 0x35, 0x34, 0x26, 0x27, 0x25, 0x2e, 0x02, 0x35, 0x34,
    0x36, 0x36, 0x33, 0x32, 0x16, 0x16, 0x15, 0x14, 0x06, 0x06, 0x23, 0x22, 0x26, 0x27, 0x35, 0x32,
    0x36, 0x36, 0x35, 0x34, 0x26, 0x26, 0x23, 0x22, 0x06, 0x06, 0x15, 0x14, 0x16, 0x17, 0x05, 0x16,
    0x16, 0x15, 0x14, 0x06, 0x06, 0x02, 0x86, 0xa7, 0xf6, 0x87, 0x62, 0xaa, 0x6a, 0x2a, 0x48, 0x30,
    0x55, 0x84, 0x4b, 0x52, 0x8a, 0x54, 0x9c, 0x96, 0x49, 0x41, 0xfe, 0x8e, 0x43, 0x8b, 0x60, 0x77,
    0xe1, 0xa0, 0x8e, 0xe4, 0x86, 0x52, 0x9c, 0x6e, 0x26, 0x40, 0x2a, 0x42, 0x71, 0x45, 0x42, 0x75,
    0x4d, 0x49, 0x76, 0x45, 0x44, 0x40, 0x01, 0x7e, 0x8f, 0x99, 0x81, 0xf6, 0x1c, 0x63, 0xab, 0x6c,
    0x5c, 0x82, 0x46, 0x0e, 0x0c, 0x3a, 0x32, 0x54, 0x32, 0x3a, 0x53, 0x2d, 0x51, 0x3f, 0x32, 0x47,
    0x19, 0x8e, 0x1a, 0x5c, 0x8a, 0x5e, 0x6c, 0x9f, 0x57, 0x60, 0xa8, 0x6c, 0x4b, 0x80, 0x4f, 0x0d,
    0x0d, 0x44, 0x2b, 0x4d, 0x34, 0x35, 0x4e, 0x2b, 0x27, 0x44, 0x2b, 0x31, 0x3f, 0x1a, 0x94, 0x37,
    0x91, 0x82, 0x6c, 0xa8, 0x60, 0x00, 0x00, 0x02, 0x00, 0x6a, 0xff, 0xe4, 0x04, 0x66, 0x05, 0x2c,
    0x00, 0x23, 0x00, 0x30, 0x00, 0x00, 0x45, 0x22, 0x26, 0x26, 0x35, 0x33, 0x16, 0x16, 0x33, 0x32,
    0x36, 0x36, 0x35, 0x34, 0x26, 0x27, 0x0e, 0x02, 0x23, 0x22, 0x26, 0x26, 0x35, 0x34, 0x36, 0x36,
    0x33, 0x32, 0x1e, 0x02, 0x15, 0x14, 0x02, 0x06, 0x03, 0x32, 0x36, 0x36, 0x35, 0x34, 0x26, 0x23,
    0x22, 0x06, 0x15, 0x14, 0x16, 0x02, 0x52, 0x86, 0xd6, 0x7e, 0xf6, 0x04, 0x7b, 0x5d, 0x6d, 0x86,
    0x3d, 0x03, 0x05, 0x13, 0x6a, 0x97, 0x58, 0x79, 0xb9, 0x6a, 0x77, 0xd3, 0x8a, 0x74, 0xc9, 0x96,
    0x55, 0x76, 0xec, 0xc4, 0x3d, 0x67, 0x3e, 0x87, 0x5d, 0x5d, 0x83, 0x84, 0x1c, 0x69, 0xb9, 0x7a,
    0x5a, 0x6a, 0x7d, 0xe2, 0x97, 0x1e, 0x39, 0x1f, 0x6e, 0x87, 0x3d, 0x69, 0xb9, 0x78, 0x7c, 0xba,
    0x66, 0x5e, 0xad, 0xf0, 0x93, 0xd5, 0xfe, 0xc6, 0xab, 0x02, 0xd4, 0x34, 0x5c, 0x3c, 0x60, 0x70,
    0x70, 0x60, 0x60, 0x6c, 0x00, 0x03, 0x00, 0x82, 0xff, 0x36, 0x04, 0xe0, 0x05, 0xc2, 0x00, 0x1a,
    0x00, 0x1e, 0x00, 0x34, 0x00, 0x00, 0x45, 0x22, 0x2e, 0x02, 0x35, 0x33, 0x14, 0x16, 0x16, 0x33,
    0x32, 0x36, 0x36, 0x35, 0x34, 0x26, 0x27, 0x27, 0x35, 0x05, 0x16, 0x16, 0x15, 0x14, 0x06, 0x06,
    0x05, 0x11, 0x33, 0x11, 0x03, 0x27, 0x26, 0x26, 0x35, 0x34, 0x24, 0x21, 0x32, 0x16, 0x17, 0x23,
    0x26, 0x26, 0x23, 0x22, 0x06, 0x15, 0x14, 0x16, 0x17, 0x17, 0x02, 0xc4, 0x73, 0xd1, 0xa1, 0x5d,
    0xe8, 0x54, 0xa0, 0x72, 0x5b, 0x74, 0x37, 0x4b, 0x47, 0x8e, 0x01, 0x00, 0x96, 0x94, 0x73, 0xef,
    0xfe, 0xe0, 0xa8, 0x7a, 0x92, 0xa8, 0xb6, 0x01, 0x0d, 0x01, 0x01, 0xef, 0xf9, 0x1e, 0xea, 0x0f,
    0x91, 0x80, 0x84, 0x86, 0x41, 0x45, 0x6a, 0x1c, 0x34, 0x69, 0xa5, 0x70, 0x4e, 0x60, 0x2c, 0x2c,
    0x4b, 0x2d, 0x39, 0x54, 0x19, 0x36, 0xcc, 0x5a, 0x34, 0xa0, 0x80, 0x5e, 0xab, 0x6d, 0xae, 0x06,
    0x8c, 0xf9, 0x74, 0x03, 0x02, 0x32, 0x39, 0x9e, 0x89, 0x9e, 0xc4, 0xcf, 0xb1, 0x4d, 0x69, 0x5a,
    0x46, 0x34, 0x41, 0x19, 0x2c, 0x00, 0x00, 0x02, 0x00, 0x30, 0xff, 0xe4, 0x03, 0xca, 0x05, 0x2c,
    0x00, 0x1f, 0x00, 0x2b, 0x00, 0x00, 0x41, 0x35, 0x34, 0x36, 0x36, 0x37, 0x3e, 0x02, 0x35, 0x34,
    0x26, 0x23, 0x22, 0x06, 0x07, 0x23, 0x36, 0x36, 0x33, 0x32, 0x16, 0x16, 0x15, 0x14, 0x06, 0x07,
    0x0e, 0x02, 0x15, 0x15, 0x03, 0x22, 0x26, 0x35, 0x34, 0x36, 0x33, 0x32, 0x16, 0x15, 0x14, 0x06,
    0x01, 0x5e, 0x29, 0x57, 0x48, 0x3f, 0x46, 0x1b, 0x66, 0x58, 0x69, 0x71, 0x08, 0xf6, 0x0b, 0xeb,
    0xd8, 0x8e, 0xce, 0x70, 0x69, 0x6f, 0x41, 0x49, 0x1e, 0x70, 0x49, 0x5b, 0x5b, 0x48, 0x49, 0x60,
    0x60, 0x01, 0x84, 0x50, 0x57, 0x70, 0x4d, 0x24, 0x20, 0x37, 0x3a, 0x27, 0x3f, 0x53, 0x5d, 0x4d,
    0xae, 0xd2, 0x60, 0xa4, 0x66, 0x68, 0x90, 0x38, 0x21, 0x3a, 0x45, 0x34, 0x3a, 0xfe, 0x60, 0x5a,
    0x41, 0x44, 0x5b, 0x5b, 0x43, 0x42, 0x5a, 0x00, 0x00, 0x03, 0x00, 0x2c, 0x00, 0x00, 0x04, 0x6a,
    0x05, 0x2c, 0x00, 0x16, 0x00, 0x20, 0x00, 0x24, 0x00, 0x00, 0x77, 0x35, 0x32, 0x36, 0x35, 0x11,
    0x34, 0x36, 0x36, 0x33, 0x32, 0x16, 0x17, 0x23, 0x26, 0x26, 0x23, 0x22, 0x06, 0x15, 0x11, 0x14,
    0x06, 0x05, 0x35, 0x21, 0x32, 0x36, 0x37, 0x21, 0x06, 0x06, 0x23, 0x01, 0x35, 0x21, 0x15, 0x6c,
    0x4a, 0x3c, 0x66, 0xb7, 0x7b, 0xa5, 0xc3, 0x18, 0xe8, 0x09, 0x51, 0x3e, 0x4e, 0x5e, 0xa0, 0xfe,
    0xee, 0x02, 0x7a, 0x63, 0x57, 0x0a, 0x01, 0x00, 0x04, 0xcb, 0xf3, 0xfd, 0xa4, 0x02, 0xe8, 0x90,
    0x44, 0x56, 0x58, 0x01, 0xf6, 0x90, 0xc2, 0x62, 0xb0, 0xae, 0x42, 0x46, 0x6c, 0x72, 0xfe, 0x1a,
    0x84, 0x7e, 0x90, 0xd4, 0x4d, 0x4f, 0xae, 0xc2, 0x02, 0x32, 0x9e, 0x9e, 0xff, 0xff, 0x00, 0x5e,
    0x04, 0x5d, 0x02, 0x71, 0x06, 0x2e, 0x04, 0x06, 0x01, 0xca, 0x00, 0x00, 0xff, 0xff, 0x00, 0x5e,
    0x04, 0x5d, 0x02, 0x72, 0x06, 0x2e, 0x04, 0x06, 0x01, 0xcb, 0x00, 0x00, 0xff, 0xff, 0x00, 0x6e,
    0xff, 0xe4, 0x03, 0xf2, 0x06, 0x2e, 0x06, 0x26, 0x00, 0x0d, 0x00, 0x00, 0x00, 0x07, 0x01, 0xca,
    0x00, 0xdf, 0x00, 0x00, 0xff, 0xff, 0x00, 0x5e, 0xff, 0xe4, 0x03, 0xcc, 0x06, 0x2e, 0x06, 0x26,
    0x00, 0x11, 0x00, 0x00, 0x00, 0x07, 0x01, 0xca, 0x00, 0xa9, 0x00, 0x00, 0xff, 0xff, 0x00, 0x5e,
    0xff, 0xe4, 0x04, 0x0e, 0x06, 0x2e, 0x06, 0x26, 0x00, 0x1b, 0x00, 0x00, 0x00, 0x07, 0x01, 0xca,
    0x00, 0xcd, 0x00, 0x00, 0xff, 0xff, 0x00, 0x2c, 0x00, 0x00, 0x04, 0xb6, 0x07, 0x74, 0x06, 0x26,
    0x00, 0x27, 0x00, 0x00, 0x00, 0x07, 0x01, 0xca, 0x01, 0x15, 0x01, 0x46, 0xff, 0xff, 0x00, 0xb8,
    0x00, 0x00, 0x03, 0xfa, 0x07, 0x74, 0x06, 0x26, 0x00, 0x2b, 0x00, 0x00, 0x00, 0x07, 0x01, 0xca,
    0x00, 0xe1, 0x01, 0x46, 0xff, 0xff, 0x00, 0xa6, 0xff, 0xee, 0x04, 0x2c, 0x06, 0x2e, 0x06, 0x26,
    0x00, 0x21, 0x00, 0x00, 0x00, 0x07, 0x01, 0xca, 0x01, 0x1a, 0x00, 0x00, 0xff, 0xff, 0x00, 0x6e,
    0xff, 0xe4, 0x03, 0xf2, 0x06, 0x2b, 0x06, 0x26, 0x00, 0x0d, 0x00, 0x00, 0x00, 0x07, 0x01, 0xcb,
    0x01, 0x39, 0xff, 0xfd, 0xff, 0xff, 0x00, 0x5e, 0xff, 0xe4, 0x03, 0xcc, 0x06, 0x2b, 0x06, 0x26,
    0x00, 0x11, 0x00, 0x00, 0x00, 0x07, 0x01, 0xcb, 0x01, 0x03, 0xff, 0xfd, 0xff, 0xff, 0x00, 0x5e,
    0xff, 0xe4, 0x04, 0x0e, 0x06, 0x2b, 0x06, 0x26, 0x00, 0x1b, 0x00, 0x00, 0x00, 0x07, 0x01, 0xcb,
    0x01, 0x27, 0xff, 0xfd, 0xff, 0xff, 0x00, 0xa6, 0xff, 0xee, 0x04, 0x2c, 0x06, 0x2b, 0x06, 0x26,
    0x00, 0x21, 0x00, 0x00, 0x00, 0x07, 0x01, 0xcb, 0x01, 0x73, 0xff, 0xfd, 0xff, 0xff, 0x00, 0x2c,
    0x00, 0x00, 0x04, 0xb6, 0x07, 0x71, 0x06, 0x26, 0x00, 0x27, 0x00, 0x00, 0x00, 0x07, 0x01, 0xcb,
    0x01, 0x6e, 0x01, 0x43, 0xff, 0xff, 0x00, 0xb8, 0x00, 0x00, 0x03, 0xfa, 0x07, 0x71, 0x06, 0x26,
    0x00, 0x2b, 0x00, 0x00, 0x00, 0x07, 0x01, 0xcb, 0x01, 0x3b, 0x01, 0x43, 0xff, 0xff, 0x00, 0x25,
    0x00, 0x00, 0x02, 0x38, 0x07, 0x74, 0x06, 0x26, 0x00, 0x2f, 0x00, 0x00, 0x00, 0x07, 0x01, 0xca,
    0xff, 0xc7, 0x01, 0x46, 0xff, 0xff, 0x00, 0x7f, 0x00, 0x00, 0x02, 0x93, 0x07, 0x71, 0x06, 0x26,
    0x00, 0x2f, 0x00, 0x00, 0x00, 0x07, 0x01, 0xcb, 0x00, 0x21, 0x01, 0x43, 0xff, 0xff, 0x00, 0x5e,
    0xff, 0xe4, 0x04, 0xf8, 0x07, 0x74, 0x06, 0x26, 0x00, 0x35, 0x00, 0x00, 0x00, 0x07, 0x01, 0xca,
    0x01, 0x45, 0x01, 0x46, 0xff, 0xff, 0x00, 0x5e, 0xff, 0xe4, 0x04, 0xf8, 0x07, 0x71, 0x06, 0x26,
    0x00, 0x35, 0x00, 0x00, 0x00, 0x07, 0x01, 0xcb, 0x01, 0x9f, 0x01, 0x43, 0xff, 0xff, 0x00, 0xa6,
    0xff, 0xe4, 0x04, 0xc2, 0x07, 0x74, 0x06, 0x26, 0x00, 0x3b, 0x00, 0x00, 0x00, 0x07, 0x01, 0xca,
    0x01, 0x49, 0x01, 0x46, 0xff, 0xff, 0x00, 0xa6, 0xff, 0xe4, 0x04, 0xc2, 0x07, 0x71, 0x06, 0x26,
    0x00, 0x3b, 0x00, 0x00, 0x00, 0x07, 0x01, 0xcb, 0x01, 0xa2, 0x01, 0x43, 0xff, 0xff, 0x00, 0x5e,
    0x04, 0x55, 0x03, 0x27, 0x05, 0xf4, 0x04, 0x06, 0x01, 0xce, 0x00, 0x00, 0xff, 0xff, 0x00, 0x6e,
    0xff, 0xe4, 0x03, 0xf2, 0x05, 0xec, 0x06, 0x26, 0x00, 0x0d, 0x00, 0x00, 0x00, 0x07, 0x01, 0xce,
    0x00, 0x86, 0xff, 0xf8, 0xff, 0xff, 0x00, 0x5e, 0xff, 0xe4, 0x03, 0xcc, 0x05, 0xec, 0x06, 0x26,
    0x00, 0x11, 0x00, 0x00, 0x00, 0x06, 0x01, 0xce, 0x50, 0xf8, 0xff, 0xff, 0x00, 0x5e, 0xff, 0xe4,
    0x04, 0x0e, 0x05, 0xec, 0x06, 0x26, 0x00, 0x1b, 0x00, 0x00, 0x00, 0x06, 0x01, 0xce, 0x74, 0xf8,
    0xff, 0xff, 0x00, 0xa6, 0xff, 0xee, 0x04, 0x2c, 0x05, 0xec, 0x06, 0x26, 0x00, 0x21, 0x00, 0x00,
    0x00, 0x07, 0x01, 0xce, 0x00, 0xc0, 0xff, 0xf8, 0xff, 0xff, 0x00, 0x2c, 0x00, 0x00, 0x04, 0xb6,
    0x07, 0x32, 0x06, 0x26, 0x00, 0x27, 0x00, 0x00, 0x00, 0x07, 0x01, 0xce, 0x00, 0xbb, 0x01, 0x3e,
    0xff, 0xff, 0x00, 0xb8, 0x00, 0x00, 0x03, 0xfa, 0x07, 0x32, 0x06, 0x26, 0x00, 0x2b, 0x00, 0x00,
    0x00, 0x07, 0x01, 0xce, 0x00, 0x88, 0x01, 0x3e, 0xff, 0xff, 0xff, 0xcc, 0x00, 0x00, 0x02, 0x95,
    0x07, 0x32, 0x06, 0x26, 0x00, 0x2f, 0x00, 0x00, 0x00, 0x07, 0x01, 0xce, 0xff, 0x6e, 0x01, 0x3e,
    0xff, 0xff, 0x00, 0x5e, 0xff, 0xe4, 0x04, 0xf8, 0x07, 0x32, 0x06, 0x26, 0x00, 0x35, 0x00, 0x00,
    0x00, 0x07, 0x01, 0xce, 0x00, 0xec, 0x01, 0x3e, 0xff, 0xff, 0x00, 0xa6, 0xff, 0xe4, 0x04, 0xc2,
    0x07, 0x32, 0x06, 0x26, 0x00, 0x3b, 0x00, 0x00, 0x00, 0x07, 0x01, 0xce, 0x00, 0xef, 0x01, 0x3e,
    0xff, 0xff, 0x00, 0x5e, 0x04, 0x68, 0x03, 0x12, 0x05, 0xa1, 0x04, 0x06, 0x01, 0xd2, 0x30, 0x00,
    0x00, 0x02, 0x00, 0xb8, 0xff, 0xe4, 0x07, 0x1e, 0x05, 0x28, 0x00, 0x2b, 0x00, 0x46, 0x00, 0x00,
    0x45, 0x22, 0x26, 0x27, 0x01, 0x26, 0x26, 0x35, 0x34, 0x36, 0x36, 0x33, 0x32, 0x16, 0x16, 0x15,
    0x14, 0x06, 0x06, 0x07, 0x27, 0x3e, 0x02, 0x35, 0x34, 0x26, 0x23, 0x22, 0x06, 0x15, 0x14, 0x16,
    0x17, 0x01, 0x16, 0x16, 0x33, 0x32, 0x36, 0x37, 0x33, 0x06, 0x06, 0x21, 0x22, 0x2e, 0x02, 0x35,
    0x34, 0x36, 0x37, 0x17, 0x06, 0x06, 0x15, 0x14, 0x16, 0x16, 0x33, 0x32, 0x3e, 0x02, 0x37, 0x17,
    0x06, 0x02, 0x06, 0x06, 0x05, 0xe8, 0x61, 0xa8, 0x5f, 0xfd, 0x86, 0x3f, 0x51, 0x66, 0xc4, 0x8c,
    0x87, 0xbf, 0x66, 0x58, 0xb0, 0x84, 0x7c, 0x5a, 0x73, 0x37, 0x5d, 0x4b, 0x57, 0x5b, 0x2e, 0x30,
    0x02, 0x66, 0x25, 0x3f, 0x2e, 0x30, 0x45, 0x03, 0xd6, 0x04, 0x9a, 0xfc, 0x50, 0x6f, 0xc2, 0x94,
    0x53, 0xfb, 0xdf, 0x4c, 0x99, 0x89, 0x42, 0x7c, 0x58, 0x70, 0xbe, 0xa1, 0x84, 0x33, 0x9e, 0x36,
    0x9f, 0xcc, 0xf7, 0x1c, 0x55, 0x57, 0x02, 0x3e, 0x39, 0x94, 0x51, 0x58, 0x8f, 0x55, 0x54, 0x8e,
    0x56, 0x5a, 0x8f, 0x71, 0x2c, 0x74, 0x23, 0x49, 0x54, 0x34, 0x3c, 0x4e, 0x55, 0x3d, 0x2e, 0x52,
    0x2c, 0xfd, 0xd6, 0x1f, 0x21, 0x46, 0x4e, 0xa3, 0xc1, 0x3c, 0x6c, 0x91, 0x55, 0x9a, 0xa0, 0x12,
    0x80, 0x0d, 0x61, 0x50, 0x37, 0x59, 0x36, 0x59, 0x9f, 0xd7, 0x7f, 0x58, 0xa0, 0xfe, 0xf9, 0xbe,
    0x67, 0x00, 0x00, 0x02, 0x00, 0x86, 0xfe, 0x4e, 0x07, 0xa0, 0x05, 0x2c, 0x00, 0x3c, 0x00, 0x4a,
    0x00, 0x00, 0x41, 0x22, 0x24, 0x24, 0x02, 0x35, 0x34, 0x12, 0x24, 0x24, 0x33, 0x32, 0x04, 0x16,
    0x12, 0x15, 0x14, 0x0e, 0x02, 0x23, 0x22, 0x26, 0x27, 0x27, 0x06, 0x06, 0x23, 0x22, 0x26, 0x26,
    0x35, 0x34, 0x3e, 0x02, 0x33, 0x32, 0x16, 0x15, 0x11, 0x14, 0x16, 0x33, 0x32, 0x36, 0x36, 0x35,
    0x34, 0x26, 0x24, 0x23, 0x22, 0x04, 0x06, 0x02, 0x15, 0x14, 0x12, 0x04, 0x33, 0x03, 0x32, 0x36,
    0x37, 0x35, 0x34, 0x26, 0x23, 0x22, 0x06, 0x06, 0x15, 0x14, 0x16, 0x04, 0x72, 0xe4, 0xfe, 0x8f,
    0xfe, 0xf7, 0x8e, 0x94, 0x01, 0x08, 0x01, 0x64, 0xcf, 0xc1, 0x01, 0x37, 0xdd, 0x76, 0x52, 0x8b,
    0xad, 0x5b, 0x5b, 0x7a, 0x12, 0x0c, 0x22, 0x74, 0x61, 0x5d, 0x9c, 0x5c, 0x4c, 0x87, 0xad, 0x61,
    0x86, 0x9b, 0x23, 0x23, 0x2e, 0x70, 0x50, 0x8a, 0xfe, 0xf6, 0xbf, 0xa6, 0xfe, 0xee, 0xc7, 0x6c,
    0xb2, 0x01, 0x56, 0xf6, 0x79, 0x46, 0x5b, 0x28, 0x2e, 0x3d, 0x3b, 0x7a, 0x52, 0x61, 0xfe, 0x4e,
    0x82, 0xea, 0x01, 0x3d, 0xbc, 0xc1, 0x01, 0x44, 0xf0, 0x84, 0x71, 0xcc, 0xfe, 0xf1, 0x9c, 0x87,
    0xd2, 0x91, 0x4c, 0x47, 0x3d, 0x20, 0x44, 0x60, 0x5f, 0xaa, 0x70, 0x65, 0xb1, 0x86, 0x4d, 0x9f,
    0x9f, 0xfe, 0xfa, 0x37, 0x2f, 0x52, 0xa8, 0x80, 0x9b, 0xf2, 0x8b, 0x6b, 0xc0, 0xfe, 0xff, 0x97,
    0xbd, 0xfe, 0xdc, 0xa6, 0x01, 0xbe, 0x51, 0x4b, 0xc8, 0x3e, 0x4c, 0x4c, 0x89, 0x5b, 0x60, 0x5e,
    0xff, 0xff, 0x00, 0x5e, 0x04, 0x76, 0x02, 0xf8, 0x05, 0x81, 0x04, 0x06, 0x01, 0xc8, 0x00, 0x00,
    0xff, 0xff, 0x00, 0x6e, 0xff, 0xe4, 0x03, 0xf2, 0x05, 0x81, 0x06, 0x26, 0x00, 0x0d, 0x00, 0x00,
    0x00, 0x07, 0x01, 0xc8, 0x00, 0x9d, 0x00, 0x00, 0xff, 0xff, 0x00, 0x5e, 0xff, 0xe4, 0x03, 0xcc,
    0x05, 0x81, 0x06, 0x26, 0x00, 0x11, 0x00, 0x00, 0x00, 0x06, 0x01, 0xc8, 0x67, 0x00, 0xff, 0xff,
    0x00, 0x5e, 0xff, 0xe4, 0x04, 0x0e, 0x05, 0x81, 0x06, 0x26, 0x00, 0x1b, 0x00, 0x00, 0x00, 0x07,
    0x01, 0xc8, 0x00, 0x8b, 0x00, 0x00, 0xff, 0xff, 0x00, 0xa6, 0xff, 0xee, 0x04, 0x2c, 0x05, 0x81,
    0x06, 0x26, 0x00, 0x21, 0x00, 0x00, 0x00, 0x07, 0x01, 0xc8, 0x00, 0xd8, 0x00, 0x00, 0xff, 0xff,
    0x00, 0x2c, 0x00, 0x00, 0x04, 0xb6, 0x06, 0xc7, 0x06, 0x26, 0x00, 0x27, 0x00, 0x00, 0x00, 0x07,
    0x01, 0xc8, 0x00, 0xd3, 0x01, 0x46, 0xff, 0xff, 0x00, 0xb8, 0x00, 0x00, 0x03, 0xfa, 0x06, 0xc7,
    0x06, 0x26, 0x00, 0x2b, 0x00, 0x00, 0x00, 0x07, 0x01, 0xc8, 0x00, 0x9f, 0x01, 0x46, 0xff, 0xff,
    0xff, 0xe3, 0x00, 0x00, 0x02, 0x7d, 0x06, 0xc7, 0x06, 0x26, 0x00, 0x2f, 0x00, 0x00, 0x00, 0x07,
    0x01, 0xc8, 0xff, 0x85, 0x01, 0x46, 0xff, 0xff, 0x00, 0x5e, 0xff, 0xe4, 0x04, 0xf8, 0x06, 0xc7,
    0x06, 0x26, 0x00, 0x35, 0x00, 0x00, 0x00, 0x07, 0x01, 0xc8, 0x01, 0x03, 0x01, 0x46, 0xff, 0xff,
    0x00, 0xa6, 0xff, 0xe4, 0x04, 0xc2, 0x06, 0xc7, 0x06, 0x26, 0x00, 0x3b, 0x00, 0x00, 0x00, 0x07,
    0x01, 0xc8, 0x01, 0x07, 0x01, 0x46, 0xff, 0xff, 0x00, 0x38, 0x00, 0x00, 0x02, 0x4b, 0x06, 0x2e,
    0x06, 0x26, 0x00, 0xf2, 0x00, 0x00, 0x00, 0x06, 0x01, 0xca, 0xda, 0x00, 0xff, 0xff, 0x00, 0x92,
    0x00, 0x00, 0x02, 0xa6, 0x06, 0x2b, 0x06, 0x26, 0x00, 0xf2, 0x00, 0x00, 0x00, 0x06, 0x01, 0xcb,
    0x34, 0xfd, 0xff, 0xff, 0xff, 0xdf, 0x00, 0x00, 0x02, 0xa8, 0x05, 0xec, 0x06, 0x26, 0x00, 0xf2,
    0x00, 0x00, 0x00, 0x06, 0x01, 0xce, 0x81, 0xf8, 0xff, 0xff, 0xff, 0xf6, 0x00, 0x00, 0x02, 0x90,
    0x05, 0x81, 0x06, 0x26, 0x00, 0xf2, 0x00, 0x00, 0x00, 0x06, 0x01, 0xc8, 0x98, 0x00, 0x00, 0x01,
    0x00, 0x7d, 0x00, 0x38, 0x03, 0xb6, 0x04, 0xd2, 0x00, 0x07, 0x00, 0x00, 0x41, 0x17, 0x01, 0x35,
    0x01, 0x07, 0x01, 0x35, 0x03, 0x19, 0x9d, 0xfd, 0x71, 0x02, 0x8f, 0x9d, 0xfd, 0x64, 0x04, 0xd2,
    0xb4, 0xfe, 0x34, 0x64, 0xfe, 0x36, 0xb4, 0x01, 0xe2, 0xd4, 0x00, 0x01, 0x00, 0x7d, 0x00, 0x38,
    0x03, 0xb5, 0x04, 0xd2, 0x00, 0x07, 0x00, 0x00, 0x65, 0x27, 0x01, 0x15, 0x01, 0x37, 0x01, 0x15,
    0x01, 0x19, 0x9c, 0x02, 0x8c, 0xfd, 0x74, 0x9c, 0x02, 0x9c, 0x38, 0xb4, 0x01, 0xca, 0x64, 0x01,
    0xcc, 0xb4, 0xfe, 0x1c, 0xd4, 0x00, 0x00, 0x02, 0x00, 0x40, 0x03, 0x80, 0x02, 0xbe, 0x05, 0x5c,
    0x00, 0x03, 0x00, 0x07, 0x00, 0x00, 0x41, 0x03, 0x33, 0x03, 0x21, 0x03, 0x33, 0x03, 0x01, 0xf0,
    0x1e, 0xec, 0x20, 0xfd, 0xc0, 0x1e, 0xec, 0x20, 0x03, 0x80, 0x01, 0xdc, 0xfe, 0x24, 0x01, 0xdc,
    0xfe, 0x24, 0x00, 0x02, 0x00, 0x72, 0x00, 0x42, 0x04, 0xf2, 0x04, 0xbc, 0x00, 0x1b, 0x00, 0x1f,
    0x00, 0x00, 0x65, 0x13, 0x23, 0x37, 0x33, 0x13, 0x23, 0x37, 0x33, 0x13, 0x33, 0x03, 0x21, 0x13,
    0x33, 0x03, 0x33, 0x07, 0x23, 0x03, 0x33, 0x07, 0x23, 0x03, 0x23, 0x13, 0x21, 0x03, 0x13, 0x21,
    0x13, 0x21, 0x01, 0x0e, 0x1c, 0xb8, 0x0e, 0xba, 0x22, 0xba, 0x10, 0xba, 0x1c, 0xde, 0x1c, 0x01,
    0x10, 0x1c, 0xdc, 0x1a, 0xba, 0x10, 0xbc, 0x20, 0xbc, 0x10, 0xbc, 0x1c, 0xde, 0x1c, 0xfe, 0xf0,
    0x1c, 0x2c, 0x01, 0x10, 0x22, 0xfe, 0xf0, 0x42, 0x01, 0x06, 0x9a, 0x01, 0x3c, 0x9a, 0x01, 0x04,
    0xfe, 0xfc, 0x01, 0x04, 0xfe, 0xfc, 0x9a, 0xfe, 0xc4, 0x9a, 0xfe, 0xfa, 0x01, 0x06, 0xfe, 0xfa,
    0x01, 0xa0, 0x01, 0x3c, 0x00, 0x01, 0x00, 0x64, 0x03, 0x18, 0x02, 0xd8, 0x05, 0x80, 0x00, 0x0e,
    0x00, 0x00, 0x53, 0x37, 0x27, 0x37, 0x17, 0x27, 0x33, 0x07, 0x37, 0x17, 0x07, 0x17, 0x07, 0x27,
    0x07, 0x96, 0xac, 0xde, 0x3c, 0xc6, 0x18, 0xa0, 0x18, 0xc6, 0x3c, 0xda, 0xac, 0x76, 0x94, 0x98,
    0x03, 0x7e, 0xa2, 0x4a, 0x8c, 0x64, 0xee, 0xee, 0x68, 0x8e, 0x4a, 0xa4, 0x66, 0xca, 0xca, 0x00,
    0x00, 0x01, 0x00, 0x6a, 0xff, 0x60, 0x03, 0x5e, 0x05, 0xd2, 0x00, 0x03, 0x00, 0x00, 0x57, 0x01,
    0x33, 0x01, 0x6a, 0x02, 0x02, 0xf2, 0xfd, 0xfa, 0xa0, 0x06, 0x72, 0xf9, 0x8e, 0x00, 0x00, 0x05,
    0x00, 0x7a, 0xff, 0xea, 0x05, 0x92, 0x05, 0x2c, 0x00, 0x03, 0x00, 0x13, 0x00, 0x1f, 0x00, 0x2f,
    0x00, 0x3b, 0x00, 0x00, 0x73, 0x01, 0x33, 0x01, 0x05, 0x22, 0x26, 0x26, 0x35, 0x34, 0x36, 0x36,
    0x33, 0x32, 0x16, 0x16, 0x15, 0x14, 0x06, 0x06, 0x27, 0x32, 0x36, 0x35, 0x34, 0x26, 0x23, 0x22,
    0x06, 0x15, 0x14, 0x16, 0x01, 0x22, 0x26, 0x26, 0x35, 0x34, 0x36, 0x36, 0x33, 0x32, 0x16, 0x16,
    0x15, 0x14, 0x06, 0x06, 0x27, 0x32, 0x36, 0x35, 0x34, 0x26, 0x23, 0x22, 0x06, 0x15, 0x14, 0x16,
    0xd4, 0x03, 0x70, 0xee, 0xfc, 0x92, 0x02, 0xba, 0x48, 0x7c, 0x4c, 0x4c, 0x7c, 0x48, 0x4a, 0x7e,
    0x4c, 0x4c, 0x7e, 0x4a, 0x2c, 0x36, 0x36, 0x2c, 0x2b, 0x35, 0x35, 0xfd, 0x37, 0x48, 0x7c, 0x4c,
    0x4c, 0x7c, 0x48, 0x4a, 0x7e, 0x4c, 0x4c, 0x7e, 0x4a, 0x2b, 0x37, 0x37, 0x2b, 0x2b, 0x35, 0x35,
    0x05, 0x12, 0xfa, 0xee, 0x16, 0x43, 0x87, 0x66, 0x66, 0x87, 0x43, 0x43, 0x87, 0x66, 0x66, 0x87,
    0x43, 0x98, 0x44, 0x54, 0x53, 0x47, 0x47, 0x53, 0x54, 0x44, 0x02, 0x4c, 0x43, 0x87, 0x66, 0x65,
    0x86, 0x43, 0x43, 0x86, 0x65, 0x66, 0x87, 0x43, 0x96, 0x46, 0x54, 0x53, 0x45, 0x45, 0x53, 0x54,
    0x46, 0x00, 0x00, 0x01, 0x00, 0x52, 0xff, 0x60, 0x03, 0x46, 0x05, 0xd2, 0x00, 0x03, 0x00, 0x00,
    0x53, 0x33, 0x01, 0x23, 0x52, 0xee, 0x02, 0x06, 0xf2, 0x05, 0xd2, 0xf9, 0x8e, 0x00, 0x00, 0x01,
    0x00, 0xba, 0xff, 0x0c, 0x01, 0xa6, 0x06, 0x04, 0x00, 0x03, 0x00, 0x00, 0x57, 0x11, 0x33, 0x11,
    0xba, 0xec, 0xf4, 0x06, 0xf8, 0xf9, 0x08, 0x00, 0x00, 0x01, 0x00, 0xba, 0xfe, 0xe6, 0x02, 0xa8,
    0x06, 0x2c, 0x00, 0x07, 0x00, 0x00, 0x53, 0x11, 0x21, 0x15, 0x21, 0x11, 0x21, 0x15, 0xba, 0x01,
    0xee, 0xfe, 0xfe, 0x01, 0x02, 0xfe, 0xe6, 0x07, 0x46, 0xd6, 0xfa, 0x66, 0xd6, 0x00, 0x00, 0x01,
    0xff, 0xf8, 0xfe, 0xe6, 0x01, 0xe6, 0x06, 0x2c, 0x00, 0x07, 0x00, 0x00, 0x41, 0x21, 0x35, 0x21,
    0x11, 0x21, 0x35, 0x21, 0x01, 0xe6, 0xfe, 0x12, 0x01, 0x02, 0xfe, 0xfe, 0x01, 0xee, 0xfe, 0xe6,
    0xd6, 0x05, 0x9a, 0xd6, 0x00, 0x01, 0x00, 0x2e, 0x01, 0xb4, 0x04, 0x04, 0x04, 0xb6, 0x00, 0x07,
    0x00, 0x00, 0x53, 0x01, 0x33, 0x01, 0x21, 0x01, 0x33, 0x01, 0x2e, 0x01, 0x8c, 0xbe, 0x01, 0x8c,
    0xfe, 0xfc, 0xfe, 0xec, 0x5a, 0xfe, 0xec, 0x01, 0xb4, 0x03, 0x02, 0xfc, 0xfe, 0x02, 0x4e, 0xfd,
    0xb2, 0x00, 0xff, 0xff, 0x00, 0x6e, 0x00, 0x00, 0x05, 0x94, 0x00, 0xce, 0x06, 0x07, 0x00, 0x0b,
    0x00, 0x00, 0xfe, 0x0c, 0x00, 0x01, 0x00, 0x8e, 0xfe, 0xc8, 0x03, 0x06, 0x06, 0x34, 0x00, 0x23,
    0x00, 0x00, 0x41, 0x22, 0x26, 0x26, 0x35, 0x35, 0x34, 0x26, 0x23, 0x23, 0x35, 0x33, 0x32, 0x36,
    0x35, 0x35, 0x34, 0x36, 0x36, 0x33, 0x15, 0x22, 0x06, 0x15, 0x15, 0x14, 0x06, 0x07, 0x15, 0x16,
    0x16, 0x15, 0x15, 0x14, 0x16, 0x33, 0x03, 0x06, 0xb6, 0xe4, 0x6a, 0x1b, 0x27, 0x32, 0x32, 0x27,
    0x1b, 0x6a, 0xe4, 0xb6, 0x93, 0x87, 0x4b, 0x39, 0x39, 0x4b, 0x87, 0x93, 0xfe, 0xc8, 0x82, 0xe3,
    0x93, 0xb6, 0x53, 0x3f, 0xee, 0x3e, 0x54, 0xb8, 0x93, 0xe1, 0x80, 0xd4, 0x8e, 0x96, 0xc0, 0x60,
    0x7b, 0x1d, 0x0a, 0x1d, 0x7b, 0x60, 0xc0, 0x96, 0x8e, 0x00, 0x00, 0x01, 0x00, 0x08, 0xfe, 0xc8,
    0x02, 0x80, 0x06, 0x34, 0x00, 0x23, 0x00, 0x00, 0x53, 0x35, 0x32, 0x36, 0x35, 0x35, 0x34, 0x36,
    0x37, 0x35, 0x26, 0x26, 0x35, 0x35, 0x34, 0x26, 0x23, 0x35, 0x32, 0x16, 0x16, 0x15, 0x15, 0x14,
    0x16, 0x33, 0x33, 0x15, 0x23, 0x22, 0x06, 0x15, 0x15, 0x14, 0x06, 0x06, 0x08, 0x93, 0x87, 0x4b,
    0x39, 0x39, 0x4b, 0x87, 0x93, 0xb6, 0xe3, 0x6b, 0x1b, 0x27, 0x32, 0x32, 0x27, 0x1b, 0x6b, 0xe3,
    0xfe, 0xc8, 0xd6, 0x8e, 0x96, 0xc0, 0x60, 0x7b, 0x1d, 0x0a, 0x1d, 0x7b, 0x60, 0xc0, 0x96, 0x8e,
    0xd4, 0x80, 0xe1, 0x93, 0xb8, 0x54, 0x3e, 0xee, 0x3f, 0x53, 0xb6, 0x93, 0xe3, 0x82, 0x00, 0x01,
    0x00, 0x52, 0x01, 0x98, 0x03, 0xe1, 0x02, 0xf6, 0x00, 0x19, 0x00, 0x00, 0x53, 0x27, 0x36, 0x36,
    0x33, 0x32, 0x16, 0x17, 0x16, 0x16, 0x33, 0x32, 0x36, 0x37, 0x17, 0x06, 0x06, 0x23, 0x22, 0x26,
    0x27, 0x26, 0x26, 0x23, 0x22, 0x06, 0xd0, 0x7e, 0x23, 0x7b, 0x62, 0x2c, 0x63, 0x49, 0x49, 0x50,
    0x1e, 0x27, 0x43, 0x18, 0x7e, 0x29, 0x8c, 0x5d, 0x21, 0x62, 0x4a, 0x49, 0x4a, 0x1e, 0x27, 0x40,
    0x01, 0x98, 0x44, 0x81, 0x97, 0x1c, 0x1c, 0x1d, 0x17, 0x38, 0x36, 0x50, 0x7f, 0x7f, 0x1a, 0x1e,
    0x19, 0x19, 0x38, 0x00, 0xff, 0xff, 0x00, 0x6e, 0xff, 0xe4, 0x03, 0xf2, 0x05, 0x9c, 0x06, 0x26,
    0x00, 0x0d, 0x00, 0x00, 0x00, 0x07, 0x01, 0xd2, 0x00, 0xc0, 0xff, 0xfb, 0xff, 0xff, 0x00, 0xba,
    0x00, 0x00, 0x04, 0x40, 0x05, 0xa3, 0x06, 0x26, 0x00, 0x1a, 0x00, 0x00, 0x00, 0x07, 0x01, 0xd2,
    0x00, 0xf5, 0x00, 0x02, 0xff, 0xff, 0x00, 0x5e, 0xff, 0xe4, 0x04, 0x0e, 0x05, 0x9c, 0x06, 0x26,
    0x00, 0x1b, 0x00, 0x00, 0x00, 0x07, 0x01, 0xd2, 0x00, 0xae, 0xff, 0xfb, 0xff, 0xff, 0x00, 0x2c,
    0x00, 0x00, 0x04, 0xb6, 0x06, 0xe2, 0x06, 0x26, 0x00, 0x27, 0x00, 0x00, 0x00, 0x07, 0x01, 0xd2,
    0x00, 0xf6, 0x01, 0x41, 0xff, 0xff, 0x00, 0xb6, 0x00, 0x00, 0x04, 0xe0, 0x06, 0xe2, 0x06, 0x26,
    0x00, 0x34, 0x00, 0x00, 0x00, 0x07, 0x01, 0xd2, 0x01, 0x45, 0x01, 0x41, 0xff, 0xff, 0x00, 0x5e,
    0xff, 0xe4, 0x04, 0xf8, 0x06, 0xe2, 0x06, 0x26, 0x00, 0x35, 0x00, 0x00, 0x00, 0x07, 0x01, 0xd2,
    0x01, 0x26, 0x01, 0x41, 0xff, 0xff, 0x00, 0x2c, 0x00, 0x00, 0x04, 0xb6, 0x07, 0x07, 0x06, 0x26,
    0x00, 0x27, 0x00, 0x00, 0x00, 0x07, 0x01, 0xd0, 0x00, 0xe4, 0x01, 0x46, 0xff, 0xff, 0x00, 0x2c,
    0x00, 0x00, 0x04, 0xb6, 0x06, 0x97, 0x06, 0x26, 0x00, 0x27, 0x00, 0x00, 0x00, 0x07, 0x01, 0xd3,
    0x00, 0x21, 0x01, 0x46, 0xff, 0xff, 0x00, 0x2c, 0xfe, 0x74, 0x05, 0x2a, 0x05, 0x12, 0x06, 0x26,
    0x00, 0x27, 0x00, 0x00, 0x00, 0x07, 0x01, 0xd7, 0x02, 0xcc, 0x00, 0x29, 0xff, 0xff, 0x00, 0x2c,
    0x00, 0x00, 0x04, 0xb6, 0x07, 0x56, 0x06, 0x26, 0x00, 0x27, 0x00, 0x00, 0x00, 0x07, 0x01, 0xd1,
    0x01, 0x33, 0x00, 0x63, 0x00, 0x02, 0x00, 0x48, 0x00, 0x00, 0x06, 0x4b, 0x05, 0x12, 0x00, 0x15,
    0x00, 0x1d, 0x00, 0x00, 0x41, 0x15, 0x21, 0x37, 0x11, 0x27, 0x21, 0x15, 0x21, 0x37, 0x11, 0x27,
    0x21, 0x15, 0x21, 0x11, 0x17, 0x21, 0x37, 0x03, 0x23, 0x01, 0x01, 0x07, 0x11, 0x17, 0x23, 0x37,
    0x01, 0x27, 0x06, 0x4b, 0xfd, 0xb2, 0x28, 0x28, 0x02, 0x29, 0xfd, 0xd7, 0x28, 0x28, 0x02, 0x4e,
    0xfc, 0xee, 0x28, 0xfd, 0xf9, 0x72, 0x8f, 0xf5, 0x02, 0x07, 0x01, 0x12, 0x28, 0x28, 0xa8, 0x5d,
    0xfe, 0xc7, 0x42, 0x05, 0x12, 0xcc, 0x24, 0xfe, 0x28, 0x5a, 0xcc, 0x42, 0xfe, 0x03, 0x6a, 0xcf,
    0x01, 0x6a, 0x52, 0x4d, 0xfe, 0x9b, 0x05, 0x12, 0xfc, 0xb8, 0x42, 0x02, 0xdf, 0x21, 0x59, 0xfc,
    0xf2, 0x39, 0xff, 0xff, 0x00, 0x5e, 0xff, 0xe4, 0x04, 0x98, 0x07, 0x71, 0x06, 0x26, 0x00, 0x29,
    0x00, 0x00, 0x00, 0x07, 0x01, 0xcb, 0x01, 0x76, 0x01, 0x43, 0xff, 0xff, 0x00, 0x5e, 0xff, 0xe4,
    0x04, 0x98, 0x07, 0x41, 0x06, 0x26, 0x00, 0x29, 0x00, 0x00, 0x00, 0x07, 0x01, 0xcf, 0x00, 0xcb,
    0x01, 0x46, 0xff, 0xff, 0x00, 0x5e, 0xfe, 0x57, 0x04, 0x98, 0x05, 0x2c, 0x06, 0x26, 0x00, 0x29,
    0x00, 0x00, 0x00, 0x07, 0x01, 0xd6, 0x01, 0x76, 0x00, 0x00, 0xff, 0xff, 0x00, 0x5e, 0xff, 0xe4,
    0x04, 0x98, 0x06, 0xf7, 0x06, 0x26, 0x00, 0x29, 0x00, 0x00, 0x00, 0x07, 0x01, 0xc9, 0x01, 0x8b,
    0x01, 0x46, 0xff, 0xff, 0x00, 0xba, 0x00, 0x00, 0x04, 0xf4, 0x07, 0x41, 0x06, 0x26, 0x00, 0x2a,
    0x00, 0x00, 0x00, 0x07, 0x01, 0xcf, 0x00, 0xf4, 0x01, 0x46, 0xff, 0xff, 0x00, 0x2c, 0x00, 0x00,
    0x04, 0xf4, 0x05, 0x12, 0x06, 0x06, 0x00, 0xa7, 0x00, 0x00, 0x00, 0x03, 0x00, 0x2c, 0x00, 0x00,
    0x04, 0xf4, 0x05, 0x12, 0x00, 0x03, 0x00, 0x0e, 0x00, 0x19, 0x00, 0x00, 0x53, 0x21, 0x15, 0x21,
    0x13, 0x21, 0x32, 0x04, 0x12, 0x15, 0x14, 0x02, 0x04, 0x23, 0x21, 0x13, 0x11, 0x33, 0x32, 0x36,
    0x36, 0x35, 0x34, 0x26, 0x26, 0x23, 0x2c, 0x02, 0x79, 0xfd, 0x87, 0x8e, 0x01, 0xa4, 0xc6, 0x01,
    0x2a, 0xa6, 0xa6, 0xfe, 0xd6, 0xc6, 0xfe, 0x5c, 0xec, 0xb8, 0x7e, 0xb7, 0x63, 0x63, 0xb7, 0x7e,
    0x02, 0xef, 0xcc, 0x02, 0xef, 0x9f, 0xfe, 0xdc, 0xc7, 0xc5, 0xfe, 0xdd, 0xa0, 0x04, 0x3c, 0xfc,
    0x98, 0x72, 0xc5, 0x7d, 0x7f, 0xc4, 0x71, 0x00, 0xff, 0xff, 0x00, 0xb8, 0x00, 0x00, 0x03, 0xfa,
    0x07, 0x41, 0x06, 0x26, 0x00, 0x2b, 0x00, 0x00, 0x00, 0x07, 0x01, 0xcf, 0x00, 0x90, 0x01, 0x46,
    0xff, 0xff, 0x00, 0xb8, 0x00, 0x00, 0x03, 0xfa, 0x06, 0xf7, 0x06, 0x26, 0x00, 0x2b, 0x00, 0x00,
    0x00, 0x07, 0x01, 0xc9, 0x01, 0x4f, 0x01, 0x46, 0xff, 0xff, 0x00, 0xb8, 0x00, 0x00, 0x03, 0xfa,
    0x06, 0x97, 0x06, 0x26, 0x00, 0x2b, 0x00, 0x00, 0x00, 0x07, 0x01, 0xd3, 0xff, 0xed, 0x01, 0x46,
    0xff, 0xff, 0x00, 0xb8, 0xfe, 0x74, 0x04, 0x5b, 0x05, 0x12, 0x06, 0x26, 0x00, 0x2b, 0x00, 0x00,
    0x00, 0x07, 0x01, 0xd7, 0x01, 0xfd, 0x00, 0x29, 0xff, 0xff, 0x00, 0x5e, 0xff, 0xe4, 0x04, 0xb6,
    0x07, 0x07, 0x06, 0x26, 0x00, 0x2d, 0x00, 0x00, 0x00, 0x07, 0x01, 0xd0, 0x01, 0x0b, 0x01, 0x46,
    0xff, 0xff, 0x00, 0x5e, 0xfe, 0x3f, 0x04, 0xb6, 0x05, 0x2c, 0x06, 0x26, 0x00, 0x2d, 0x00, 0x00,
    0x00, 0x07, 0x01, 0xd5, 0x01, 0xab, 0x00, 0x00, 0xff, 0xff, 0x00, 0x5e, 0xff, 0xe4, 0x04, 0xb6,
    0x06, 0xf7, 0x06, 0x26, 0x00, 0x2d, 0x00, 0x00, 0x00, 0x07, 0x01, 0xc9, 0x01, 0xaa, 0x01, 0x46,
    0x00, 0x02, 0x00, 0xba, 0x00, 0x00, 0x04, 0xc8, 0x05, 0x12, 0x00, 0x0b, 0x00, 0x0f, 0x00, 0x00,
    0x73, 0x11, 0x33, 0x11, 0x21, 0x11, 0x33, 0x11, 0x23, 0x11, 0x21, 0x11, 0x03, 0x35, 0x21, 0x15,
    0xba, 0xec, 0x02, 0x36, 0xec, 0xec, 0xfd, 0xca, 0xa5, 0x03, 0x9c, 0x05, 0x12, 0xfd, 0xa4, 0x02,
    0x5c, 0xfa, 0xee, 0x01, 0xe7, 0xfe, 0x19, 0x03, 0x4a, 0xac, 0xac, 0x00, 0xff, 0xff, 0x00, 0xba,
    0xff, 0xe4, 0x05, 0x3d, 0x05, 0x12, 0x04, 0x26, 0x00, 0x2f, 0x00, 0x00, 0x00, 0x07, 0x00, 0x30,
    0x02, 0x61, 0x00, 0x00, 0xff, 0xff, 0x00, 0x93, 0x00, 0x00, 0x01, 0xd1, 0x06, 0xf7, 0x06, 0x26,
    0x00, 0x2f, 0x00, 0x00, 0x00, 0x07, 0x01, 0xc9, 0x00, 0x35, 0x01, 0x46, 0x00, 0x02, 0x00, 0x4c,
    0x00, 0x00, 0x02, 0x14, 0x06, 0x97, 0x00, 0x03, 0x00, 0x07, 0x00, 0x00, 0x73, 0x11, 0x33, 0x11,
    0x01, 0x21, 0x15, 0x21, 0xba, 0xec, 0xfe, 0xa6, 0x01, 0xc8, 0xfe, 0x38, 0x05, 0x12, 0xfa, 0xee,
    0x06, 0x97, 0xc1, 0x00, 0xff, 0xff, 0x00, 0x26, 0xfe, 0x74, 0x02, 0x26, 0x05, 0x12, 0x06, 0x26,
    0x00, 0x2f, 0x00, 0x00, 0x00, 0x06, 0x01, 0xd7, 0xc8, 0x29, 0xff, 0xff, 0x00, 0xba, 0xfe, 0x3f,
    0x05, 0x10, 0x05, 0x12, 0x06, 0x26, 0x00, 0x31, 0x00, 0x00, 0x00, 0x07, 0x01, 0xd5, 0x01, 0x94,
    0x00, 0x00, 0xff, 0xff, 0x00, 0xba, 0x00, 0x00, 0x03, 0xbc, 0x07, 0x71, 0x06, 0x26, 0x00, 0x32,
    0x00, 0x00, 0x00, 0x07, 0x01, 0xcb, 0x00, 0xf9, 0x01, 0x43, 0xff, 0xff, 0x00, 0xba, 0x00, 0x00,
    0x04, 0x17, 0x05, 0x12, 0x06, 0x26, 0x00, 0x32, 0x00, 0x00, 0x00, 0x07, 0x01, 0xcd, 0x02, 0x64,
    0xff, 0xa0, 0xff, 0xff, 0x00, 0xba, 0xfe, 0x3f, 0x03, 0xbc, 0x05, 0x12, 0x06, 0x26, 0x00, 0x32,
    0x00, 0x00, 0x00, 0x07, 0x01, 0xd5, 0x00, 0xf4, 0x00, 0x00, 0x00, 0x02, 0x00, 0x25, 0x00, 0x00,
    0x03, 0xbc, 0x05, 0x12, 0x00, 0x03, 0x00, 0x09, 0x00, 0x00, 0x53, 0x27, 0x25, 0x17, 0x03, 0x11,
    0x21, 0x15, 0x21, 0x11, 0x49, 0x24, 0x02, 0x22, 0x24, 0xc5, 0x02, 0x16, 0xfc, 0xfe, 0x02, 0x74,
    0xca, 0x5b, 0xca, 0x02, 0x43, 0xfb, 0xbc, 0xce, 0x05, 0x12, 0xff, 0xff, 0x00, 0xb6, 0x00, 0x00,
    0x04, 0xe0, 0x07, 0x71, 0x06, 0x26, 0x00, 0x34, 0x00, 0x00, 0x00, 0x07, 0x01, 0xcb, 0x01, 0xbd,
    0x01, 0x43, 0xff, 0xff, 0x00, 0xb6, 0x00, 0x00, 0x04, 0xe0, 0x07, 0x41, 0x06, 0x26, 0x00, 0x34,
    0x00, 0x00, 0x00, 0x07, 0x01, 0xcf, 0x01, 0x12, 0x01, 0x46, 0xff, 0xff, 0x00, 0xb6, 0xfe, 0x3f,
    0x04, 0xe0, 0x05, 0x12, 0x06, 0x26, 0x00, 0x34, 0x00, 0x00, 0x00, 0x07, 0x01, 0xd5, 0x01, 0xd3,
    0x00, 0x00, 0x00, 0x02, 0x00, 0xb6, 0xfe, 0x0a, 0x04, 0xe0, 0x05, 0x12, 0x00, 0x0f, 0x00, 0x1b,
    0x00, 0x00, 0x41, 0x22, 0x26, 0x27, 0x37, 0x16, 0x16, 0x33, 0x32, 0x36, 0x27, 0x03, 0x33, 0x11,
    0x14, 0x06, 0x01, 0x21, 0x01, 0x23, 0x11, 0x33, 0x11, 0x07, 0x01, 0x33, 0x11, 0x23, 0x03, 0x98,
    0x4f, 0x85, 0x45, 0x05, 0x33, 0x71, 0x36, 0x49, 0x57, 0x01, 0x08, 0xeb, 0xad, 0xfc, 0x83, 0x01,
    0x02, 0x02, 0x4e, 0x12, 0xec, 0x53, 0xfc, 0xef, 0x26, 0xec, 0xfe, 0x0a, 0x22, 0x1c, 0xcc, 0x19,
    0x23, 0x54, 0x64, 0x03, 0x0b, 0xfc, 0xf1, 0xd0, 0xb2, 0x07, 0x08, 0xfc, 0x62, 0x03, 0x9e, 0xfa,
    0xee, 0xf0, 0x04, 0xc6, 0xfc, 0x2a, 0xff, 0xff, 0x00, 0x5e, 0xff, 0xe4, 0x04, 0xf8, 0x07, 0x10,
    0x06, 0x26, 0x00, 0x35, 0x00, 0x00, 0x00, 0x07, 0x01, 0xcc, 0x01, 0x7d, 0x01, 0x46, 0xff, 0xff,
    0x00, 0x5e, 0xff, 0xe4, 0x04, 0xf8, 0x06, 0x97, 0x06, 0x26, 0x00, 0x35, 0x00, 0x00, 0x00, 0x07,
    0x01, 0xd3, 0x00, 0x51, 0x01, 0x46, 0x00, 0x03, 0x00, 0x3c, 0xff, 0xe4, 0x05, 0x00, 0x05, 0x2c,
    0x00, 0x03, 0x00, 0x13, 0x00, 0x1f, 0x00, 0x00, 0x73, 0x01, 0x33, 0x01, 0x05, 0x22, 0x24, 0x02,
    0x35, 0x34, 0x12, 0x24, 0x33, 0x32, 0x04, 0x12, 0x15, 0x14, 0x02, 0x04, 0x27, 0x32, 0x36, 0x35,
    0x34, 0x26, 0x23, 0x22, 0x06, 0x15, 0x14, 0x16, 0x3c, 0x03, 0xfd, 0xc7, 0xfc, 0x00, 0x01, 0xaa,
    0xad, 0xfe, 0xf6, 0x95, 0x95, 0x01, 0x0a, 0xad, 0xae, 0x01, 0x0a, 0x95, 0x95, 0xfe, 0xf6, 0xae,
    0x9f, 0xba, 0xba, 0x9f, 0x9c, 0xbc, 0xbc, 0x05, 0x13, 0xfa, 0xed, 0x1c, 0x98, 0x01, 0x2e, 0xe0,
    0xe4, 0x01, 0x2b, 0x93, 0x97, 0xfe, 0xd4, 0xdf, 0xe3, 0xfe, 0xd2, 0x95, 0xd6, 0xf0, 0xe2, 0xda,
    0xf2, 0xf3, 0xdb, 0xe1, 0xef, 0x00, 0x00, 0x02, 0x00, 0x5e, 0xff, 0xe4, 0x06, 0x64, 0x05, 0x2c,
    0x00, 0x1b, 0x00, 0x2b, 0x00, 0x00, 0x45, 0x22, 0x26, 0x02, 0x35, 0x34, 0x12, 0x36, 0x33, 0x32,
    0x16, 0x17, 0x07, 0x26, 0x26, 0x23, 0x22, 0x06, 0x15, 0x14, 0x16, 0x33, 0x32, 0x36, 0x37, 0x17,
    0x06, 0x06, 0x37, 0x11, 0x21, 0x15, 0x21, 0x37, 0x11, 0x27, 0x21, 0x15, 0x21, 0x37, 0x11, 0x27,
    0x21, 0x15, 0x02, 0x8c, 0xa2, 0xfc, 0x90, 0x90, 0xfc, 0xa1, 0x7f, 0xc7, 0x37, 0x89, 0x30, 0x7b,
    0x3c, 0x9a, 0xac, 0xac, 0x9e, 0x3d, 0x75, 0x38, 0x82, 0x37, 0xc6, 0x6a, 0x02, 0xef, 0xfd, 0xc8,
    0x2e, 0x2e, 0x02, 0x14, 0xfd, 0xec, 0x2e, 0x2e, 0x02, 0x38, 0x1c, 0x99, 0x01, 0x2f, 0xe1, 0xe2,
    0x01, 0x29, 0x94, 0x4e, 0x47, 0x76, 0x19, 0x1e, 0xf4, 0xde, 0xda, 0xf2, 0x20, 0x1b, 0x97, 0x31,
    0x49, 0x1c, 0x05, 0x12, 0xcc, 0x36, 0xfe, 0x3f, 0x35, 0xcc, 0x35, 0xfe, 0x40, 0x35, 0xce, 0x00,
    0x00, 0x02, 0x00, 0xb4, 0x00, 0x00, 0x04, 0x4e, 0x05, 0x12, 0x00, 0x0e, 0x00, 0x19, 0x00, 0x00,
    0x73, 0x11, 0x33, 0x11, 0x27, 0x21, 0x32, 0x16, 0x15, 0x14, 0x06, 0x23, 0x21, 0x37, 0x11, 0x11,
    0x27, 0x21, 0x32, 0x36, 0x35, 0x34, 0x26, 0x23, 0x21, 0x37, 0xb4, 0xee, 0x36, 0x01, 0x12, 0xdb,
    0xf5, 0xf5, 0xdb, 0xfe, 0xee, 0x36, 0x36, 0x01, 0x12, 0x6e, 0x70, 0x70, 0x6e, 0xfe, 0xee, 0x36,
    0x05, 0x12, 0xfe, 0xf9, 0x35, 0xd8, 0xc6, 0xc4, 0xd8, 0x35, 0xfe, 0xc5, 0x01, 0x9f, 0x35, 0x74,
    0x5a, 0x5c, 0x76, 0x36, 0xff, 0xff, 0x00, 0xba, 0x00, 0x00, 0x04, 0xac, 0x07, 0x71, 0x06, 0x26,
    0x00, 0x38, 0x00, 0x00, 0x00, 0x07, 0x01, 0xcb, 0x01, 0x74, 0x01, 0x43, 0xff, 0xff, 0x00, 0xba,
    0x00, 0x00, 0x04, 0xac, 0x07, 0x41, 0x06, 0x26, 0x00, 0x38, 0x00, 0x00, 0x00, 0x07, 0x01, 0xcf,
    0x00, 0xc9, 0x01, 0x46, 0xff, 0xff, 0x00, 0xba, 0xfe, 0x3f, 0x04, 0xac, 0x05, 0x12, 0x06, 0x26,
    0x00, 0x38, 0x00, 0x00, 0x00, 0x07, 0x01, 0xd5, 0x01, 0x8a, 0x00, 0x00, 0xff, 0xff, 0x00, 0x82,
    0xff, 0xe4, 0x04, 0x78, 0x07, 0x71, 0x06, 0x26, 0x00, 0x39, 0x00, 0x00, 0x00, 0x07, 0x01, 0xcb,
    0x01, 0x6e, 0x01, 0x43, 0xff, 0xff, 0x00, 0x82, 0xff, 0xe4, 0x04, 0x78, 0x07, 0x41, 0x06, 0x26,
    0x00, 0x39, 0x00, 0x00, 0x00, 0x07, 0x01, 0xcf, 0x00, 0xc3, 0x01, 0x46, 0xff, 0xff, 0x00, 0x82,
    0xfe, 0x57, 0x04, 0x78, 0x05, 0x2c, 0x06, 0x26, 0x00, 0x39, 0x00, 0x00, 0x00, 0x07, 0x01, 0xd6,
    0x01, 0x5d, 0x00, 0x00, 0xff, 0xff, 0x00, 0x82, 0xfe, 0x3f, 0x04, 0x78, 0x05, 0x2c, 0x06, 0x26,
    0x00, 0x39, 0x00, 0x00, 0x00, 0x07, 0x01, 0xd5, 0x01, 0x8a, 0x00, 0x00, 0x00, 0x01, 0x00, 0xb8,
    0xff, 0xe4, 0x05, 0x10, 0x05, 0x12, 0x00, 0x20, 0x00, 0x00, 0x41, 0x32, 0x16, 0x16, 0x15, 0x14,
    0x06, 0x06, 0x23, 0x22, 0x26, 0x27, 0x35, 0x16, 0x16, 0x33, 0x32, 0x36, 0x36, 0x35, 0x34, 0x26,
    0x26, 0x23, 0x23, 0x35, 0x13, 0x21, 0x11, 0x23, 0x11, 0x21, 0x15, 0x03, 0x9b, 0x63, 0xa9, 0x69,
    0x74, 0xb9, 0x6b, 0x46, 0x64, 0x47, 0x41, 0x5f, 0x34, 0x3f, 0x56, 0x2c, 0x27, 0x6f, 0x6c, 0x79,
    0xf0, 0xfe, 0x13, 0xec, 0x03, 0xcf, 0x02, 0xd4, 0x53, 0xa3, 0x78, 0x7e, 0xac, 0x58, 0x11, 0x1a,
    0xb5, 0x14, 0x18, 0x35, 0x56, 0x2f, 0x35, 0x62, 0x3f, 0x8a, 0x01, 0x94, 0xfb, 0xba, 0x05, 0x12,
    0xbd, 0x00, 0x00, 0x02, 0x00, 0x0c, 0x00, 0x00, 0x04, 0x1c, 0x05, 0x12, 0x00, 0x03, 0x00, 0x0d,
    0x00, 0x00, 0x53, 0x35, 0x21, 0x15, 0x01, 0x35, 0x21, 0x15, 0x21, 0x37, 0x11, 0x23, 0x11, 0x17,
    0xaa, 0x02, 0xd2, 0xfc, 0x90, 0x04, 0x10, 0xfe, 0x39, 0x35, 0xec, 0x35, 0x02, 0x05, 0xca, 0xca,
    0x02, 0x41, 0xcc, 0xcc, 0x36, 0xfb, 0x84, 0x04, 0x7c, 0x36, 0xff, 0xff, 0x00, 0x0c, 0x00, 0x00,
    0x04, 0x1c, 0x07, 0x41, 0x06, 0x26, 0x00, 0x3a, 0x00, 0x00, 0x00, 0x07, 0x01, 0xcf, 0x00, 0x59,
    0x01, 0x46, 0xff, 0xff, 0x00, 0x0c, 0xfe, 0x60, 0x04, 0x1c, 0x05, 0x12, 0x06, 0x26, 0x00, 0x3a,
    0x00, 0x00, 0x00, 0x07, 0x01, 0xd6, 0x00, 0xb3, 0x00, 0x09, 0xff, 0xff, 0x00, 0x0c, 0xfe, 0x48,
    0x04, 0x1c, 0x05, 0x12, 0x06, 0x26, 0x00, 0x3a, 0x00, 0x00, 0x00, 0x07, 0x01, 0xd5, 0x00, 0xe1,
    0x00, 0x09, 0xff, 0xff, 0x00, 0xa6, 0xff, 0xe4, 0x04, 0xc2, 0x07, 0x07, 0x06, 0x26, 0x00, 0x3b,
    0x00, 0x00, 0x00, 0x07, 0x01, 0xd0, 0x01, 0x18, 0x01, 0x46, 0xff, 0xff, 0x00, 0xa6, 0xff, 0xe4,
    0x04, 0xc2, 0x07, 0x10, 0x06, 0x26, 0x00, 0x3b, 0x00, 0x00, 0x00, 0x07, 0x01, 0xcc, 0x01, 0x80,
    0x01, 0x46, 0xff, 0xff, 0x00, 0xa6, 0xff, 0xe4, 0x04, 0xc2, 0x06, 0x97, 0x06, 0x26, 0x00, 0x3b,
    0x00, 0x00, 0x00, 0x07, 0x01, 0xd3, 0x00, 0x55, 0x01, 0x46, 0xff, 0xff, 0x00, 0xa6, 0xfe, 0x74,
    0x04, 0xc2, 0x05, 0x12, 0x06, 0x26, 0x00, 0x3b, 0x00, 0x00, 0x00, 0x07, 0x01, 0xd7, 0x01, 0xa0,
    0x00, 0x29, 0xff, 0xff, 0x00, 0xa6, 0xff, 0xe4, 0x04, 0xc2, 0x07, 0x56, 0x06, 0x26, 0x00, 0x3b,
    0x00, 0x00, 0x00, 0x07, 0x01, 0xd1, 0x01, 0x67, 0x00, 0x63, 0xff, 0xff, 0x00, 0x14, 0x00, 0x00,
    0x07, 0x50, 0x07, 0x79, 0x06, 0x26, 0x00, 0x3d, 0x00, 0x00, 0x00, 0x07, 0x01, 0xcb, 0x02, 0x9f,
    0x01, 0x4b, 0xff, 0xff, 0x00, 0x14, 0x00, 0x00, 0x07, 0x50, 0x07, 0x3a, 0x06, 0x26, 0x00, 0x3d,
    0x00, 0x00, 0x00, 0x07, 0x01, 0xce, 0x01, 0xec, 0x01, 0x46, 0xff, 0xff, 0x00, 0x14, 0x00, 0x00,
    0x07, 0x50, 0x06, 0xcf, 0x06, 0x26, 0x00, 0x3d, 0x00, 0x00, 0x00, 0x07, 0x01, 0xc8, 0x02, 0x04,
    0x01, 0x4e, 0xff, 0xff, 0x00, 0x14, 0x00, 0x00, 0x07, 0x50, 0x07, 0x7c, 0x06, 0x26, 0x00, 0x3d,
    0x00, 0x00, 0x00, 0x07, 0x01, 0xca, 0x02, 0x46, 0x01, 0x4e, 0xff, 0xff, 0x00, 0x0e, 0x00, 0x00,
    0x04, 0x86, 0x07, 0x71, 0x06, 0x26, 0x00, 0x3f, 0x00, 0x00, 0x00, 0x07, 0x01, 0xcb, 0x01, 0x3b,
    0x01, 0x43, 0xff, 0xff, 0x00, 0x0e, 0x00, 0x00, 0x04, 0x86, 0x07, 0x32, 0x06, 0x26, 0x00, 0x3f,
    0x00, 0x00, 0x00, 0x07, 0x01, 0xce, 0x00, 0x88, 0x01, 0x3e, 0xff, 0xff, 0x00, 0x0e, 0x00, 0x00,
    0x04, 0x86, 0x06, 0xc7, 0x06, 0x26, 0x00, 0x3f, 0x00, 0x00, 0x00, 0x07, 0x01, 0xc8, 0x00, 0xa0,
    0x01, 0x46, 0xff, 0xff, 0x00, 0x0e, 0x00, 0x00, 0x04, 0x86, 0x07, 0x74, 0x06, 0x26, 0x00, 0x3f,
    0x00, 0x00, 0x00, 0x07, 0x01, 0xca, 0x00, 0xe2, 0x01, 0x46, 0xff, 0xff, 0x00, 0x92, 0x00, 0x00,
    0x04, 0x68, 0x07, 0x71, 0x06, 0x26, 0x00, 0x40, 0x00, 0x00, 0x00, 0x07, 0x01, 0xcb, 0x01, 0x80,
    0x01, 0x43, 0xff, 0xff, 0x00, 0x92, 0x00, 0x00, 0x04, 0x68, 0x07, 0x41, 0x06, 0x26, 0x00, 0x40,
    0x00, 0x00, 0x00, 0x07, 0x01, 0xcf, 0x00, 0xd5, 0x01, 0x46, 0xff, 0xff, 0x00, 0x92, 0x00, 0x00,
    0x04, 0x68, 0x06, 0xf7, 0x06, 0x26, 0x00, 0x40, 0x00, 0x00, 0x00, 0x07, 0x01, 0xc9, 0x01, 0x95,
    0x01, 0x46, 0xff, 0xff, 0x00, 0x6e, 0xff, 0xe4, 0x03, 0xf2, 0x05, 0xc1, 0x06, 0x26, 0x00, 0x0d,
    0x00, 0x00, 0x00, 0x07, 0x01, 0xd0, 0x00, 0xae, 0x00, 0x00, 0xff, 0xff, 0x00, 0x6e, 0xff, 0xe4,
    0x03, 0xf2, 0x05, 0x51, 0x06, 0x26, 0x00, 0x0d, 0x00, 0x00, 0x00, 0x06, 0x01, 0xd3, 0xeb, 0x00,
    0xff, 0xff, 0x00, 0x6e, 0xfe, 0x74, 0x04, 0x73, 0x03, 0xe6, 0x06, 0x26, 0x00, 0x0d, 0x00, 0x00,
    0x00, 0x07, 0x01, 0xd7, 0x02, 0x15, 0x00, 0x29, 0xff, 0xff, 0x00, 0x6e, 0xff, 0xe4, 0x03, 0xf2,
    0x06, 0x10, 0x06, 0x26, 0x00, 0x0d, 0x00, 0x00, 0x00, 0x07, 0x01, 0xd1, 0x00, 0xfe, 0xff, 0x1d,
    0x00, 0x03, 0x00, 0x6e, 0xff, 0xe4, 0x06, 0x65, 0x03, 0xe6, 0x00, 0x13, 0x00, 0x31, 0x00, 0x58,
    0x00, 0x00, 0x41, 0x23, 0x11, 0x34, 0x26, 0x23, 0x22, 0x06, 0x06, 0x15, 0x21, 0x34, 0x36, 0x36,
    0x33, 0x32, 0x16, 0x16, 0x15, 0x15, 0x01, 0x22, 0x26, 0x26, 0x35, 0x34, 0x36, 0x36, 0x33, 0x32,
    0x16, 0x17, 0x15, 0x26, 0x26, 0x23, 0x22, 0x06, 0x15, 0x14, 0x16, 0x33, 0x32, 0x36, 0x36, 0x35,
    0x33, 0x14, 0x06, 0x06, 0x21, 0x22, 0x26, 0x26, 0x35, 0x34, 0x36, 0x36, 0x33, 0x32, 0x1e, 0x02,
    0x07, 0x21, 0x35, 0x21, 0x07, 0x36, 0x2e, 0x02, 0x23, 0x22, 0x06, 0x06, 0x15, 0x15, 0x14, 0x16,
    0x16, 0x33, 0x32, 0x36, 0x37, 0x33, 0x0e, 0x02, 0x03, 0x17, 0x1e, 0x57, 0x5d, 0x35, 0x4f, 0x2b,
    0xfe, 0xfe, 0x69, 0xb0, 0x6b, 0x87, 0xb2, 0x58, 0xfe, 0x37, 0x77, 0xa5, 0x56, 0x5f, 0xad, 0x72,
    0x4a, 0x93, 0x45, 0x36, 0x89, 0x2f, 0x4e, 0x68, 0x52, 0x52, 0x4b, 0x68, 0x38, 0x98, 0x62, 0xc0,
    0x02, 0x59, 0x85, 0xd0, 0x77, 0x77, 0xcd, 0x83, 0x6f, 0xa7, 0x66, 0x26, 0x11, 0xfd, 0x5e, 0x01,
    0xfb, 0x2e, 0x03, 0x0f, 0x2b, 0x4d, 0x3c, 0x47, 0x64, 0x34, 0x30, 0x62, 0x4b, 0x42, 0x5f, 0x0d,
    0xef, 0x0e, 0x72, 0xac, 0x01, 0x2e, 0x01, 0x44, 0x63, 0x65, 0x22, 0x3f, 0x2d, 0x6e, 0x8b, 0x41,
    0x63, 0xb9, 0x82, 0x8b, 0xfe, 0x27, 0x54, 0x8e, 0x56, 0x5c, 0x7d, 0x3f, 0x19, 0x13, 0x8a, 0x12,
    0x14, 0x3f, 0x45, 0x39, 0x4f, 0x3e, 0x5f, 0x33, 0x5e, 0xb2, 0x74, 0x87, 0xeb, 0x93, 0x94, 0xe6,
    0x83, 0x5e, 0x9f, 0xc7, 0x6a, 0x80, 0x1e, 0x2f, 0x60, 0x50, 0x31, 0x48, 0x7c, 0x4e, 0x5e, 0x52,
    0x7e, 0x48, 0x3e, 0x42, 0x5e, 0x8f, 0x51, 0x00, 0xff, 0xff, 0x00, 0x5e, 0xff, 0xe4, 0x03, 0xc2,
    0x06, 0x2b, 0x06, 0x26, 0x00, 0x0f, 0x00, 0x00, 0x00, 0x07, 0x01, 0xcb, 0x01, 0x1a, 0xff, 0xfd,
    0xff, 0xff, 0x00, 0x5e, 0xff, 0xe4, 0x03, 0xc2, 0x05, 0xfb, 0x06, 0x26, 0x00, 0x0f, 0x00, 0x00,
    0x00, 0x06, 0x01, 0xcf, 0x6f, 0x00, 0xff, 0xff, 0x00, 0x5e, 0xfe, 0x59, 0x03, 0xc2, 0x03, 0xe6,
    0x06, 0x26, 0x00, 0x0f, 0x00, 0x00, 0x00, 0x07, 0x01, 0xd6, 0x01, 0x00, 0x00, 0x02, 0xff, 0xff,
    0x00, 0x5e, 0xff, 0xe4, 0x03, 0xc2, 0x05, 0xb1, 0x06, 0x26, 0x00, 0x0f, 0x00, 0x00, 0x00, 0x07,
    0x01, 0xc9, 0x01, 0x2e, 0x00, 0x00, 0xff, 0xff, 0x00, 0x66, 0xff, 0xe4, 0x05, 0x5c, 0x05, 0x72,
    0x06, 0x26, 0x00, 0x10, 0x00, 0x00, 0x00, 0x07, 0x01, 0xcd, 0x03, 0xa9, 0x00, 0x00, 0x00, 0x03,
    0x00, 0x66, 0xff, 0xe4, 0x04, 0x9d, 0x05, 0x5c, 0x00, 0x21, 0x00, 0x26, 0x00, 0x2a, 0x00, 0x00,
    0x45, 0x22, 0x26, 0x26, 0x35, 0x34, 0x36, 0x36, 0x33, 0x32, 0x16, 0x16, 0x15, 0x23, 0x34, 0x26,
    0x26, 0x23, 0x22, 0x06, 0x06, 0x15, 0x14, 0x16, 0x16, 0x33, 0x32, 0x36, 0x36, 0x35, 0x33, 0x14,
    0x06, 0x06, 0x37, 0x27, 0x11, 0x33, 0x11, 0x01, 0x35, 0x21, 0x15, 0x02, 0x20, 0x7a, 0xc9, 0x77,
    0x73, 0xc1, 0x76, 0x6c, 0x9e, 0x54, 0x4a, 0x3e, 0x65, 0x3b, 0x47, 0x6d, 0x3e, 0x3e, 0x6d, 0x45,
    0x38, 0x67, 0x41, 0x4a, 0x5b, 0x98, 0xd5, 0x2c, 0xee, 0xfe, 0x20, 0x02, 0x6b, 0x1c, 0x81, 0xe9,
    0x9c, 0x9a, 0xe5, 0x7d, 0x67, 0xca, 0x93, 0x4c, 0x6b, 0x39, 0x4a, 0x85, 0x59, 0x5c, 0x88, 0x4c,
    0x3d, 0x6e, 0x49, 0x99, 0xcb, 0x66, 0x1c, 0xf0, 0x04, 0x6c, 0xfa, 0xa4, 0x04, 0x41, 0x9b, 0x9b,
    0x00, 0x02, 0x00, 0x66, 0xff, 0xe4, 0x04, 0x1e, 0x06, 0x79, 0x00, 0x2c, 0x00, 0x30, 0x00, 0x00,
    0x45, 0x22, 0x26, 0x26, 0x35, 0x34, 0x36, 0x36, 0x33, 0x32, 0x16, 0x16, 0x15, 0x23, 0x2e, 0x02,
    0x23, 0x22, 0x06, 0x06, 0x15, 0x14, 0x16, 0x16, 0x33, 0x32, 0x36, 0x36, 0x37, 0x36, 0x02, 0x26,
    0x26, 0x27, 0x37, 0x16, 0x1a, 0x02, 0x15, 0x14, 0x0e, 0x02, 0x03, 0x27, 0x01, 0x17, 0x02, 0x26,
    0x79, 0xcc, 0x7b, 0x73, 0xc0, 0x71, 0x74, 0xaa, 0x5d, 0x4a, 0x01, 0x4b, 0x6f, 0x3c, 0x46, 0x6c,
    0x3e, 0x3e, 0x6d, 0x47, 0x4c, 0x69, 0x3a, 0x04, 0x05, 0x22, 0x64, 0xb7, 0x90, 0xc6, 0x83, 0xba,
    0x74, 0x36, 0x53, 0x8e, 0xb5, 0xe5, 0x43, 0x02, 0x6d, 0x44, 0x1c, 0x81, 0xea, 0x9d, 0x99, 0xe3,
    0x7e, 0x81, 0xda, 0x87, 0x5c, 0x78, 0x3a, 0x4a, 0x86, 0x5a, 0x5a, 0x88, 0x4c, 0x54, 0x8c, 0x55,
    0x98, 0x01, 0x14, 0xfd, 0xec, 0x70, 0x85, 0x77, 0xff, 0x00, 0xfe, 0xf9, 0xfe, 0xfe, 0x78, 0xa2,
    0xf9, 0xaa, 0x58, 0x04, 0x74, 0x8f, 0x01, 0x37, 0x8f, 0x00, 0xff, 0xff, 0x00, 0x5e, 0xff, 0xe4,
    0x03, 0xcc, 0x05, 0xfb, 0x06, 0x26, 0x00, 0x11, 0x00, 0x00, 0x00, 0x06, 0x01, 0xcf, 0x58, 0x00,
    0xff, 0xff, 0x00, 0x5e, 0xff, 0xe4, 0x03, 0xcc, 0x05, 0xb1, 0x06, 0x26, 0x00, 0x11, 0x00, 0x00,
    0x00, 0x07, 0x01, 0xc9, 0x01, 0x17, 0x00, 0x00, 0xff, 0xff, 0x00, 0x5e, 0xff, 0xe4, 0x03, 0xcc,
    0x05, 0x51, 0x06, 0x26, 0x00, 0x11, 0x00, 0x00, 0x00, 0x06, 0x01, 0xd3, 0xb5, 0x00, 0x00, 0x02,
    0x00, 0x5e, 0xfe, 0x74, 0x03, 0xcc, 0x03, 0xe6, 0x00, 0x15, 0x00, 0x3c, 0x00, 0x00, 0x41, 0x06,
    0x06, 0x23, 0x22, 0x26, 0x35, 0x34, 0x36, 0x36, 0x37, 0x17, 0x0e, 0x02, 0x15, 0x14, 0x16, 0x33,
    0x32, 0x36, 0x37, 0x25, 0x22, 0x26, 0x26, 0x35, 0x34, 0x36, 0x36, 0x33, 0x32, 0x1e, 0x02, 0x07,
    0x21, 0x35, 0x21, 0x07, 0x36, 0x2e, 0x02, 0x23, 0x22, 0x06, 0x06, 0x15, 0x15, 0x14, 0x16, 0x16,
    0x33, 0x32, 0x36, 0x37, 0x33, 0x0e, 0x02, 0x03, 0xb6, 0x40, 0x87, 0x42, 0x6a, 0x8c, 0x4d, 0x7c,
    0x47, 0x6e, 0x39, 0x67, 0x40, 0x43, 0x27, 0x2b, 0x59, 0x3d, 0xfe, 0xa4, 0x7c, 0xce, 0x7c, 0x7b,
    0xce, 0x7d, 0x74, 0xa9, 0x67, 0x24, 0x10, 0xfd, 0x5e, 0x01, 0xfb, 0x2e, 0x03, 0x0f, 0x2a, 0x4d,
    0x3c, 0x48, 0x64, 0x34, 0x31, 0x61, 0x4a, 0x45, 0x5e, 0x0d, 0xee, 0x0f, 0x6f, 0xb0, 0xfe, 0xbb,
    0x23, 0x24, 0x5f, 0x56, 0x3e, 0x6b, 0x5a, 0x23, 0x14, 0x27, 0x4b, 0x49, 0x27, 0x2a, 0x1f, 0x1c,
    0x20, 0x98, 0x80, 0xe7, 0x9b, 0xa0, 0xe6, 0x7a, 0x5d, 0x9f, 0xc8, 0x6a, 0x80, 0x1e, 0x2f, 0x60,
    0x50, 0x31, 0x48, 0x7c, 0x4e, 0x5e, 0x52, 0x7e, 0x48, 0x40, 0x40, 0x5e, 0x8f, 0x51, 0xff, 0xff,
    0x00, 0x1e, 0xfe, 0x0a, 0x04, 0x64, 0x05, 0xc1, 0x06, 0x26, 0x00, 0x13, 0x00, 0x00, 0x00, 0x07,
    0x01, 0xd0, 0x00, 0xac, 0x00, 0x00, 0x00, 0x05, 0x00, 0x1e, 0xfe, 0x0a, 0x04, 0x64, 0x05, 0x79,
    0x00, 0x2d, 0x00, 0x3d, 0x00, 0x49, 0x00, 0x52, 0x00, 0x62, 0x00, 0x00, 0x41, 0x22, 0x26, 0x26,
    0x35, 0x34, 0x36, 0x33, 0x17, 0x22, 0x06, 0x15, 0x14, 0x16, 0x33, 0x32, 0x36, 0x36, 0x35, 0x34,
    0x26, 0x23, 0x21, 0x22, 0x26, 0x26, 0x35, 0x34, 0x36, 0x36, 0x33, 0x17, 0x22, 0x06, 0x06, 0x15,
    0x14, 0x16, 0x33, 0x21, 0x32, 0x16, 0x15, 0x14, 0x06, 0x06, 0x03, 0x22, 0x26, 0x26, 0x35, 0x34,
    0x36, 0x36, 0x33, 0x32, 0x16, 0x16, 0x15, 0x14, 0x06, 0x06, 0x27, 0x32, 0x36, 0x35, 0x34, 0x26,
    0x23, 0x22, 0x06, 0x15, 0x14, 0x16, 0x01, 0x27, 0x34, 0x36, 0x36, 0x33, 0x07, 0x22, 0x06, 0x01,
    0x17, 0x06, 0x06, 0x07, 0x16, 0x16, 0x07, 0x06, 0x06, 0x23, 0x22, 0x26, 0x37, 0x36, 0x36, 0x02,
    0x30, 0xa7, 0xed, 0x7e, 0x96, 0x72, 0xac, 0x62, 0x6a, 0x9f, 0x8b, 0x65, 0x94, 0x51, 0x30, 0x32,
    0xfe, 0xba, 0x62, 0xa1, 0x5f, 0x44, 0x75, 0x49, 0x3c, 0x1d, 0x35, 0x22, 0x44, 0x54, 0x01, 0x46,
    0x9b, 0xb1, 0x8a, 0xfd, 0xa1, 0x73, 0xbf, 0x72, 0x72, 0xbf, 0x73, 0x70, 0xbe, 0x74, 0x74, 0xbe,
    0x6e, 0x5c, 0x5c, 0x5d, 0x5d, 0x5a, 0x60, 0x61, 0x01, 0xb1, 0x6c, 0x51, 0x87, 0x52, 0x0c, 0x57,
    0x5b, 0xfe, 0xc5, 0x6c, 0x31, 0x4a, 0x0e, 0x26, 0x32, 0x03, 0x02, 0x40, 0x2e, 0x38, 0x3f, 0x03,
    0x04, 0x5a, 0xfe, 0x0a, 0x5c, 0x95, 0x57, 0x67, 0x71, 0x40, 0x4a, 0x42, 0x45, 0x53, 0x3c, 0x60,
    0x36, 0x24, 0x2e, 0x3f, 0x6b, 0x42, 0x3d, 0x59, 0x30, 0x4e, 0x17, 0x2c, 0x21, 0x28, 0x32, 0x72,
    0x76, 0x69, 0xbd, 0x78, 0x03, 0x22, 0x57, 0x9c, 0x69, 0x6b, 0x9e, 0x55, 0x55, 0x9e, 0x6b, 0x69,
    0x9c, 0x57, 0xa4, 0x6a, 0x4e, 0x54, 0x66, 0x66, 0x54, 0x4e, 0x6a, 0x01, 0x7a, 0x3e, 0x57, 0x83,
    0x48, 0xe2, 0x3d, 0x01, 0xee, 0x39, 0x18, 0x3b, 0x29, 0x06, 0x30, 0x27, 0x27, 0x36, 0x50, 0x3b,
    0x3f, 0x7f, 0xff, 0xff, 0x00, 0x1e, 0xfe, 0x0a, 0x04, 0x64, 0x05, 0xb1, 0x06, 0x26, 0x00, 0x13,
    0x00, 0x00, 0x00, 0x07, 0x01, 0xc9, 0x01, 0x4b, 0x00, 0x00, 0x00, 0x03, 0x00, 0x2f, 0x00, 0x00,
    0x04, 0x40, 0x05, 0x5c, 0x00, 0x12, 0x00, 0x16, 0x00, 0x1a, 0x00, 0x00, 0x61, 0x11, 0x34, 0x26,
    0x23, 0x22, 0x06, 0x06, 0x15, 0x23, 0x34, 0x36, 0x36, 0x33, 0x32, 0x16, 0x16, 0x15, 0x11, 0x21,
    0x11, 0x33, 0x11, 0x01, 0x35, 0x21, 0x15, 0x03, 0x54, 0x68, 0x54, 0x47, 0x6d, 0x3e, 0x4e, 0x5e,
    0xac, 0x74, 0x78, 0xa1, 0x51, 0xfc, 0x7a, 0xec, 0xfe, 0x89, 0x02, 0x77, 0x02, 0x38, 0x6c, 0x6e,
    0x4e, 0x9d, 0x75, 0xbd, 0xfb, 0x7c, 0x6b, 0xc2, 0x81, 0xfd, 0xc8, 0x05, 0x5c, 0xfa, 0xa4, 0x04,
    0x41, 0x9b, 0x9b, 0x00, 0x00, 0x01, 0x00, 0xce, 0x00, 0x00, 0x01, 0xba, 0x03, 0xce, 0x00, 0x03,
    0x00, 0x00, 0x73, 0x11, 0x33, 0x11, 0xce, 0xec, 0x03, 0xce, 0xfc, 0x32, 0xff, 0xff, 0x00, 0xa7,
    0x00, 0x00, 0x01, 0xe5, 0x05, 0xb1, 0x06, 0x26, 0x00, 0xf2, 0x00, 0x00, 0x00, 0x06, 0x01, 0xc9,
    0x49, 0x00, 0x00, 0x02, 0x00, 0x5f, 0x00, 0x00, 0x02, 0x28, 0x05, 0x51, 0x00, 0x03, 0x00, 0x07,
    0x00, 0x00, 0x73, 0x11, 0x33, 0x11, 0x01, 0x21, 0x15, 0x21, 0xce, 0xec, 0xfe, 0xa5, 0x01, 0xc9,
    0xfe, 0x37, 0x03, 0xce, 0xfc, 0x32, 0x05, 0x51, 0xc1, 0x00, 0xff, 0xff, 0x00, 0x3a, 0xfe, 0x74,
    0x02, 0x3a, 0x05, 0xb1, 0x06, 0x26, 0x00, 0xf2, 0x00, 0x00, 0x00, 0x26, 0x01, 0xc9, 0x49, 0x00,
    0x00, 0x06, 0x01, 0xd7, 0xdc, 0x29, 0xff, 0xff, 0x00, 0xb2, 0xfe, 0x0a, 0x04, 0x72, 0x05, 0x90,
    0x04, 0x26, 0x00, 0x15, 0x00, 0x00, 0x00, 0x07, 0x00, 0x16, 0x02, 0x90, 0x00, 0x00, 0x00, 0x01,
    0xff, 0x68, 0xfe, 0x0a, 0x01, 0xc8, 0x03, 0xce, 0x00, 0x0f, 0x00, 0x00, 0x53, 0x22, 0x26, 0x27,
    0x37, 0x16, 0x16, 0x33, 0x32, 0x36, 0x35, 0x11, 0x33, 0x11, 0x14, 0x06, 0x80, 0x4e, 0x85, 0x45,
    0x04, 0x33, 0x71, 0x36, 0x49, 0x4d, 0xec, 0xad, 0xfe, 0x0a, 0x22, 0x1c, 0xcc, 0x19, 0x23, 0x54,
    0x64, 0x04, 0x3e, 0xfb, 0xbe, 0xd0, 0xb2, 0x00, 0xff, 0xff, 0x00, 0xba, 0xfe, 0x3f, 0x04, 0x7e,
    0x05, 0x5c, 0x06, 0x26, 0x00, 0x17, 0x00, 0x00, 0x00, 0x07, 0x01, 0xd5, 0x01, 0x56, 0x00, 0x00,
    0xff, 0xff, 0x00, 0x7f, 0x00, 0x00, 0x02, 0x93, 0x07, 0xd6, 0x06, 0x26, 0x00, 0x18, 0x00, 0x00,
    0x00, 0x07, 0x01, 0xcb, 0x00, 0x21, 0x01, 0xa8, 0xff, 0xff, 0x00, 0xba, 0x00, 0x00, 0x02, 0xf0,
    0x05, 0x72, 0x06, 0x26, 0x00, 0x18, 0x00, 0x00, 0x00, 0x07, 0x01, 0xcd, 0x01, 0x3d, 0x00, 0x00,
    0xff, 0xff, 0x00, 0x94, 0xfe, 0x3f, 0x01, 0xb0, 0x05, 0x5c, 0x06, 0x26, 0x00, 0x18, 0x00, 0x00,
    0x00, 0x06, 0x01, 0xd5, 0x36, 0x00, 0x00, 0x02, 0x00, 0x1f, 0x00, 0x00, 0x02, 0x5e, 0x05, 0x5c,
    0x00, 0x03, 0x00, 0x07, 0x00, 0x00, 0x53, 0x27, 0x25, 0x17, 0x01, 0x11, 0x33, 0x11, 0x3d, 0x1e,
    0x02, 0x21, 0x1e, 0xfe, 0x5c, 0xec, 0x02, 0xd1, 0x96, 0x5b, 0x96, 0xfc, 0xd4, 0x05, 0x5c, 0xfa,
    0xa4, 0x00, 0xff, 0xff, 0x00, 0xba, 0x00, 0x00, 0x04, 0x40, 0x06, 0x32, 0x06, 0x26, 0x00, 0x1a,
    0x00, 0x00, 0x00, 0x07, 0x01, 0xcb, 0x01, 0x6e, 0x00, 0x04, 0xff, 0xff, 0x00, 0xba, 0x00, 0x00,
    0x04, 0x40, 0x06, 0x02, 0x06, 0x26, 0x00, 0x1a, 0x00, 0x00, 0x00, 0x07, 0x01, 0xcf, 0x00, 0xc3,
    0x00, 0x07, 0xff, 0xff, 0x00, 0xba, 0xfe, 0x3f, 0x04, 0x40, 0x03, 0xe6, 0x06, 0x26, 0x00, 0x1a,
    0x00, 0x00, 0x00, 0x07, 0x01, 0xd5, 0x01, 0x75, 0x00, 0x00, 0x00, 0x03, 0x00, 0xba, 0xfe, 0x0a,
    0x04, 0x41, 0x03, 0xe6, 0x00, 0x0f, 0x00, 0x22, 0x00, 0x27, 0x00, 0x00, 0x41, 0x22, 0x26, 0x27,
    0x37, 0x16, 0x16, 0x33, 0x32, 0x36, 0x35, 0x11, 0x33, 0x11, 0x14, 0x06, 0x03, 0x11, 0x34, 0x26,
    0x23, 0x22, 0x06, 0x06, 0x15, 0x23, 0x34, 0x36, 0x36, 0x33, 0x32, 0x16, 0x16, 0x15, 0x11, 0x21,
    0x11, 0x33, 0x17, 0x11, 0x02, 0xf9, 0x4e, 0x85, 0x45, 0x04, 0x33, 0x70, 0x37, 0x49, 0x4d, 0xec,
    0xad, 0x40, 0x68, 0x54, 0x47, 0x6d, 0x3e, 0x4e, 0x5e, 0xac, 0x74, 0x78, 0xa1, 0x51, 0xfc, 0x7a,
    0xce, 0x1e, 0xfe, 0x0a, 0x22, 0x1c, 0xcc, 0x19, 0x23, 0x54, 0x64, 0x02, 0x6c, 0xfd, 0x90, 0xd0,
    0xb2, 0x01, 0xf6, 0x02, 0x38, 0x6c, 0x6e, 0x4e, 0x9d, 0x75, 0xbd, 0xfb, 0x7c, 0x6b, 0xc2, 0x81,
    0xfd, 0xc8, 0x03, 0xca, 0xc0, 0xfc, 0xf6, 0x00, 0xff, 0xff, 0x00, 0x5e, 0xff, 0xe4, 0x04, 0x0e,
    0x05, 0xca, 0x06, 0x26, 0x00, 0x1b, 0x00, 0x00, 0x00, 0x07, 0x01, 0xcc, 0x01, 0x05, 0x00, 0x00,
    0xff, 0xff, 0x00, 0x5e, 0xff, 0xe4, 0x04, 0x0e, 0x05, 0x51, 0x06, 0x26, 0x00, 0x1b, 0x00, 0x00,
    0x00, 0x06, 0x01, 0xd3, 0xd9, 0x00, 0x00, 0x03, 0x00, 0x57, 0xff, 0xe4, 0x04, 0x2d, 0x03, 0xe6,
    0x00, 0x03, 0x00, 0x13, 0x00, 0x21, 0x00, 0x00, 0x73, 0x01, 0x33, 0x01, 0x05, 0x22, 0x26, 0x26,
    0x35, 0x34, 0x36, 0x36, 0x33, 0x32, 0x16, 0x16, 0x15, 0x14, 0x06, 0x06, 0x27, 0x32, 0x36, 0x36,
    0x35, 0x34, 0x26, 0x23, 0x22, 0x06, 0x06, 0x15, 0x14, 0x16, 0x57, 0x03, 0x26, 0xb0, 0xfc, 0xd7,
    0x01, 0x34, 0x85, 0xd7, 0x7e, 0x7e, 0xd7, 0x85, 0x83, 0xd5, 0x7e, 0x7e, 0xd5, 0x8b, 0x46, 0x6d,
    0x3f, 0x79, 0x69, 0x47, 0x6e, 0x3f, 0x7b, 0x03, 0xcd, 0xfc, 0x33, 0x1c, 0x72, 0xe3, 0xab, 0xae,
    0xe4, 0x70, 0x70, 0xe4, 0xae, 0xab, 0xe3, 0x72, 0xce, 0x45, 0x88, 0x65, 0x9a, 0x9c, 0x45, 0x8a,
    0x67, 0x98, 0x9a, 0x00, 0x00, 0x03, 0x00, 0x5e, 0xff, 0xe4, 0x06, 0x46, 0x03, 0xe6, 0x00, 0x0f,
    0x00, 0x1d, 0x00, 0x44, 0x00, 0x00, 0x45, 0x22, 0x26, 0x26, 0x35, 0x34, 0x36, 0x36, 0x33, 0x32,
    0x16, 0x16, 0x15, 0x14, 0x06, 0x06, 0x27, 0x32, 0x36, 0x36, 0x35, 0x34, 0x26, 0x23, 0x22, 0x06,
    0x06, 0x15, 0x14, 0x16, 0x05, 0x22, 0x26, 0x26, 0x35, 0x34, 0x36, 0x36, 0x33, 0x32, 0x1e, 0x02,
    0x07, 0x21, 0x35, 0x21, 0x07, 0x36, 0x2e, 0x02, 0x23, 0x22, 0x06, 0x06, 0x15, 0x15, 0x14, 0x16,
    0x16, 0x33, 0x32, 0x36, 0x37, 0x33, 0x0e, 0x02, 0x02, 0x22, 0x7f, 0xcd, 0x78, 0x78, 0xcd, 0x7f,
    0x7c, 0xcb, 0x78, 0x78, 0xcb, 0x84, 0x43, 0x68, 0x3b, 0x73, 0x64, 0x44, 0x69, 0x3b, 0x75, 0x02,
    0xfb, 0x76, 0xc4, 0x76, 0x75, 0xc4, 0x77, 0x6f, 0xa1, 0x62, 0x23, 0x10, 0xfd, 0x7e, 0x01, 0xe3,
    0x2c, 0x03, 0x0e, 0x29, 0x49, 0x39, 0x45, 0x5f, 0x31, 0x2e, 0x5d, 0x46, 0x42, 0x58, 0x0d, 0xe3,
    0x0e, 0x6a, 0xa7, 0x1c, 0x72, 0xe3, 0xab, 0xae, 0xe4, 0x70, 0x70, 0xe4, 0xae, 0xab, 0xe3, 0x72,
    0xce, 0x45, 0x88, 0x65, 0x9a, 0x9c, 0x45, 0x8a, 0x67, 0x98, 0x9a, 0xce, 0x80, 0xe7, 0x9b, 0xa0,
    0xe6, 0x7a, 0x5d, 0x9f, 0xc8, 0x6a, 0x80, 0x1e, 0x2f, 0x60, 0x50, 0x31, 0x48, 0x7c, 0x4e, 0x5e,
    0x52, 0x7e, 0x48, 0x40, 0x40, 0x5e, 0x8f, 0x51, 0x00, 0x02, 0x00, 0xba, 0xfe, 0x26, 0x04, 0x66,
    0x05, 0x12, 0x00, 0x21, 0x00, 0x25, 0x00, 0x00, 0x45, 0x22, 0x26, 0x26, 0x35, 0x33, 0x14, 0x16,
    0x16, 0x33, 0x32, 0x36, 0x36, 0x35, 0x34, 0x26, 0x26, 0x23, 0x22, 0x06, 0x06, 0x15, 0x23, 0x34,
    0x36, 0x36, 0x33, 0x32, 0x16, 0x16, 0x15, 0x14, 0x06, 0x06, 0x01, 0x11, 0x33, 0x11, 0x02, 0xa0,
    0x6b, 0x96, 0x4f, 0x56, 0x3c, 0x63, 0x39, 0x3b, 0x73, 0x4c, 0x40, 0x6f, 0x47, 0x3c, 0x64, 0x3c,
    0x56, 0x5e, 0x9e, 0x5e, 0x73, 0xcb, 0x7e, 0x80, 0xcf, 0xfd, 0xa3, 0xec, 0x1c, 0x5c, 0xbb, 0x8d,
    0x41, 0x5c, 0x31, 0x41, 0x85, 0x66, 0x5d, 0x87, 0x48, 0x36, 0x67, 0x49, 0x99, 0xc3, 0x5e, 0x7a,
    0xe5, 0xa1, 0xa2, 0xe6, 0x7a, 0xfe, 0x42, 0x06, 0xec, 0xf9, 0x14, 0x00, 0xff, 0xff, 0x00, 0xba,
    0x00, 0x00, 0x03, 0x42, 0x06, 0x2b, 0x06, 0x26, 0x00, 0x1e, 0x00, 0x00, 0x00, 0x07, 0x01, 0xcb,
    0x00, 0xd0, 0xff, 0xfd, 0xff, 0xff, 0x00, 0x83, 0x00, 0x00, 0x03, 0x4c, 0x05, 0xfb, 0x06, 0x26,
    0x00, 0x1e, 0x00, 0x00, 0x00, 0x06, 0x01, 0xcf, 0x25, 0x00, 0xff, 0xff, 0x00, 0xba, 0xfe, 0x43,
    0x03, 0x04, 0x03, 0xdc, 0x06, 0x26, 0x00, 0x1e, 0x00, 0x00, 0x00, 0x07, 0x01, 0xd5, 0x01, 0x06,
    0x00, 0x04, 0xff, 0xff, 0x00, 0x62, 0xff, 0xe4, 0x03, 0xbc, 0x06, 0x2b, 0x06, 0x26, 0x00, 0x1f,
    0x00, 0x00, 0x00, 0x07, 0x01, 0xcb, 0x01, 0x00, 0xff, 0xfd, 0xff, 0xff, 0x00, 0x62, 0xff, 0xe4,
    0x03, 0xbc, 0x05, 0xfb, 0x06, 0x26, 0x00, 0x1f, 0x00, 0x00, 0x00, 0x06, 0x01, 0xcf, 0x55, 0x00,
    0xff, 0xff, 0x00, 0x62, 0xfe, 0x58, 0x03, 0xbc, 0x03, 0xe6, 0x06, 0x26, 0x00, 0x1f, 0x00, 0x00,
    0x00, 0x07, 0x01, 0xd6, 0x00, 0xee, 0x00, 0x01, 0xff, 0xff, 0x00, 0x62, 0xfe, 0x40, 0x03, 0xbc,
    0x03, 0xe6, 0x06, 0x26, 0x00, 0x1f, 0x00, 0x00, 0x00, 0x07, 0x01, 0xd5, 0x01, 0x1b, 0x00, 0x01,
    0x00, 0x01, 0x00, 0xba, 0xff, 0xe6, 0x04, 0xae, 0x05, 0x66, 0x00, 0x35, 0x00, 0x00, 0x41, 0x14,
    0x0e, 0x02, 0x15, 0x14, 0x1e, 0x03, 0x15, 0x14, 0x06, 0x06, 0x23, 0x22, 0x26, 0x27, 0x37, 0x16,
    0x16, 0x33, 0x32, 0x36, 0x36, 0x35, 0x34, 0x2e, 0x03, 0x35, 0x34, 0x3e, 0x02, 0x35, 0x34, 0x26,
    0x23, 0x22, 0x06, 0x15, 0x11, 0x23, 0x11, 0x34, 0x36, 0x36, 0x33, 0x32, 0x16, 0x16, 0x04, 0x17,
    0x34, 0x43, 0x33, 0x41, 0x60, 0x5f, 0x41, 0x6d, 0xad, 0x62, 0x39, 0x8a, 0x39, 0x02, 0x3c, 0x69,
    0x34, 0x37, 0x44, 0x1e, 0x3c, 0x57, 0x57, 0x3b, 0x38, 0x4a, 0x38, 0x6f, 0x5a, 0x72, 0x5b, 0xef,
    0x6d, 0xcb, 0x8f, 0x7d, 0xb6, 0x63, 0x04, 0x34, 0x49, 0x62, 0x47, 0x3c, 0x22, 0x26, 0x3a, 0x3c,
    0x4e, 0x70, 0x53, 0x68, 0x97, 0x52, 0x1e, 0x1c, 0xbc, 0x28, 0x25, 0x26, 0x40, 0x28, 0x40, 0x59,
    0x44, 0x40, 0x4e, 0x36, 0x36, 0x4d, 0x45, 0x50, 0x39, 0x4a, 0x53, 0x8a, 0x97, 0xfc, 0x75, 0x03,
    0x90, 0x9c, 0xd1, 0x69, 0x4c, 0x8a, 0x00, 0x03, 0x00, 0x40, 0xff, 0xe4, 0x02, 0xde, 0x04, 0xcc,
    0x00, 0x03, 0x00, 0x13, 0x00, 0x17, 0x00, 0x00, 0x53, 0x35, 0x21, 0x15, 0x03, 0x22, 0x26, 0x26,
    0x35, 0x11, 0x33, 0x11, 0x14, 0x33, 0x32, 0x36, 0x37, 0x17, 0x06, 0x06, 0x01, 0x35, 0x21, 0x15,
    0x40, 0x02, 0x75, 0xb3, 0x56, 0x8f, 0x55, 0xec, 0x72, 0x23, 0x46, 0x2d, 0x22, 0x38, 0x6a, 0xfe,
    0x04, 0x02, 0x7c, 0x01, 0xf4, 0xa4, 0xa4, 0xfd, 0xf0, 0x40, 0x84, 0x66, 0x03, 0xbe, 0xfc, 0x4a,
    0x78, 0x10, 0x10, 0xa6, 0x16, 0x1e, 0x03, 0x4a, 0x9c, 0x9c, 0xff, 0xff, 0x00, 0x40, 0xff, 0xe4,
    0x03, 0x21, 0x05, 0xac, 0x06, 0x26, 0x00, 0x20, 0x00, 0x00, 0x00, 0x07, 0x01, 0xcd, 0x01, 0x6e,
    0x00, 0x3a, 0xff, 0xff, 0x00, 0x40, 0xfe, 0x5d, 0x02, 0xde, 0x04, 0xcc, 0x06, 0x26, 0x00, 0x20,
    0x00, 0x00, 0x00, 0x07, 0x01, 0xd6, 0x00, 0x97, 0x00, 0x06, 0xff, 0xff, 0x00, 0x40, 0xfe, 0x45,
    0x02, 0xde, 0x04, 0xcc, 0x06, 0x26, 0x00, 0x20, 0x00, 0x00, 0x00, 0x07, 0x01, 0xd5, 0x00, 0xc5,
    0x00, 0x06, 0xff, 0xff, 0x00, 0xa6, 0xff, 0xee, 0x04, 0x2c, 0x05, 0xc1, 0x06, 0x26, 0x00, 0x21,
    0x00, 0x00, 0x00, 0x07, 0x01, 0xd0, 0x00, 0xe9, 0x00, 0x00, 0xff, 0xff, 0x00, 0xa6, 0xff, 0xee,
    0x04, 0x2c, 0x05, 0xca, 0x06, 0x26, 0x00, 0x21, 0x00, 0x00, 0x00, 0x07, 0x01, 0xcc, 0x01, 0x51,
    0x00, 0x00, 0xff, 0xff, 0x00, 0xa6, 0xff, 0xee, 0x04, 0x2c, 0x05, 0x51, 0x06, 0x26, 0x00, 0x21,
    0x00, 0x00, 0x00, 0x06, 0x01, 0xd3, 0x26, 0x00, 0xff, 0xff, 0x00, 0xa6, 0xfe, 0x74, 0x04, 0xad,
    0x03, 0xce, 0x06, 0x26, 0x00, 0x21, 0x00, 0x00, 0x00, 0x07, 0x01, 0xd7, 0x02, 0x4f, 0x00, 0x29,
    0xff, 0xff, 0x00, 0xa6, 0xff, 0xee, 0x04, 0x2c, 0x06, 0x10, 0x06, 0x26, 0x00, 0x21, 0x00, 0x00,
    0x00, 0x07, 0x01, 0xd1, 0x01, 0x38, 0xff, 0x1d, 0xff, 0xff, 0x00, 0x18, 0x00, 0x00, 0x05, 0xd0,
    0x06, 0x2b, 0x06, 0x26, 0x00, 0x23, 0x00, 0x00, 0x00, 0x07, 0x01, 0xcb, 0x01, 0xe6, 0xff, 0xfd,
    0xff, 0xff, 0x00, 0x18, 0x00, 0x00, 0x05, 0xd0, 0x05, 0xec, 0x06, 0x26, 0x00, 0x23, 0x00, 0x00,
    0x00, 0x07, 0x01, 0xce, 0x01, 0x33, 0xff, 0xf8, 0xff, 0xff, 0x00, 0x18, 0x00, 0x00, 0x05, 0xd0,
    0x05, 0x81, 0x06, 0x26, 0x00, 0x23, 0x00, 0x00, 0x00, 0x07, 0x01, 0xc8, 0x01, 0x4a, 0x00, 0x00,
    0xff, 0xff, 0x00, 0x18, 0x00, 0x00, 0x05, 0xd0, 0x06, 0x2e, 0x06, 0x26, 0x00, 0x23, 0x00, 0x00,
    0x00, 0x07, 0x01, 0xca, 0x01, 0x8c, 0x00, 0x00, 0xff, 0xff, 0x00, 0x00, 0xfe, 0x0a, 0x03, 0xd8,
    0x06, 0x2b, 0x06, 0x26, 0x00, 0x25, 0x00, 0x00, 0x00, 0x07, 0x01, 0xcb, 0x00, 0xe8, 0xff, 0xfd,
    0xff, 0xff, 0x00, 0x00, 0xfe, 0x0a, 0x03, 0xd8, 0x05, 0xec, 0x06, 0x26, 0x00, 0x25, 0x00, 0x00,
    0x00, 0x06, 0x01, 0xce, 0x35, 0xf8, 0xff, 0xff, 0x00, 0x00, 0xfe, 0x0a, 0x03, 0xd8, 0x05, 0x81,
    0x06, 0x26, 0x00, 0x25, 0x00, 0x00, 0x00, 0x06, 0x01, 0xc8, 0x4d, 0x00, 0xff, 0xff, 0x00, 0x00,
    0xfe, 0x0a, 0x03, 0xd8, 0x06, 0x2e, 0x06, 0x26, 0x00, 0x25, 0x00, 0x00, 0x00, 0x07, 0x01, 0xca,
    0x00, 0x8f, 0x00, 0x00, 0xff, 0xff, 0x00, 0x72, 0x00, 0x00, 0x03, 0x6e, 0x06, 0x2b, 0x06, 0x26,
    0x00, 0x26, 0x00, 0x00, 0x00, 0x07, 0x01, 0xcb, 0x00, 0xe0, 0xff, 0xfd, 0xff, 0xff, 0x00, 0x72,
    0x00, 0x00, 0x03, 0x6e, 0x05, 0xfb, 0x06, 0x26, 0x00, 0x26, 0x00, 0x00, 0x00, 0x06, 0x01, 0xcf,
    0x35, 0x00, 0xff, 0xff, 0x00, 0x72, 0x00, 0x00, 0x03, 0x6e, 0x05, 0xb1, 0x06, 0x26, 0x00, 0x26,
    0x00, 0x00, 0x00, 0x07, 0x01, 0xc9, 0x00, 0xf4, 0x00, 0x00, 0xff, 0xff, 0x00, 0x62, 0x00, 0x00,
    0x04, 0xb5, 0x05, 0x90, 0x04, 0x26, 0x00, 0x12, 0x00, 0x00, 0x00, 0x07, 0x00, 0x15, 0x02, 0xdf,
    0x00, 0x00, 0xff, 0xff, 0x00, 0x62, 0x00, 0x00, 0x04, 0x85, 0x05, 0x6c, 0x04, 0x26, 0x00, 0x12,
    0x00, 0x00, 0x00, 0x07, 0x00, 0x18, 0x02, 0xdf, 0x00, 0x00, 0xff, 0xff, 0x00, 0x6e, 0xff, 0xe4,
    0x03, 0xf2, 0x03, 0xe6, 0x06, 0x06, 0x00, 0x0d, 0x00, 0x00, 0xff, 0xff, 0x00, 0x5e, 0xff, 0xe4,
    0x04, 0x0e, 0x03, 0xe6, 0x06, 0x06, 0x00, 0x1b, 0x00, 0x00, 0x00, 0x02, 0x00, 0x2c, 0x00, 0x00,
    0x04, 0xb6, 0x05, 0x12, 0x00, 0x06, 0x00, 0x0a, 0x00, 0x00, 0x73, 0x01, 0x21, 0x01, 0x23, 0x01,
    0x01, 0x23, 0x35, 0x21, 0x15, 0x2c, 0x01, 0xba, 0x01, 0x28, 0x01, 0xa8, 0xf8, 0xfe, 0xb8, 0xfe,
    0xb0, 0x76, 0x03, 0x67, 0x05, 0x12, 0xfa, 0xee, 0x03, 0xf8, 0xfc, 0x08, 0xcf, 0xcf, 0x00, 0x03,
    0x00, 0x5e, 0xff, 0xff, 0x04, 0xf8, 0x05, 0x2c, 0x00, 0x21, 0x00, 0x25, 0x00, 0x29, 0x00, 0x00,
    0x65, 0x22, 0x2e, 0x02, 0x35, 0x34, 0x12, 0x24, 0x33, 0x32, 0x04, 0x12, 0x15, 0x14, 0x0e, 0x02,
    0x23, 0x35, 0x32, 0x36, 0x36, 0x35, 0x34, 0x26, 0x23, 0x22, 0x06, 0x15, 0x14, 0x16, 0x16, 0x33,
    0x05, 0x35, 0x21, 0x15, 0x33, 0x35, 0x21, 0x15, 0x02, 0x46, 0x5c, 0xaf, 0x8b, 0x52, 0x96, 0x01,
    0x09, 0xad, 0xae, 0x01, 0x0a, 0x96, 0x52, 0x8c, 0xaf, 0x5d, 0x38, 0x71, 0x4d, 0xbb, 0x9f, 0x9c,
    0xbc, 0x4d, 0x71, 0x36, 0xfe, 0x18, 0x01, 0xe8, 0xc8, 0x01, 0xe7, 0x2e, 0x4c, 0x97, 0xe2, 0x97,
    0xe4, 0x01, 0x2b, 0x93, 0x97, 0xfe, 0xd4, 0xdf, 0x99, 0xe3, 0x96, 0x4a, 0x6c, 0x79, 0xdf, 0x9a,
    0xda, 0xf2, 0xf3, 0xdb, 0x99, 0xde, 0x79, 0x9b, 0x9b, 0x9b, 0x9b, 0x9b, 0x00, 0x01, 0x00, 0xa6,
    0xfe, 0x72, 0x04, 0x2c, 0x03, 0xce, 0x00, 0x15, 0x00, 0x00, 0x41, 0x33, 0x11, 0x23, 0x35, 0x06,
    0x06, 0x23, 0x22, 0x27, 0x11, 0x23, 0x11, 0x33, 0x11, 0x14, 0x16, 0x33, 0x32, 0x36, 0x36, 0x35,
    0x03, 0x40, 0xec, 0xec, 0x2f, 0x98, 0x61, 0x4c, 0x3a, 0xec, 0xec, 0x5e, 0x52, 0x46, 0x73, 0x45,
    0x03, 0xce, 0xfc, 0x32, 0xae, 0x60, 0x60, 0x1a, 0xfe, 0x6a, 0x05, 0x5c, 0xfd, 0xac, 0x5f, 0x5f,
    0x49, 0x8f, 0x6a, 0x00, 0x00, 0x03, 0x00, 0x2c, 0xff, 0xf9, 0x04, 0xcb, 0x03, 0xcd, 0x00, 0x0a,
    0x00, 0x0e, 0x00, 0x12, 0x00, 0x00, 0x45, 0x22, 0x26, 0x26, 0x35, 0x11, 0x33, 0x11, 0x14, 0x16,
    0x33, 0x05, 0x11, 0x33, 0x11, 0x01, 0x35, 0x21, 0x15, 0x04, 0x48, 0x70, 0x9c, 0x50, 0xec, 0x66,
    0x49, 0xfc, 0x86, 0xec, 0xfe, 0x33, 0x04, 0x9f, 0x07, 0x65, 0xbb, 0x81, 0x02, 0x32, 0xfd, 0xce,
    0x6c, 0x61, 0xcd, 0x03, 0xca, 0xfc, 0x36, 0x02, 0xfe, 0xcf, 0xcf, 0x00, 0x00, 0x02, 0x00, 0x5e,
    0xff, 0xe4, 0x04, 0x14, 0x04, 0x8e, 0x00, 0x0f, 0x00, 0x1b, 0x00, 0x00, 0x41, 0x32, 0x16, 0x12,
    0x15, 0x14, 0x02, 0x06, 0x23, 0x22, 0x26, 0x02, 0x35, 0x34, 0x12, 0x36, 0x17, 0x22, 0x06, 0x15,
    0x14, 0x16, 0x33, 0x32, 0x36, 0x35, 0x34, 0x26, 0x02, 0x3a, 0x8b, 0xd6, 0x79, 0x79, 0xd6, 0x8b,
    0x8b, 0xd7, 0x7a, 0x7a, 0xd7, 0x8b, 0x76, 0x78, 0x78, 0x76, 0x78, 0x78, 0x78, 0x04, 0x8e, 0x8a,
    0xfe, 0xf6, 0xc0, 0xc1, 0xfe, 0xf5, 0x8a, 0x8a, 0x01, 0x0b, 0xc1, 0xc0, 0x01, 0x0a, 0x8a, 0xd4,
    0xbd, 0xc3, 0xc3, 0xbd, 0xbd, 0xc3, 0xc3, 0xbd, 0x00, 0x01, 0x00, 0x54, 0x00, 0x00, 0x02, 0x0e,
    0x04, 0x76, 0x00, 0x0a, 0x00, 0x00, 0x41, 0x33, 0x11, 0x23, 0x11, 0x06, 0x06, 0x07, 0x35, 0x36,
    0x36, 0x01, 0x5c, 0xb2, 0xec, 0x35, 0x66, 0x33, 0x44, 0x80, 0x04, 0x76, 0xfb, 0x8a, 0x03, 0x5c,
    0x19, 0x18, 0x01, 0xe2, 0x08, 0x30, 0x00, 0x01, 0x00, 0x78, 0x00, 0x00, 0x04, 0x2a, 0x04, 0x8e,
    0x00, 0x21, 0x00, 0x00, 0x73, 0x35, 0x34, 0x36, 0x37, 0x37, 0x36, 0x36, 0x35, 0x34, 0x26, 0x23,
    0x22, 0x06, 0x07, 0x21, 0x3e, 0x02, 0x33, 0x32, 0x16, 0x16, 0x15, 0x14, 0x06, 0x07, 0x07, 0x06,
    0x06, 0x15, 0x15, 0x21, 0x15, 0x78, 0x9a, 0x9e, 0xbe, 0x6e, 0x5a, 0x68, 0x5c, 0x5d, 0x77, 0x0a,
    0xfe, 0xfa, 0x03, 0x7a, 0xd2, 0x89, 0x86, 0xc8, 0x6e, 0x9e, 0xb0, 0xd2, 0x54, 0x4a, 0x02, 0xc6,
    0xc4, 0xaa, 0xab, 0x27, 0x2e, 0x1b, 0x5a, 0x47, 0x3e, 0x58, 0x4d, 0x53, 0x7b, 0xa2, 0x51, 0x5f,
    0xa2, 0x65, 0x8d, 0xa3, 0x2c, 0x34, 0x15, 0x48, 0x33, 0x30, 0xd8, 0x00, 0x00, 0x01, 0x00, 0x28,
    0xff, 0x12, 0x04, 0x16, 0x04, 0x8e, 0x00, 0x2f, 0x00, 0x00, 0x45, 0x22, 0x2e, 0x02, 0x35, 0x33,
    0x16, 0x16, 0x33, 0x32, 0x36, 0x36, 0x35, 0x34, 0x26, 0x26, 0x23, 0x23, 0x35, 0x33, 0x32, 0x36,
    0x35, 0x34, 0x26, 0x23, 0x22, 0x06, 0x07, 0x23, 0x3e, 0x02, 0x33, 0x32, 0x16, 0x16, 0x15, 0x14,
    0x06, 0x07, 0x16, 0x16, 0x15, 0x14, 0x06, 0x06, 0x02, 0x22, 0x64, 0xb6, 0x8e, 0x52, 0xf0, 0x08,
    0x95, 0x6d, 0x4d, 0x76, 0x43, 0x40, 0x7b, 0x59, 0x86, 0x7a, 0x72, 0x84, 0x75, 0x65, 0x5b, 0x7f,
    0x0c, 0xfc, 0x0f, 0x7f, 0xcc, 0x84, 0x8d, 0xce, 0x6f, 0x6f, 0x63, 0x7a, 0x84, 0x7d, 0xe1, 0xee,
    0x33, 0x69, 0xa2, 0x6e, 0x78, 0x6c, 0x3a, 0x66, 0x42, 0x40, 0x66, 0x3c, 0xba, 0x64, 0x58, 0x4f,
    0x65, 0x5b, 0x51, 0x86, 0xa3, 0x49, 0x5d, 0xa0, 0x65, 0x66, 0x89, 0x29, 0x2e, 0xc1, 0x7d, 0x74,
    0xb8, 0x6a, 0x00, 0x02, 0x00, 0x24, 0xff, 0x28, 0x04, 0x84, 0x04, 0x7c, 0x00, 0x0a, 0x00, 0x0d,
    0x00, 0x00, 0x45, 0x11, 0x21, 0x35, 0x01, 0x33, 0x11, 0x33, 0x15, 0x23, 0x11, 0x01, 0x21, 0x11,
    0x02, 0xb6, 0xfd, 0x6e, 0x02, 0x98, 0xe8, 0xe0, 0xe0, 0xfd, 0x82, 0x01, 0x9c, 0xd8, 0x01, 0x3a,
    0xb2, 0x03, 0x68, 0xfc, 0xb2, 0xcc, 0xfe, 0xc6, 0x01, 0xec, 0x02, 0x0e, 0x00, 0x01, 0x00, 0x72,
    0xff, 0x12, 0x04, 0x32, 0x04, 0x88, 0x00, 0x21, 0x00, 0x00, 0x45, 0x22, 0x26, 0x26, 0x35, 0x33,
    0x14, 0x16, 0x33, 0x32, 0x36, 0x36, 0x35, 0x34, 0x26, 0x23, 0x21, 0x13, 0x21, 0x15, 0x21, 0x37,
    0x03, 0x27, 0x36, 0x36, 0x33, 0x32, 0x16, 0x16, 0x15, 0x14, 0x06, 0x06, 0x02, 0x38, 0x77, 0xcf,
    0x80, 0xea, 0x7c, 0x66, 0x4b, 0x78, 0x45, 0x8e, 0x92, 0xfe, 0x90, 0x3e, 0x02, 0xfa, 0xfd, 0xb8,
    0x2c, 0x26, 0x10, 0x34, 0x63, 0x37, 0x8b, 0xcd, 0x70, 0x85, 0xe5, 0xee, 0x60, 0xbd, 0x89, 0x66,
    0x68, 0x3f, 0x72, 0x4b, 0x6f, 0x7f, 0x02, 0xb4, 0xd6, 0x38, 0xfe, 0x76, 0x14, 0x0f, 0x0d, 0x69,
    0xc0, 0x81, 0x88, 0xd3, 0x79, 0x00, 0xff, 0xff, 0x00, 0x5e, 0xff, 0xe4, 0x04, 0x5c, 0x05, 0x2c,
    0x06, 0x06, 0x00, 0x50, 0x00, 0x00, 0x00, 0x01, 0x00, 0x30, 0xff, 0x30, 0x03, 0xc0, 0x04, 0x8e,
    0x00, 0x06, 0x00, 0x00, 0x53, 0x21, 0x15, 0x01, 0x21, 0x01, 0x21, 0x30, 0x03, 0x90, 0xfd, 0xa8,
    0xfe, 0xe0, 0x02, 0x86, 0xfd, 0x62, 0x04, 0x8e, 0xcc, 0xfb, 0x6e, 0x04, 0x90, 0x00, 0x00, 0x01,
    0x00, 0x62, 0xff, 0xe4, 0x04, 0xac, 0x05, 0x2c, 0x00, 0x45, 0x00, 0x00, 0x45, 0x22, 0x26, 0x26,
    0x35, 0x34, 0x36, 0x36, 0x33, 0x32, 0x16, 0x17, 0x15, 0x22, 0x06, 0x06, 0x15, 0x14, 0x16, 0x16,
    0x33, 0x32, 0x36, 0x35, 0x34, 0x26, 0x27, 0x25, 0x2e, 0x02, 0x35, 0x34, 0x36, 0x36, 0x33, 0x32,
    0x16, 0x16, 0x15, 0x14, 0x06, 0x06, 0x23, 0x22, 0x26, 0x27, 0x35, 0x32, 0x36, 0x36, 0x35, 0x34,
    0x26, 0x26, 0x23, 0x22, 0x06, 0x06, 0x15, 0x14, 0x16, 0x17, 0x05, 0x16, 0x16, 0x15, 0x14, 0x06,
    0x06, 0x02, 0x86, 0xa7, 0xf6, 0x87, 0x62, 0xaa, 0x6a, 0x2a, 0x48, 0x30, 0x55, 0x84, 0x4b, 0x52,
    0x8a, 0x54, 0x9c, 0x96, 0x49, 0x41, 0xfe, 0x8e, 0x43, 0x8b, 0x60, 0x77, 0xe1, 0xa0, 0x8e, 0xe4,
    0x86, 0x52, 0x9c, 0x6e, 0x26, 0x40, 0x2a, 0x42, 0x71, 0x45, 0x42, 0x75, 0x4d, 0x49, 0x76, 0x45,
    0x44, 0x40, 0x01, 0x7e, 0x8f, 0x99, 0x81, 0xf6, 0x1c, 0x63, 0xab, 0x6c, 0x5c, 0x82, 0x46, 0x0e,
    0x0c, 0x3a, 0x32, 0x54, 0x32, 0x3a, 0x53, 0x2d, 0x51, 0x3f, 0x32, 0x47, 0x19, 0x8e, 0x1a, 0x5c,
    0x8a, 0x5e, 0x6c, 0x9f, 0x57, 0x60, 0xa8, 0x6c, 0x4b, 0x80, 0x4f, 0x0d, 0x0d, 0x44, 0x2b, 0x4d,
    0x34, 0x35, 0x4e, 0x2b, 0x27, 0x44, 0x2b, 0x31, 0x3f, 0x1a, 0x94, 0x37, 0x91, 0x82, 0x6c, 0xa8,
    0x60, 0x00, 0x00, 0x02, 0x00, 0x6a, 0xff, 0x12, 0x04, 0x66, 0x04, 0x8e, 0x00, 0x21, 0x00, 0x2e,
    0x00, 0x00, 0x45, 0x22, 0x26, 0x26, 0x35, 0x33, 0x16, 0x16, 0x33, 0x32, 0x12, 0x35, 0x34, 0x26,
    0x27, 0x06, 0x06, 0x23, 0x22, 0x26, 0x26, 0x35, 0x34, 0x36, 0x36, 0x33, 0x32, 0x1e, 0x02, 0x15,
    0x14, 0x02, 0x06, 0x03, 0x32, 0x36, 0x36, 0x35, 0x34, 0x26, 0x23, 0x22, 0x06, 0x15, 0x14, 0x16,
    0x02, 0x48, 0x83, 0xd0, 0x79, 0xf8, 0x05, 0x6c, 0x63, 0x9f, 0x93, 0x03, 0x05, 0x14, 0xbe, 0x84,
    0x79, 0xc5, 0x74, 0x77, 0xd3, 0x8a, 0x8a, 0xce, 0x8a, 0x46, 0x87, 0xf4, 0xab, 0x46, 0x65, 0x37,
    0x7b, 0x69, 0x69, 0x77, 0x79, 0xee, 0x67, 0xb9, 0x7a, 0x5b, 0x67, 0x01, 0x15, 0xed, 0x26, 0x47,
    0x21, 0x96, 0x9e, 0x6b, 0xbc, 0x79, 0x7a, 0xc0, 0x6e, 0x74, 0xc5, 0xf7, 0x84, 0xe0, 0xfe, 0xc2,
    0xaa, 0x02, 0xf6, 0x3c, 0x64, 0x3e, 0x5d, 0x7d, 0x7d, 0x5d, 0x61, 0x7d, 0x00, 0x02, 0x00, 0x3e,
    0xff, 0xe4, 0x04, 0x72, 0x05, 0x2c, 0x00, 0x0f, 0x00, 0x1b, 0x00, 0x00, 0x45, 0x22, 0x26, 0x02,
    0x35, 0x34, 0x12, 0x36, 0x33, 0x32, 0x16, 0x12, 0x15, 0x14, 0x02, 0x06, 0x27, 0x32, 0x36, 0x35,
    0x34, 0x26, 0x23, 0x22, 0x06, 0x15, 0x14, 0x16, 0x02, 0x58, 0x9f, 0xf2, 0x89, 0x89, 0xf2, 0x9f,
    0x9e, 0xf3, 0x89, 0x89, 0xf3, 0x9e, 0x8d, 0x9b, 0x9b, 0x8d, 0x8c, 0x9c, 0x9c, 0x1c, 0x94, 0x01,
    0x2c, 0xe4, 0xe5, 0x01, 0x2c, 0x93, 0x93, 0xfe, 0xd4, 0xe5, 0xe4, 0xfe, 0xd4, 0x94, 0xd8, 0xed,
    0xdf, 0xdf, 0xef, 0xef, 0xdf, 0xdf, 0xed, 0x00, 0x00, 0x01, 0x00, 0xee, 0x00, 0x00, 0x03, 0xca,
    0x05, 0x1a, 0x00, 0x11, 0x00, 0x00, 0x73, 0x35, 0x21, 0x07, 0x11, 0x17, 0x06, 0x06, 0x07, 0x35,
    0x36, 0x36, 0x37, 0x33, 0x11, 0x27, 0x21, 0x15, 0xee, 0x01, 0x36, 0x3e, 0x3e, 0x47, 0x85, 0x40,
    0x42, 0x83, 0x41, 0xb4, 0x40, 0x01, 0x38, 0xb6, 0x3e, 0x03, 0xd2, 0x2c, 0x27, 0x28, 0x01, 0xe2,
    0x07, 0x31, 0x32, 0xfb, 0x5e, 0x3e, 0xb6, 0x00, 0x00, 0x01, 0x00, 0x6c, 0x00, 0x00, 0x04, 0x46,
    0x05, 0x2c, 0x00, 0x23, 0x00, 0x00, 0x73, 0x35, 0x34, 0x36, 0x36, 0x37, 0x25, 0x36, 0x36, 0x35,
    0x34, 0x26, 0x23, 0x22, 0x06, 0x07, 0x21, 0x3e, 0x02, 0x33, 0x32, 0x16, 0x16, 0x15, 0x14, 0x06,
    0x06, 0x07, 0x05, 0x06, 0x06, 0x15, 0x15, 0x21, 0x15, 0x6c, 0x41, 0x84, 0x63, 0x01, 0x0a, 0x57,
    0x53, 0x6c, 0x66, 0x62, 0x83, 0x09, 0xfe, 0xfa, 0x03, 0x83, 0xdf, 0x8b, 0x83, 0xd4, 0x7d, 0x49,
    0x93, 0x70, 0xfe, 0xf2, 0x4e, 0x46, 0x02, 0xe6, 0xde, 0x6d, 0x97, 0x69, 0x27, 0x66, 0x23, 0x66,
    0x4b, 0x4b, 0x67, 0x61, 0x5d, 0x85, 0xb0, 0x57, 0x63, 0xb1, 0x76, 0x64, 0x98, 0x73, 0x2b, 0x68,
    0x1e, 0x49, 0x3b, 0x26, 0xd8, 0x00, 0x00, 0x01, 0x00, 0x46, 0xff, 0xe4, 0x04, 0x62, 0x05, 0x2c,
    0x00, 0x2f, 0x00, 0x00, 0x45, 0x22, 0x2e, 0x02, 0x35, 0x33, 0x1e, 0x02, 0x33, 0x32, 0x36, 0x35,
    0x34, 0x26, 0x26, 0x23, 0x23, 0x35, 0x33, 0x32, 0x36, 0x35, 0x34, 0x26, 0x23, 0x22, 0x06, 0x07,
    0x23, 0x3e, 0x02, 0x33, 0x32, 0x16, 0x16, 0x15, 0x14, 0x06, 0x07, 0x16, 0x16, 0x15, 0x14, 0x06,
    0x06, 0x02, 0x60, 0x67, 0xc0, 0x99, 0x5a, 0xfa, 0x04, 0x4a, 0x7f, 0x53, 0x79, 0x8b, 0x39, 0x74,
    0x59, 0xae, 0x94, 0x71, 0x83, 0x71, 0x71, 0x5b, 0x8f, 0x12, 0xfa, 0x0e, 0x85, 0xd5, 0x86, 0x8c,
    0xdc, 0x80, 0x6d, 0x69, 0x75, 0x8d, 0x80, 0xe7, 0x1c, 0x38, 0x6e, 0xa3, 0x6b, 0x44, 0x63, 0x35,
    0x70, 0x56, 0x38, 0x51, 0x2b, 0xba, 0x62, 0x54, 0x4b, 0x65, 0x4a, 0x5c, 0x85, 0xa8, 0x4f, 0x5c,
    0xa3, 0x6b, 0x63, 0x93, 0x24, 0x28, 0x9e, 0x76, 0x73, 0xb1, 0x64, 0x00, 0x00, 0x02, 0x00, 0x36,
    0x00, 0x00, 0x04, 0x6c, 0x05, 0x20, 0x00, 0x0d, 0x00, 0x13, 0x00, 0x00, 0x41, 0x33, 0x11, 0x27,
    0x33, 0x15, 0x23, 0x37, 0x11, 0x23, 0x11, 0x17, 0x21, 0x35, 0x01, 0x17, 0x01, 0x27, 0x21, 0x07,
    0x02, 0xc0, 0xe4, 0x32, 0xfa, 0xf8, 0x30, 0xe8, 0x4c, 0xfd, 0x2e, 0x02, 0x90, 0x46, 0xfe, 0x08,
    0x08, 0x02, 0x06, 0x4c, 0x05, 0x20, 0xfc, 0x8c, 0x26, 0xb2, 0x3e, 0xfe, 0xa2, 0x01, 0x5e, 0x3e,
    0xb2, 0x02, 0x58, 0x06, 0xfd, 0x76, 0x38, 0x40, 0x00, 0x01, 0x00, 0x70, 0xff, 0xe4, 0x04, 0x3a,
    0x05, 0x12, 0x00, 0x1f, 0x00, 0x00, 0x45, 0x22, 0x26, 0x26, 0x27, 0x33, 0x14, 0x16, 0x33, 0x32,
    0x36, 0x35, 0x34, 0x26, 0x23, 0x21, 0x13, 0x21, 0x15, 0x21, 0x37, 0x03, 0x27, 0x36, 0x36, 0x33,
    0x32, 0x16, 0x15, 0x14, 0x06, 0x06, 0x02, 0x50, 0x8c, 0xd6, 0x7b, 0x03, 0xf0, 0x8a, 0x66, 0x6e,
    0x8a, 0x87, 0x85, 0xfe, 0x74, 0x3c, 0x03, 0x0a, 0xfd, 0xb4, 0x2e, 0x26, 0x14, 0x30, 0x84, 0x30,
    0xc9, 0xef, 0x7a, 0xdc, 0x1c, 0x61, 0xba, 0x85, 0x64, 0x64, 0x8d, 0x67, 0x62, 0x66, 0x02, 0x9a,
    0xd8, 0x44, 0xfe, 0x7e, 0x16, 0x0b, 0x0b, 0xc3, 0xb5, 0x81, 0xd1, 0x7a, 0x00, 0x02, 0x00, 0x4e,
    0xff, 0xe4, 0x04, 0x4c, 0x05, 0x2c, 0x00, 0x21, 0x00, 0x2e, 0x00, 0x00, 0x45, 0x22, 0x26, 0x02,
    0x35, 0x34, 0x12, 0x36, 0x33, 0x32, 0x16, 0x16, 0x17, 0x23, 0x26, 0x26, 0x23, 0x22, 0x02, 0x15,
    0x14, 0x16, 0x17, 0x3e, 0x02, 0x33, 0x32, 0x16, 0x16, 0x15, 0x14, 0x06, 0x06, 0x27, 0x32, 0x36,
    0x35, 0x34, 0x26, 0x23, 0x22, 0x06, 0x06, 0x15, 0x14, 0x16, 0x02, 0x76, 0xa4, 0xf9, 0x8b, 0x8d,
    0xfd, 0xa8, 0x81, 0xc5, 0x73, 0x05, 0xfa, 0x0a, 0x5c, 0x56, 0x9a, 0xb2, 0x04, 0x02, 0x10, 0x6c,
    0x9b, 0x55, 0x7a, 0xbb, 0x69, 0x77, 0xd4, 0x8b, 0x5d, 0x85, 0x85, 0x5f, 0x3d, 0x66, 0x3d, 0x85,
    0x1c, 0xaa, 0x01, 0x27, 0xbd, 0xdf, 0x01, 0x38, 0xa3, 0x5f, 0xac, 0x73, 0x4e, 0x5a, 0xfe, 0xf1,
    0xe9, 0x1e, 0x46, 0x20, 0x7b, 0x8c, 0x3b, 0x6a, 0xba, 0x78, 0x7b, 0xba, 0x67, 0xd8, 0x71, 0x5d,
    0x61, 0x6f, 0x34, 0x5e, 0x3e, 0x5d, 0x71, 0x00, 0x00, 0x01, 0x00, 0x8c, 0x00, 0x00, 0x04, 0x1c,
    0x05, 0x12, 0x00, 0x06, 0x00, 0x00, 0x53, 0x21, 0x15, 0x01, 0x21, 0x01, 0x21, 0x8c, 0x03, 0x90,
    0xfd, 0xd6, 0xfe, 0xc2, 0x02, 0x52, 0xfd, 0x86, 0x05, 0x12, 0xe2, 0xfb, 0xd0, 0x04, 0x2e, 0x00,
    0x00, 0x01, 0x00, 0x32, 0xff, 0xe4, 0x04, 0x7c, 0x05, 0x2c, 0x00, 0x45, 0x00, 0x00, 0x45, 0x22,
    0x26, 0x26, 0x35, 0x34, 0x36, 0x36, 0x33, 0x32, 0x16, 0x17, 0x15, 0x22, 0x06, 0x06, 0x15, 0x14,
    0x16, 0x16, 0x33, 0x32, 0x36, 0x35, 0x34, 0x26, 0x27, 0x25, 0x2e, 0x02, 0x35, 0x34, 0x36, 0x36,
    0x33, 0x32, 0x16, 0x16, 0x15, 0x14, 0x06, 0x06, 0x23, 0x22, 0x26, 0x27, 0x35, 0x32, 0x36, 0x36,
    0x35, 0x34, 0x26, 0x26, 0x23, 0x22, 0x06, 0x06, 0x15, 0x14, 0x16, 0x17, 0x05, 0x16, 0x16, 0x15,
    0x14, 0x06, 0x06, 0x02, 0x56, 0xa7, 0xf6, 0x87, 0x63, 0xa9, 0x6a, 0x2a, 0x49, 0x2f, 0x55, 0x84,
    0x4b, 0x52, 0x8a, 0x54, 0x9c, 0x96, 0x4a, 0x40, 0xfe, 0x8e, 0x43, 0x8c, 0x5f, 0x77, 0xe1, 0xa0,
    0x8e, 0xe4, 0x86, 0x52, 0x9b, 0x6f, 0x26, 0x40, 0x2a, 0x42, 0x71, 0x45, 0x42, 0x75, 0x4d, 0x49,
    0x76, 0x45, 0x42, 0x42, 0x01, 0x7e, 0x8f, 0x99, 0x81, 0xf6, 0x1c, 0x63, 0xab, 0x6c, 0x5c, 0x82,
    0x46, 0x0e, 0x0c, 0x3a, 0x32, 0x54, 0x32, 0x3a, 0x53, 0x2d, 0x51, 0x3f, 0x32, 0x47, 0x19, 0x8e,
    0x19, 0x5c, 0x8b, 0x5e, 0x6c, 0x9f, 0x57, 0x60, 0xa8, 0x6c, 0x4b, 0x80, 0x4f, 0x0d, 0x0d, 0x44,
    0x2b, 0x4d, 0x34, 0x35, 0x4e, 0x2b, 0x27, 0x44, 0x2b, 0x31, 0x41, 0x18, 0x94, 0x37, 0x91, 0x82,
    0x6c, 0xa8, 0x60, 0x00, 0x00, 0x02, 0x00, 0x5a, 0xff, 0xe4, 0x04, 0x56, 0x05, 0x2c, 0x00, 0x23,
    0x00, 0x30, 0x00, 0x00, 0x45, 0x22, 0x26, 0x26, 0x35, 0x33, 0x16, 0x16, 0x33, 0x32, 0x36, 0x36,
    0x35, 0x34, 0x26, 0x27, 0x0e, 0x02, 0x23, 0x22, 0x26, 0x26, 0x35, 0x34, 0x36, 0x36, 0x33, 0x32,
    0x1e, 0x02, 0x15, 0x14, 0x02, 0x06, 0x03, 0x32, 0x36, 0x36, 0x35, 0x34, 0x26, 0x23, 0x22, 0x06,
    0x15, 0x14, 0x16, 0x02, 0x40, 0x86, 0xd7, 0x7d, 0xf6, 0x04, 0x7b, 0x5d, 0x6e, 0x86, 0x3c, 0x04,
    0x04, 0x13, 0x68, 0x97, 0x58, 0x79, 0xb9, 0x6a, 0x77, 0xd2, 0x89, 0x74, 0xc9, 0x98, 0x55, 0x77,
    0xed, 0xc2, 0x3d, 0x66, 0x3d, 0x85, 0x5f, 0x5d, 0x83, 0x84, 0x1c, 0x69, 0xb9, 0x7a, 0x5a, 0x6a,
    0x7d, 0xe2, 0x97, 0x1e, 0x39, 0x1f, 0x6e, 0x87, 0x3d, 0x69, 0xb9, 0x78, 0x7c, 0xba, 0x66, 0x5e,
    0xad, 0xf0, 0x93, 0xd5, 0xfe, 0xc6, 0xab, 0x02, 0xd4, 0x34, 0x5c, 0x3c, 0x60, 0x70, 0x70, 0x60,
    0x60, 0x6c, 0x00, 0x02, 0x00, 0x5e, 0xff, 0xe4, 0x02, 0xe7, 0x03, 0x13, 0x00, 0x0b, 0x00, 0x17,
    0x00, 0x00, 0x45, 0x22, 0x26, 0x35, 0x34, 0x36, 0x33, 0x32, 0x16, 0x15, 0x14, 0x06, 0x27, 0x32,
    0x36, 0x35, 0x34, 0x26, 0x23, 0x22, 0x06, 0x15, 0x14, 0x16, 0x01, 0xa3, 0x90, 0xb5, 0xb5, 0x90,
    0x8f, 0xb5, 0xb5, 0x8f, 0x54, 0x5d, 0x5d, 0x54, 0x55, 0x5e, 0x5e, 0x1c, 0xc9, 0xce, 0xcf, 0xc9,
    0xc9, 0xcf, 0xce, 0xc9, 0x82, 0x8f, 0x86, 0x87, 0x90, 0x90, 0x87, 0x86, 0x8f, 0x00, 0x00, 0x01,
    0x00, 0x54, 0x00, 0x00, 0x01, 0x5e, 0x03, 0x13, 0x00, 0x0a, 0x00, 0x00, 0x53, 0x33, 0x11, 0x23,
    0x11, 0x06, 0x06, 0x07, 0x35, 0x36, 0x36, 0xf3, 0x6b, 0x8e, 0x20, 0x3d, 0x1f, 0x29, 0x4e, 0x03,
    0x13, 0xfc, 0xed, 0x02, 0x69, 0x0f, 0x0f, 0x01, 0x89, 0x04, 0x1e, 0x00, 0x00, 0x01, 0x00, 0x78,
    0x00, 0x00, 0x02, 0xca, 0x03, 0x1e, 0x00, 0x21, 0x00, 0x00, 0x73, 0x35, 0x34, 0x36, 0x37, 0x37,
    0x36, 0x36, 0x35, 0x34, 0x26, 0x23, 0x22, 0x06, 0x07, 0x23, 0x3e, 0x02, 0x33, 0x32, 0x16, 0x16,
    0x15, 0x14, 0x06, 0x07, 0x07, 0x06, 0x06, 0x15, 0x15, 0x21, 0x15, 0x78, 0x59, 0x5a, 0x9f, 0x35,
    0x32, 0x42, 0x3c, 0x3c, 0x4e, 0x06, 0x9d, 0x01, 0x50, 0x85, 0x54, 0x4f, 0x80, 0x4b, 0x63, 0x66,
    0xa2, 0x2f, 0x2a, 0x01, 0xbf, 0x86, 0x62, 0x6f, 0x22, 0x3e, 0x14, 0x3e, 0x2e, 0x2d, 0x3e, 0x3b,
    0x38, 0x50, 0x6a, 0x35, 0x3b, 0x6b, 0x47, 0x5b, 0x75, 0x28, 0x3e, 0x12, 0x2c, 0x24, 0x17, 0x82,
    0x00, 0x01, 0x00, 0x5a, 0xff, 0xe4, 0x02, 0xd3, 0x03, 0x13, 0x00, 0x29, 0x00, 0x00, 0x45, 0x22,
    0x26, 0x26, 0x35, 0x33, 0x16, 0x16, 0x33, 0x32, 0x36, 0x35, 0x34, 0x26, 0x23, 0x23, 0x35, 0x33,
    0x32, 0x36, 0x35, 0x34, 0x26, 0x23, 0x22, 0x06, 0x07, 0x23, 0x36, 0x36, 0x33, 0x32, 0x16, 0x15,
    0x14, 0x06, 0x07, 0x16, 0x16, 0x15, 0x14, 0x06, 0x01, 0x9d, 0x53, 0x93, 0x5d, 0x95, 0x04, 0x5f,
    0x4b, 0x49, 0x54, 0x4d, 0x51, 0x68, 0x58, 0x45, 0x4e, 0x43, 0x44, 0x37, 0x56, 0x0c, 0x95, 0x0d,
    0xa3, 0x78, 0x80, 0xa6, 0x42, 0x3f, 0x47, 0x55, 0xaa, 0x1c, 0x3c, 0x75, 0x55, 0x3d, 0x47, 0x44,
    0x33, 0x33, 0x3a, 0x70, 0x3b, 0x33, 0x2d, 0x3d, 0x2d, 0x37, 0x77, 0x6e, 0x7a, 0x61, 0x3b, 0x59,
    0x15, 0x19, 0x5f, 0x47, 0x68, 0x84, 0x00, 0x02, 0x00, 0x2c, 0x00, 0x00, 0x02, 0xce, 0x03, 0x16,
    0x00, 0x0a, 0x00, 0x0d, 0x00, 0x00, 0x41, 0x33, 0x11, 0x33, 0x15, 0x23, 0x15, 0x23, 0x35, 0x21,
    0x35, 0x01, 0x03, 0x33, 0x01, 0xbd, 0x88, 0x89, 0x89, 0x8c, 0xfe, 0x73, 0x01, 0x93, 0xea, 0xea,
    0x03, 0x16, 0xfe, 0x11, 0x7a, 0xad, 0xad, 0x6c, 0x01, 0x2a, 0xfe, 0xd6, 0x00, 0x01, 0x00, 0x72,
    0xff, 0xe4, 0x02, 0xba, 0x03, 0x03, 0x00, 0x1e, 0x00, 0x00, 0x45, 0x22, 0x26, 0x26, 0x27, 0x33,
    0x14, 0x16, 0x33, 0x32, 0x36, 0x35, 0x34, 0x23, 0x23, 0x13, 0x21, 0x15, 0x21, 0x37, 0x07, 0x27,
    0x36, 0x36, 0x33, 0x32, 0x16, 0x15, 0x14, 0x06, 0x06, 0x01, 0x93, 0x54, 0x82, 0x49, 0x02, 0x90,
    0x53, 0x3e, 0x42, 0x53, 0xa1, 0xee, 0x24, 0x01, 0xd4, 0xfe, 0x9e, 0x1c, 0x17, 0x0c, 0x1d, 0x50,
    0x1c, 0x79, 0x90, 0x4a, 0x84, 0x1c, 0x3b, 0x70, 0x4f, 0x3c, 0x3c, 0x55, 0x3e, 0x79, 0x01, 0x91,
    0x82, 0x29, 0xe9, 0x0d, 0x07, 0x06, 0x74, 0x6e, 0x4d, 0x7e, 0x4a, 0x00, 0x00, 0x02, 0x00, 0x5e,
    0xff, 0xe4, 0x02, 0xc6, 0x03, 0x13, 0x00, 0x1d, 0x00, 0x29, 0x00, 0x00, 0x45, 0x22, 0x26, 0x26,
    0x35, 0x34, 0x36, 0x33, 0x32, 0x16, 0x17, 0x23, 0x26, 0x26, 0x23, 0x22, 0x06, 0x15, 0x14, 0x16,
    0x17, 0x3e, 0x02, 0x33, 0x32, 0x16, 0x15, 0x14, 0x06, 0x27, 0x32, 0x36, 0x35, 0x34, 0x26, 0x23,
    0x22, 0x06, 0x15, 0x14, 0x16, 0x01, 0xa9, 0x61, 0x96, 0x54, 0xba, 0x99, 0x75, 0x93, 0x04, 0x97,
    0x06, 0x37, 0x33, 0x5d, 0x6d, 0x02, 0x03, 0x0a, 0x41, 0x5d, 0x33, 0x6f, 0x8b, 0x9e, 0x7f, 0x3a,
    0x4f, 0x4f, 0x3a, 0x37, 0x50, 0x50, 0x1c, 0x67, 0xb1, 0x72, 0xc9, 0xdc, 0x7e, 0x68, 0x2e, 0x37,
    0xa4, 0x8c, 0x12, 0x2a, 0x13, 0x4a, 0x54, 0x23, 0x8b, 0x6d, 0x6f, 0x89, 0x82, 0x44, 0x38, 0x3b,
    0x43, 0x46, 0x38, 0x38, 0x44, 0x00, 0x00, 0x01, 0x00, 0x30, 0x00, 0x00, 0x02, 0x56, 0x03, 0x0e,
    0x00, 0x06, 0x00, 0x00, 0x73, 0x01, 0x21, 0x35, 0x21, 0x15, 0x01, 0x48, 0x01, 0x66, 0xfe, 0x82,
    0x02, 0x26, 0xfe, 0xb1, 0x02, 0x84, 0x8a, 0x88, 0xfd, 0x7a, 0x00, 0x01, 0x00, 0x62, 0xff, 0xe4,
    0x02, 0xf7, 0x03, 0x13, 0x00, 0x3b, 0x00, 0x00, 0x45, 0x22, 0x26, 0x35, 0x34, 0x36, 0x33, 0x32,
    0x16, 0x17, 0x15, 0x22, 0x06, 0x15, 0x14, 0x16, 0x33, 0x32, 0x36, 0x35, 0x34, 0x26, 0x27, 0x27,
    0x2e, 0x02, 0x35, 0x34, 0x36, 0x33, 0x32, 0x16, 0x16, 0x15, 0x14, 0x06, 0x23, 0x22, 0x26, 0x27,
    0x35, 0x32, 0x36, 0x35, 0x34, 0x26, 0x23, 0x22, 0x06, 0x15, 0x14, 0x16, 0x17, 0x17, 0x16, 0x16,
    0x15, 0x14, 0x06, 0x01, 0xac, 0x97, 0xb3, 0x81, 0x60, 0x19, 0x2b, 0x1d, 0x4c, 0x64, 0x6c, 0x4c,
    0x5e, 0x5a, 0x2c, 0x27, 0xdf, 0x28, 0x55, 0x39, 0x9f, 0x91, 0x56, 0x89, 0x50, 0x6e, 0x63, 0x17,
    0x27, 0x19, 0x3c, 0x5a, 0x58, 0x45, 0x42, 0x5b, 0x29, 0x27, 0xe6, 0x56, 0x5c, 0xae, 0x1c, 0x82,
    0x62, 0x53, 0x5d, 0x08, 0x08, 0x23, 0x41, 0x2e, 0x34, 0x3c, 0x31, 0x26, 0x1e, 0x2b, 0x0f, 0x56,
    0x0f, 0x37, 0x53, 0x39, 0x62, 0x74, 0x3a, 0x65, 0x42, 0x43, 0x66, 0x08, 0x07, 0x29, 0x39, 0x2f,
    0x30, 0x39, 0x34, 0x27, 0x1d, 0x26, 0x10, 0x59, 0x21, 0x58, 0x4d, 0x62, 0x7f, 0x00, 0x00, 0x02,
    0x00, 0x6a, 0xff, 0xe4, 0x02, 0xd0, 0x03, 0x13, 0x00, 0x1d, 0x00, 0x29, 0x00, 0x00, 0x45, 0x22,
    0x26, 0x26, 0x35, 0x33, 0x16, 0x16, 0x33, 0x32, 0x36, 0x35, 0x34, 0x26, 0x27, 0x06, 0x06, 0x23,
    0x22, 0x26, 0x35, 0x34, 0x36, 0x33, 0x32, 0x16, 0x16, 0x15, 0x14, 0x06, 0x03, 0x32, 0x36, 0x35,
    0x34, 0x26, 0x23, 0x22, 0x06, 0x15, 0x14, 0x16, 0x01, 0x8f, 0x50, 0x81, 0x4b, 0x93, 0x03, 0x4a,
    0x38, 0x63, 0x54, 0x02, 0x03, 0x11, 0x7a, 0x50, 0x6d, 0x8b, 0x9d, 0x7d, 0x5d, 0x96, 0x59, 0xa0,
    0xac, 0x39, 0x50, 0x51, 0x38, 0x38, 0x4f, 0x4f, 0x1c, 0x3f, 0x70, 0x49, 0x36, 0x40, 0xa6, 0x88,
    0x12, 0x23, 0x13, 0x64, 0x54, 0x8a, 0x6c, 0x71, 0x88, 0x63, 0xb1, 0x77, 0xc0, 0xe4, 0x01, 0xb4,
    0x45, 0x36, 0x3a, 0x43, 0x43, 0x3a, 0x3a, 0x41, 0xff, 0xff, 0x00, 0x5e, 0x02, 0x3c, 0x02, 0xe7,
    0x05, 0x6b, 0x06, 0x07, 0x01, 0x3e, 0x00, 0x00, 0x02, 0x58, 0xff, 0xff, 0x00, 0x54, 0x02, 0x58,
    0x01, 0x5e, 0x05, 0x6b, 0x06, 0x07, 0x01, 0x3f, 0x00, 0x00, 0x02, 0x58, 0xff, 0xff, 0x00, 0x78,
    0x02, 0x58, 0x02, 0xca, 0x05, 0x76, 0x06, 0x07, 0x01, 0x40, 0x00, 0x00, 0x02, 0x58, 0xff, 0xff,
    0x00, 0x5a, 0x02, 0x3c, 0x02, 0xd3, 0x05, 0x6b, 0x06, 0x07, 0x01, 0x41, 0x00, 0x00, 0x02, 0x58,
    0xff, 0xff, 0x00, 0x2c, 0x02, 0x58, 0x02, 0xce, 0x05, 0x6e, 0x06, 0x07, 0x01, 0x42, 0x00, 0x00,
    0x02, 0x58, 0xff, 0xff, 0x00, 0x72, 0x02, 0x3c, 0x02, 0xba, 0x05, 0x5b, 0x06, 0x07, 0x01, 0x43,
    0x00, 0x00, 0x02, 0x58, 0xff, 0xff, 0x00, 0x5e, 0x02, 0x3c, 0x02, 0xc6, 0x05, 0x6b, 0x06, 0x07,
    0x01, 0x44, 0x00, 0x00, 0x02, 0x58, 0xff, 0xff, 0x00, 0x30, 0x02, 0x58, 0x02, 0x56, 0x05, 0x66,
    0x06, 0x07, 0x01, 0x45, 0x00, 0x00, 0x02, 0x58, 0xff, 0xff, 0x00, 0x62, 0x02, 0x3c, 0x02, 0xf7,
    0x05, 0x6b, 0x06, 0x07, 0x01, 0x46, 0x00, 0x00, 0x02, 0x58, 0xff, 0xff, 0x00, 0x6a, 0x02, 0x3c,
    0x02, 0xd0, 0x05, 0x6b, 0x06, 0x07, 0x01, 0x47, 0x00, 0x00, 0x02, 0x58, 0x00, 0x01, 0xfe, 0xe3,
    0xff, 0xeb, 0x03, 0x6e, 0x05, 0x4f, 0x00, 0x03, 0x00, 0x00, 0x45, 0x01, 0x33, 0x01, 0xfe, 0xe3,
    0x03, 0xc9, 0xc2, 0xfc, 0x34, 0x15, 0x05, 0x64, 0xfa, 0x9c, 0xff, 0xff, 0x00, 0x54, 0xff, 0xeb,
    0x07, 0x1c, 0x05, 0x6b, 0x04, 0x27, 0x01, 0x3f, 0x00, 0x00, 0x02, 0x58, 0x00, 0x27, 0x01, 0x52,
    0x02, 0x19, 0x00, 0x00, 0x00, 0x07, 0x01, 0x40, 0x04, 0x52, 0x00, 0x00, 0xff, 0xff, 0x00, 0x54,
    0xff, 0xeb, 0x07, 0x20, 0x05, 0x6b, 0x04, 0x27, 0x01, 0x3f, 0x00, 0x00, 0x02, 0x58, 0x00, 0x27,
    0x01, 0x52, 0x02, 0x19, 0x00, 0x00, 0x00, 0x07, 0x01, 0x42, 0x04, 0x52, 0x00, 0x00, 0xff, 0xff,
    0x00, 0x5a, 0xff, 0xeb, 0x08, 0x40, 0x05, 0x6b, 0x04, 0x27, 0x01, 0x41, 0x00, 0x00, 0x02, 0x58,
    0x00, 0x27, 0x01, 0x52, 0x03, 0x39, 0x00, 0x00, 0x00, 0x07, 0x01, 0x42, 0x05, 0x72, 0x00, 0x00,
    0xff, 0xff, 0x00, 0x54, 0xff, 0xe4, 0x07, 0x49, 0x05, 0x6b, 0x04, 0x27, 0x01, 0x3f, 0x00, 0x00,
    0x02, 0x58, 0x00, 0x27, 0x01, 0x52, 0x02, 0x19, 0x00, 0x00, 0x00, 0x07, 0x01, 0x46, 0x04, 0x52,
    0x00, 0x00, 0xff, 0xff, 0x00, 0x5a, 0xff, 0xe4, 0x08, 0x69, 0x05, 0x6b, 0x04, 0x27, 0x01, 0x41,
    0x00, 0x00, 0x02, 0x58, 0x00, 0x27, 0x01, 0x52, 0x03, 0x39, 0x00, 0x00, 0x00, 0x07, 0x01, 0x46,
    0x05, 0x72, 0x00, 0x00, 0xff, 0xff, 0x00, 0x72, 0xff, 0xe4, 0x08, 0x3a, 0x05, 0x5b, 0x04, 0x27,
    0x01, 0x43, 0x00, 0x00, 0x02, 0x58, 0x00, 0x27, 0x01, 0x52, 0x03, 0x0a, 0x00, 0x00, 0x00, 0x07,
    0x01, 0x46, 0x05, 0x43, 0x00, 0x00, 0xff, 0xff, 0x00, 0x30, 0xff, 0xe4, 0x07, 0xa9, 0x05, 0x66,
    0x04, 0x27, 0x01, 0x45, 0x00, 0x00, 0x02, 0x58, 0x00, 0x27, 0x01, 0x52, 0x02, 0x79, 0x00, 0x00,
    0x00, 0x07, 0x01, 0x46, 0x04, 0xb2, 0x00, 0x00, 0x00, 0x02, 0x00, 0x5e, 0xff, 0xe4, 0x03, 0x00,
    0x03, 0x31, 0x00, 0x0b, 0x00, 0x17, 0x00, 0x00, 0x45, 0x22, 0x26, 0x35, 0x34, 0x36, 0x33, 0x32,
    0x16, 0x15, 0x14, 0x06, 0x27, 0x32, 0x36, 0x35, 0x34, 0x26, 0x23, 0x22, 0x06, 0x15, 0x14, 0x16,
    0x01, 0xaf, 0x96, 0xbb, 0xbb, 0x96, 0x94, 0xbd, 0xbd, 0x94, 0x57, 0x62, 0x62, 0x57, 0x58, 0x61,
    0x61, 0x1c, 0xd1, 0xd6, 0xd6, 0xd0, 0xd0, 0xd6, 0xd6, 0xd1, 0x87, 0x94, 0x8c, 0x8c, 0x94, 0x94,
    0x8c, 0x8c, 0x94, 0x00, 0x00, 0x01, 0x00, 0x54, 0x00, 0x00, 0x01, 0x5e, 0x03, 0x13, 0x00, 0x0a,
    0x00, 0x00, 0x53, 0x33, 0x11, 0x23, 0x11, 0x06, 0x06, 0x07, 0x35, 0x36, 0x36, 0xf3, 0x6b, 0x8e,
    0x20, 0x3d, 0x1f, 0x29, 0x4e, 0x03, 0x13, 0xfc, 0xed, 0x02, 0x69, 0x0e, 0x10, 0x01, 0x89, 0x04,
    0x1e, 0x00, 0x00, 0x01, 0x00, 0x78, 0x00, 0x00, 0x02, 0xca, 0x03, 0x1e, 0x00, 0x21, 0x00, 0x00,
    0x73, 0x35, 0x34, 0x36, 0x37, 0x37, 0x36, 0x36, 0x35, 0x34, 0x26, 0x23, 0x22, 0x06, 0x07, 0x23,
    0x3e, 0x02, 0x33, 0x32, 0x16, 0x16, 0x15, 0x14, 0x06, 0x07, 0x07, 0x06, 0x06, 0x15, 0x15, 0x21,
    0x15, 0x78, 0x5a, 0x59, 0xa0, 0x34, 0x33, 0x42, 0x3d, 0x3b, 0x4f, 0x06, 0x9d, 0x02, 0x4f, 0x86,
    0x54, 0x4f, 0x7f, 0x4b, 0x63, 0x66, 0xa1, 0x2f, 0x2b, 0x01, 0xbf, 0x86, 0x62, 0x6f, 0x22, 0x3e,
    0x14, 0x3e, 0x2d, 0x2e, 0x3e, 0x3b, 0x38, 0x50, 0x6a, 0x35, 0x3c, 0x6a, 0x48, 0x5a, 0x75, 0x28,
    0x3e, 0x12, 0x2c, 0x24, 0x17, 0x82, 0x00, 0x01, 0x00, 0x5a, 0xff, 0xe4, 0x02, 0xd3, 0x03, 0x12,
    0x00, 0x29, 0x00, 0x00, 0x45, 0x22, 0x26, 0x26, 0x35, 0x33, 0x16, 0x16, 0x33, 0x32, 0x36, 0x35,
    0x34, 0x26, 0x23, 0x23, 0x35, 0x33, 0x32, 0x36, 0x35, 0x34, 0x26, 0x23, 0x22, 0x06, 0x07, 0x23,
    0x36, 0x36, 0x33, 0x32, 0x16, 0x15, 0x14, 0x06, 0x07, 0x16, 0x16, 0x15, 0x14, 0x06, 0x01, 0x9d,
    0x53, 0x93, 0x5d, 0x95, 0x04, 0x5f, 0x4b, 0x49, 0x54, 0x4d, 0x51, 0x68, 0x58, 0x45, 0x4e, 0x43,
    0x44, 0x37, 0x56, 0x0c, 0x95, 0x0d, 0xa3, 0x78, 0x80, 0xa6, 0x42, 0x3f, 0x47, 0x55, 0xaa, 0x1c,
    0x3c, 0x74, 0x56, 0x3d, 0x47, 0x44, 0x33, 0x33, 0x39, 0x70, 0x3c, 0x32, 0x2e, 0x3c, 0x2c, 0x38,
    0x78, 0x6d, 0x79, 0x61, 0x3c, 0x58, 0x16, 0x18, 0x5f, 0x47, 0x68, 0x84, 0x00, 0x02, 0x00, 0x2c,
    0x00, 0x00, 0x02, 0xcd, 0x03, 0x16, 0x00, 0x0a, 0x00, 0x0d, 0x00, 0x00, 0x41, 0x33, 0x11, 0x33,
    0x15, 0x23, 0x15, 0x23, 0x35, 0x21, 0x35, 0x01, 0x03, 0x33, 0x01, 0xbc, 0x89, 0x88, 0x88, 0x8c,
    0xfe, 0x73, 0x01, 0x94, 0xec, 0xec, 0x03, 0x16, 0xfe, 0x11, 0x7a, 0xad, 0xad, 0x6c, 0x01, 0x2a,
    0xfe, 0xd6, 0x00, 0x01, 0x00, 0x72, 0xff, 0xe4, 0x02, 0xbb, 0x03, 0x02, 0x00, 0x1e, 0x00, 0x00,
    0x45, 0x22, 0x26, 0x26, 0x27, 0x33, 0x14, 0x16, 0x33, 0x32, 0x36, 0x35, 0x34, 0x23, 0x23, 0x13,
    0x21, 0x15, 0x21, 0x37, 0x07, 0x27, 0x36, 0x36, 0x33, 0x32, 0x16, 0x15, 0x14, 0x06, 0x06, 0x01,
    0x94, 0x55, 0x81, 0x4a, 0x02, 0x91, 0x53, 0x3e, 0x42, 0x52, 0xa0, 0xef, 0x24, 0x01, 0xd5, 0xfe,
    0x9e, 0x1b, 0x16, 0x0d, 0x1d, 0x50, 0x1d, 0x79, 0x90, 0x4a, 0x84, 0x1c, 0x3b, 0x70, 0x4f, 0x3c,
    0x3c, 0x55, 0x3e, 0x78, 0x01, 0x91, 0x82, 0x29, 0xe8, 0x0d, 0x06, 0x07, 0x75, 0x6d, 0x4d, 0x7e,
    0x4a, 0x00, 0x00, 0x02, 0x00, 0x5e, 0xff, 0xe4, 0x02, 0xc6, 0x03, 0x12, 0x00, 0x1d, 0x00, 0x29,
    0x00, 0x00, 0x45, 0x22, 0x26, 0x26, 0x35, 0x34, 0x36, 0x33, 0x32, 0x16, 0x17, 0x23, 0x26, 0x26,
    0x23, 0x22, 0x06, 0x15, 0x14, 0x16, 0x17, 0x3e, 0x02, 0x33, 0x32, 0x16, 0x15, 0x14, 0x06, 0x27,
    0x32, 0x36, 0x35, 0x34, 0x26, 0x23, 0x22, 0x06, 0x15, 0x14, 0x16, 0x01, 0xa9, 0x61, 0x96, 0x54,
    0xba, 0x99, 0x74, 0x94, 0x04, 0x97, 0x07, 0x36, 0x33, 0x5d, 0x6c, 0x02, 0x02, 0x0a, 0x41, 0x5e,
    0x33, 0x6e, 0x8b, 0x9e, 0x7f, 0x39, 0x51, 0x51, 0x39, 0x37, 0x4f, 0x4f, 0x1c, 0x66, 0xb2, 0x72,
    0xc9, 0xdb, 0x7e, 0x68, 0x2f, 0x36, 0xa3, 0x8c, 0x12, 0x2b, 0x13, 0x4a, 0x55, 0x23, 0x8c, 0x6c,
    0x6f, 0x89, 0x82, 0x44, 0x38, 0x3b, 0x42, 0x45, 0x38, 0x38, 0x44, 0x00, 0x00, 0x01, 0x00, 0x30,
    0x00, 0x00, 0x02, 0x56, 0x03, 0x0e, 0x00, 0x06, 0x00, 0x00, 0x73, 0x01, 0x21, 0x35, 0x21, 0x15,
    0x01, 0x48, 0x01, 0x66, 0xfe, 0x82, 0x02, 0x26, 0xfe, 0xb1, 0x02, 0x84, 0x8a, 0x88, 0xfd, 0x7a,
    0x00, 0x01, 0x00, 0x62, 0xff, 0xe4, 0x02, 0xf8, 0x03, 0x12, 0x00, 0x3b, 0x00, 0x00, 0x45, 0x22,
    0x26, 0x35, 0x34, 0x36, 0x33, 0x32, 0x16, 0x17, 0x15, 0x22, 0x06, 0x15, 0x14, 0x16, 0x33, 0x32,
    0x36, 0x35, 0x34, 0x26, 0x27, 0x27, 0x2e, 0x02, 0x35, 0x34, 0x36, 0x33, 0x32, 0x16, 0x16, 0x15,
    0x14, 0x06, 0x23, 0x22, 0x26, 0x27, 0x35, 0x32, 0x36, 0x35, 0x34, 0x26, 0x23, 0x22, 0x06, 0x15,
    0x14, 0x16, 0x17, 0x17, 0x16, 0x16, 0x15, 0x14, 0x06, 0x01, 0xad, 0x97, 0xb4, 0x82, 0x5f, 0x1a,
    0x2b, 0x1d, 0x4d, 0x63, 0x6b, 0x4d, 0x5e, 0x5a, 0x2c, 0x27, 0xe0, 0x28, 0x54, 0x39, 0x9f, 0x91,
    0x55, 0x8a, 0x50, 0x6e, 0x63, 0x17, 0x27, 0x19, 0x3b, 0x5a, 0x57, 0x45, 0x43, 0x5a, 0x28, 0x27,
    0xe6, 0x56, 0x5d, 0xad, 0x1c, 0x82, 0x62, 0x53, 0x5d, 0x09, 0x08, 0x22, 0x42, 0x2d, 0x35, 0x3b,
    0x31, 0x26, 0x1e, 0x2a, 0x10, 0x55, 0x10, 0x37, 0x53, 0x39, 0x61, 0x74, 0x3a, 0x64, 0x42, 0x43,
    0x67, 0x08, 0x08, 0x29, 0x39, 0x2e, 0x30, 0x39, 0x33, 0x27, 0x1e, 0x26, 0x0f, 0x59, 0x22, 0x57,
    0x4e, 0x61, 0x7f, 0x00, 0x00, 0x02, 0x00, 0x6a, 0xff, 0xe4, 0x02, 0xd0, 0x03, 0x12, 0x00, 0x1d,
    0x00, 0x29, 0x00, 0x00, 0x45, 0x22, 0x26, 0x26, 0x35, 0x33, 0x16, 0x16, 0x33, 0x32, 0x36, 0x35,
    0x34, 0x26, 0x27, 0x06, 0x06, 0x23, 0x22, 0x26, 0x35, 0x34, 0x36, 0x33, 0x32, 0x16, 0x16, 0x15,
    0x14, 0x06, 0x03, 0x32, 0x36, 0x35, 0x34, 0x26, 0x23, 0x22, 0x06, 0x15, 0x14, 0x16, 0x01, 0x8f,
    0x50, 0x81, 0x4c, 0x94, 0x03, 0x4a, 0x38, 0x63, 0x54, 0x02, 0x03, 0x11, 0x7a, 0x50, 0x6d, 0x8b,
    0x9d, 0x7d, 0x5d, 0x96, 0x59, 0xa0, 0xac, 0x38, 0x51, 0x51, 0x38, 0x38, 0x50, 0x50, 0x1c, 0x3f,
    0x6f, 0x4a, 0x37, 0x3f, 0xa6, 0x88, 0x12, 0x22, 0x13, 0x63, 0x55, 0x8a, 0x6d, 0x70, 0x88, 0x62,
    0xb1, 0x77, 0xc0, 0xe4, 0x01, 0xb4, 0x45, 0x36, 0x3a, 0x43, 0x43, 0x3a, 0x3a, 0x41, 0x00, 0x02,
    0x00, 0x5e, 0x01, 0xe0, 0x03, 0x00, 0x05, 0x2d, 0x00, 0x0f, 0x00, 0x1b, 0x00, 0x00, 0x41, 0x22,
    0x26, 0x26, 0x35, 0x34, 0x36, 0x36, 0x33, 0x32, 0x16, 0x16, 0x15, 0x14, 0x06, 0x06, 0x27, 0x32,
    0x36, 0x35, 0x34, 0x26, 0x23, 0x22, 0x06, 0x15, 0x14, 0x16, 0x01, 0xaf, 0x63, 0x99, 0x55, 0x55,
    0x99, 0x63, 0x63, 0x98, 0x56, 0x56, 0x98, 0x63, 0x58, 0x61, 0x61, 0x58, 0x58, 0x61, 0x61, 0x01,
    0xe0, 0x5c, 0xbb, 0x8f, 0x8f, 0xbb, 0x5d, 0x5d, 0xbb, 0x8f, 0x8f, 0xbb, 0x5c, 0x87, 0x93, 0x8c,
    0x8c, 0x95, 0x95, 0x8c, 0x8c, 0x93, 0x00, 0x01, 0x00, 0x54, 0x02, 0x07, 0x01, 0x5e, 0x05, 0x1a,
    0x00, 0x0a, 0x00, 0x00, 0x53, 0x33, 0x11, 0x23, 0x11, 0x06, 0x06, 0x23, 0x35, 0x36, 0x36, 0xf3,
    0x6b, 0x8e, 0x20, 0x3e, 0x1e, 0x29, 0x4d, 0x05, 0x1a, 0xfc, 0xed, 0x02, 0x69, 0x0f, 0x0f, 0x88,
    0x04, 0x1e, 0x00, 0x01, 0x00, 0x78, 0x02, 0x0e, 0x02, 0xca, 0x05, 0x2b, 0x00, 0x23, 0x00, 0x00,
    0x53, 0x35, 0x34, 0x36, 0x36, 0x37, 0x37, 0x36, 0x36, 0x35, 0x34, 0x26, 0x23, 0x22, 0x06, 0x07,
    0x23, 0x3e, 0x02, 0x33, 0x32, 0x16, 0x16, 0x15, 0x14, 0x06, 0x06, 0x07, 0x07, 0x06, 0x06, 0x15,
    0x15, 0x21, 0x15, 0x78, 0x28, 0x4f, 0x3c, 0xa0, 0x34, 0x33, 0x43, 0x3c, 0x3b, 0x4f, 0x06, 0x9d,
    0x02, 0x4f, 0x86, 0x54, 0x4e, 0x80, 0x4b, 0x2c, 0x59, 0x44, 0xa1, 0x2f, 0x2b, 0x01, 0xbf, 0x02,
    0x0e, 0x86, 0x42, 0x5b, 0x3f, 0x17, 0x3e, 0x14, 0x3e, 0x2d, 0x2e, 0x3e, 0x3b, 0x38, 0x50, 0x6a,
    0x34, 0x3b, 0x6a, 0x48, 0x3c, 0x5c, 0x44, 0x1b, 0x3e, 0x12, 0x2c, 0x24, 0x17, 0x82, 0x00, 0x01,
    0x00, 0x5a, 0x01, 0xfe, 0x02, 0xd3, 0x05, 0x2b, 0x00, 0x2f, 0x00, 0x00, 0x41, 0x22, 0x2e, 0x02,
    0x35, 0x33, 0x1e, 0x02, 0x33, 0x32, 0x36, 0x35, 0x34, 0x26, 0x26, 0x23, 0x23, 0x35, 0x33, 0x32,
    0x36, 0x35, 0x34, 0x26, 0x23, 0x22, 0x06, 0x07, 0x23, 0x3e, 0x02, 0x33, 0x32, 0x16, 0x16, 0x15,
    0x14, 0x06, 0x07, 0x16, 0x16, 0x15, 0x14, 0x06, 0x06, 0x01, 0x9d, 0x3e, 0x74, 0x5c, 0x35, 0x95,
    0x03, 0x2c, 0x4d, 0x32, 0x49, 0x54, 0x22, 0x46, 0x36, 0x68, 0x58, 0x45, 0x4e, 0x43, 0x44, 0x38,
    0x55, 0x0c, 0x95, 0x08, 0x50, 0x80, 0x50, 0x55, 0x85, 0x4c, 0x42, 0x3f, 0x47, 0x55, 0x4d, 0x8c,
    0x01, 0xfe, 0x21, 0x42, 0x62, 0x41, 0x29, 0x3b, 0x21, 0x44, 0x34, 0x21, 0x31, 0x1a, 0x70, 0x3b,
    0x32, 0x2e, 0x3c, 0x2c, 0x37, 0x50, 0x65, 0x2f, 0x37, 0x62, 0x40, 0x3c, 0x59, 0x16, 0x18, 0x5f,
    0x47, 0x45, 0x6a, 0x3c, 0x00, 0x02, 0x00, 0x2c, 0x02, 0x0a, 0x02, 0xcd, 0x05, 0x20, 0x00, 0x0a,
    0x00, 0x0d, 0x00, 0x00, 0x41, 0x33, 0x11, 0x33, 0x15, 0x23, 0x15, 0x23, 0x35, 0x21, 0x35, 0x01,
    0x03, 0x33, 0x01, 0xbc, 0x89, 0x88, 0x88, 0x8c, 0xfe, 0x73, 0x01, 0x93, 0xeb, 0xeb, 0x05, 0x20,
    0xfe, 0x11, 0x7a, 0xad, 0xad, 0x6c, 0x01, 0x2b, 0xfe, 0xd5, 0x00, 0x01, 0x00, 0x72, 0x01, 0xf4,
    0x02, 0xbb, 0x05, 0x12, 0x00, 0x1e, 0x00, 0x00, 0x41, 0x22, 0x26, 0x26, 0x27, 0x33, 0x14, 0x16,
    0x33, 0x32, 0x36, 0x35, 0x34, 0x23, 0x23, 0x13, 0x21, 0x15, 0x21, 0x37, 0x07, 0x27, 0x36, 0x36,
    0x33, 0x32, 0x16, 0x15, 0x14, 0x06, 0x06, 0x01, 0x94, 0x55, 0x81, 0x4a, 0x02, 0x91, 0x53, 0x3e,
    0x42, 0x52, 0xa0, 0xef, 0x24, 0x01, 0xd5, 0xfe, 0x9e, 0x1b, 0x16, 0x0d, 0x1d, 0x50, 0x1d, 0x79,
    0x90, 0x4a, 0x85, 0x01, 0xf4, 0x39, 0x71, 0x50, 0x3d, 0x3c, 0x55, 0x3f, 0x77, 0x01, 0x92, 0x82,
    0x29, 0xe8, 0x0d, 0x06, 0x07, 0x75, 0x6d, 0x4e, 0x7e, 0x49, 0x00, 0x02, 0x00, 0x5e, 0x01, 0xfe,
    0x02, 0xc5, 0x05, 0x2b, 0x00, 0x21, 0x00, 0x2e, 0x00, 0x00, 0x41, 0x22, 0x26, 0x26, 0x35, 0x34,
    0x36, 0x36, 0x33, 0x32, 0x16, 0x16, 0x17, 0x23, 0x26, 0x26, 0x23, 0x22, 0x06, 0x15, 0x14, 0x16,
    0x17, 0x3e, 0x02, 0x33, 0x32, 0x16, 0x16, 0x15, 0x14, 0x06, 0x06, 0x27, 0x32, 0x36, 0x35, 0x34,
    0x26, 0x23, 0x22, 0x06, 0x06, 0x15, 0x14, 0x16, 0x01, 0xa9, 0x61, 0x96, 0x54, 0x54, 0x99, 0x66,
    0x4d, 0x77, 0x45, 0x03, 0x97, 0x07, 0x37, 0x32, 0x5e, 0x6b, 0x02, 0x02, 0x0a, 0x41, 0x5d, 0x34,
    0x49, 0x70, 0x3f, 0x47, 0x80, 0x55, 0x39, 0x51, 0x51, 0x39, 0x25, 0x3d, 0x24, 0x4f, 0x01, 0xfe,
    0x65, 0xb2, 0x72, 0x87, 0xbb, 0x62, 0x38, 0x68, 0x45, 0x2e, 0x36, 0xa3, 0x8c, 0x12, 0x2a, 0x13,
    0x4a, 0x54, 0x23, 0x3f, 0x70, 0x49, 0x4a, 0x6f, 0x3e, 0x81, 0x44, 0x39, 0x3a, 0x42, 0x1f, 0x38,
    0x25, 0x39, 0x44, 0x00, 0x00, 0x01, 0x00, 0x30, 0x02, 0x04, 0x02, 0x56, 0x05, 0x12, 0x00, 0x06,
    0x00, 0x00, 0x53, 0x01, 0x21, 0x35, 0x21, 0x15, 0x01, 0x48, 0x01, 0x66, 0xfe, 0x82, 0x02, 0x26,
    0xfe, 0xb1, 0x02, 0x04, 0x02, 0x84, 0x8a, 0x88, 0xfd, 0x7a, 0x00, 0x01, 0x00, 0x62, 0x01, 0xfe,
    0x02, 0xf8, 0x05, 0x2b, 0x00, 0x45, 0x00, 0x00, 0x41, 0x22, 0x26, 0x26, 0x35, 0x34, 0x36, 0x36,
    0x33, 0x32, 0x16, 0x17, 0x15, 0x22, 0x06, 0x06, 0x15, 0x14, 0x16, 0x16, 0x33, 0x32, 0x36, 0x35,
    0x34, 0x26, 0x27, 0x27, 0x2e, 0x02, 0x35, 0x34, 0x36, 0x36, 0x33, 0x32, 0x16, 0x16, 0x15, 0x14,
    0x06, 0x06, 0x23, 0x22, 0x26, 0x27, 0x35, 0x32, 0x36, 0x36, 0x35, 0x34, 0x26, 0x26, 0x23, 0x22,
    0x06, 0x06, 0x15, 0x14, 0x16, 0x17, 0x17, 0x16, 0x16, 0x15, 0x14, 0x06, 0x06, 0x01, 0xad, 0x65,
    0x94, 0x52, 0x3b, 0x66, 0x40, 0x1a, 0x2b, 0x1d, 0x33, 0x50, 0x2d, 0x31, 0x53, 0x34, 0x5d, 0x5b,
    0x2d, 0x26, 0xe0, 0x28, 0x54, 0x39, 0x47, 0x88, 0x61, 0x55, 0x8a, 0x50, 0x32, 0x5d, 0x42, 0x17,
    0x27, 0x19, 0x27, 0x44, 0x2a, 0x28, 0x46, 0x2e, 0x2d, 0x47, 0x29, 0x28, 0x27, 0xe6, 0x57, 0x5c,
    0x4e, 0x95, 0x01, 0xfe, 0x3b, 0x67, 0x41, 0x37, 0x4f, 0x2a, 0x08, 0x08, 0x23, 0x1e, 0x32, 0x1f,
    0x23, 0x32, 0x1b, 0x31, 0x26, 0x1e, 0x2b, 0x0f, 0x56, 0x10, 0x36, 0x54, 0x38, 0x41, 0x60, 0x34,
    0x3a, 0x64, 0x42, 0x2d, 0x4d, 0x2f, 0x07, 0x08, 0x29, 0x1a, 0x2f, 0x1f, 0x20, 0x2f, 0x19, 0x17,
    0x29, 0x1a, 0x1e, 0x25, 0x10, 0x59, 0x22, 0x57, 0x4d, 0x41, 0x66, 0x39, 0x00, 0x02, 0x00, 0x6a,
    0x01, 0xfe, 0x02, 0xd0, 0x05, 0x2b, 0x00, 0x23, 0x00, 0x30, 0x00, 0x00, 0x41, 0x22, 0x26, 0x26,
    0x35, 0x33, 0x16, 0x16, 0x33, 0x32, 0x36, 0x36, 0x35, 0x34, 0x26, 0x27, 0x0e, 0x02, 0x23, 0x22,
    0x26, 0x26, 0x35, 0x34, 0x36, 0x36, 0x33, 0x32, 0x1e, 0x02, 0x15, 0x14, 0x06, 0x06, 0x03, 0x32,
    0x36, 0x36, 0x35, 0x34, 0x26, 0x23, 0x22, 0x06, 0x15, 0x14, 0x16, 0x01, 0x8f, 0x50, 0x82, 0x4b,
    0x94, 0x03, 0x4a, 0x38, 0x42, 0x50, 0x25, 0x02, 0x03, 0x0c, 0x3f, 0x5b, 0x35, 0x49, 0x70, 0x3f,
    0x47, 0x80, 0x53, 0x45, 0x79, 0x5b, 0x33, 0x47, 0x8e, 0x77, 0x26, 0x3d, 0x26, 0x51, 0x38, 0x39,
    0x4f, 0x50, 0x01, 0xfe, 0x3e, 0x70, 0x49, 0x36, 0x40, 0x4c, 0x88, 0x5b, 0x12, 0x22, 0x13, 0x43,
    0x51, 0x24, 0x3e, 0x70, 0x48, 0x4b, 0x6f, 0x3e, 0x38, 0x67, 0x91, 0x59, 0x81, 0xbc, 0x67, 0x01,
    0xb3, 0x20, 0x37, 0x24, 0x3a, 0x43, 0x43, 0x3a, 0x39, 0x42, 0xff, 0xff, 0x00, 0x30, 0xff, 0xee,
    0x04, 0xf4, 0x01, 0x2a, 0x04, 0x26, 0x00, 0x06, 0x00, 0x00, 0x00, 0x27, 0x00, 0x06, 0x01, 0xc6,
    0x00, 0x00, 0x00, 0x07, 0x00, 0x06, 0x03, 0x78, 0x00, 0x00, 0x00, 0x02, 0x00, 0x88, 0xff, 0xea,
    0x01, 0xd4, 0x05, 0x2a, 0x00, 0x03, 0x00, 0x0f, 0x00, 0x00, 0x53, 0x33, 0x13, 0x21, 0x13, 0x32,
    0x16, 0x15, 0x14, 0x06, 0x23, 0x22, 0x26, 0x35, 0x34, 0x36, 0xc6, 0xca, 0x1c, 0xff, 0x00, 0x81,
    0x47, 0x60, 0x60, 0x47, 0x49, 0x5c, 0x5c, 0x03, 0x62, 0xfc, 0x88, 0x05, 0x40, 0x59, 0x45, 0x42,
    0x5c, 0x5c, 0x42, 0x45, 0x59, 0x00, 0x00, 0x02, 0x00, 0x30, 0xff, 0xe2, 0x03, 0xca, 0x05, 0x2a,
    0x00, 0x1f, 0x00, 0x2b, 0x00, 0x00, 0x41, 0x15, 0x14, 0x06, 0x06, 0x07, 0x0e, 0x02, 0x15, 0x14,
    0x16, 0x33, 0x32, 0x36, 0x37, 0x33, 0x06, 0x06, 0x23, 0x22, 0x26, 0x26, 0x35, 0x34, 0x36, 0x37,
    0x3e, 0x02, 0x35, 0x35, 0x13, 0x32, 0x16, 0x15, 0x14, 0x06, 0x23, 0x22, 0x26, 0x35, 0x34, 0x36,
    0x02, 0x9c, 0x28, 0x58, 0x48, 0x3f, 0x46, 0x1b, 0x65, 0x59, 0x69, 0x72, 0x07, 0xf6, 0x0a, 0xec,
    0xd8, 0x8e, 0xcf, 0x6f, 0x69, 0x6f, 0x41, 0x49, 0x1e, 0x70, 0x49, 0x5a, 0x5a, 0x49, 0x48, 0x60,
    0x60, 0x03, 0x8a, 0x50, 0x57, 0x6f, 0x4d, 0x25, 0x20, 0x36, 0x3b, 0x27, 0x3e, 0x54, 0x5e, 0x4c,
    0xad, 0xd3, 0x60, 0xa4, 0x66, 0x6a, 0x8f, 0x37, 0x21, 0x3a, 0x46, 0x33, 0x3a, 0x01, 0xa0, 0x5a,
    0x41, 0x44, 0x5b, 0x5b, 0x43, 0x42, 0x5a, 0x00, 0xff, 0xff, 0x00, 0x30, 0x01, 0x78, 0x01, 0x7c,
    0x02, 0xb4, 0x06, 0x07, 0x00, 0x06, 0x00, 0x00, 0x01, 0x8a, 0x00, 0x01, 0x00, 0x30, 0x01, 0x2e,
    0x02, 0x56, 0x03, 0x3a, 0x00, 0x0b, 0x00, 0x00, 0x53, 0x34, 0x36, 0x33, 0x32, 0x16, 0x15, 0x14,
    0x06, 0x23, 0x22, 0x26, 0x30, 0x98, 0x77, 0x77, 0xa0, 0xa0, 0x77, 0x77, 0x98, 0x02, 0x31, 0x70,
    0x99, 0x99, 0x70, 0x70, 0x93, 0x94, 0xff, 0xff, 0x00, 0x10, 0x01, 0xfd, 0x01, 0x5c, 0x03, 0x39,
    0x04, 0x07, 0x00, 0x06, 0xff, 0xe0, 0x02, 0x0f, 0x00, 0x01, 0x01, 0xa6, 0xff, 0xe6, 0x03, 0x0a,
    0x01, 0x3a, 0x00, 0x0b, 0x00, 0x00, 0x45, 0x22, 0x26, 0x35, 0x34, 0x36, 0x33, 0x32, 0x16, 0x15,
    0x14, 0x06, 0x02, 0x56, 0x4d, 0x63, 0x63, 0x4d, 0x4e, 0x66, 0x66, 0x1a, 0x61, 0x49, 0x48, 0x62,
    0x62, 0x48, 0x49, 0x61, 0x00, 0x01, 0x01, 0x7e, 0xfe, 0xe4, 0x03, 0x30, 0x01, 0x2e, 0x00, 0x10,
    0x00, 0x00, 0x41, 0x27, 0x36, 0x36, 0x37, 0x26, 0x26, 0x35, 0x34, 0x36, 0x33, 0x32, 0x16, 0x15,
    0x14, 0x06, 0x06, 0x02, 0x3a, 0xbc, 0x48, 0x6f, 0x13, 0x3e, 0x54, 0x61, 0x4d, 0x5f, 0x6d, 0x3b,
    0x6e, 0xfe, 0xe4, 0x5c, 0x24, 0x5f, 0x3b, 0x0c, 0x4d, 0x3d, 0x41, 0x59, 0x86, 0x60, 0x43, 0x88,
    0x74, 0x00, 0xff, 0xff, 0x01, 0xb2, 0x00, 0x10, 0x02, 0xfe, 0x03, 0xa0, 0x04, 0x27, 0x00, 0x06,
    0x01, 0x82, 0x00, 0x22, 0x00, 0x07, 0x00, 0x06, 0x01, 0x82, 0x02, 0x76, 0xff, 0xff, 0x01, 0x8e,
    0xfe, 0xf0, 0x03, 0x20, 0x03, 0xa0, 0x04, 0x27, 0x00, 0x05, 0x01, 0x5e, 0x00, 0x00, 0x00, 0x07,
    0x00, 0x06, 0x01, 0x9c, 0x02, 0x76, 0x00, 0x02, 0x01, 0xb2, 0xff, 0xee, 0x02, 0xfe, 0x05, 0x2e,
    0x00, 0x03, 0x00, 0x0f, 0x00, 0x00, 0x41, 0x03, 0x21, 0x03, 0x03, 0x22, 0x26, 0x35, 0x34, 0x36,
    0x33, 0x32, 0x16, 0x15, 0x14, 0x06, 0x01, 0xf0, 0x1a, 0x01, 0x00, 0x1a, 0x66, 0x47, 0x5d, 0x5d,
    0x47, 0x4a, 0x5e, 0x5e, 0x01, 0xb6, 0x03, 0x78, 0xfc, 0x88, 0xfe, 0x38, 0x59, 0x45, 0x42, 0x5c,
    0x5c, 0x42, 0x45, 0x59, 0x00, 0x02, 0x00, 0x8a, 0xff, 0xe4, 0x04, 0x24, 0x05, 0x2c, 0x00, 0x1f,
    0x00, 0x2b, 0x00, 0x00, 0x41, 0x35, 0x34, 0x36, 0x36, 0x37, 0x3e, 0x02, 0x35, 0x34, 0x26, 0x23,
    0x22, 0x06, 0x07, 0x23, 0x36, 0x36, 0x33, 0x32, 0x16, 0x16, 0x15, 0x14, 0x06, 0x07, 0x0e, 0x02,
    0x15, 0x15, 0x03, 0x22, 0x26, 0x35, 0x34, 0x36, 0x33, 0x32, 0x16, 0x15, 0x14, 0x06, 0x01, 0xb8,
    0x28, 0x58, 0x48, 0x3f, 0x47, 0x1c, 0x67, 0x59, 0x69, 0x6f, 0x0a, 0xf6, 0x0d, 0xe9, 0xd8, 0x8f,
    0xce, 0x6f, 0x67, 0x71, 0x40, 0x49, 0x1f, 0x70, 0x48, 0x5c, 0x5c, 0x48, 0x48, 0x60, 0x60, 0x01,
    0x84, 0x50, 0x57, 0x70, 0x4d, 0x24, 0x21, 0x36, 0x3a, 0x27, 0x3f, 0x53, 0x5d, 0x4d, 0xae, 0xd2,
    0x60, 0xa4, 0x66, 0x68, 0x90, 0x38, 0x21, 0x39, 0x46, 0x34, 0x3a, 0xfe, 0x60, 0x5a, 0x42, 0x43,
    0x5b, 0x5b, 0x43, 0x42, 0x5a, 0x00, 0x00, 0x01, 0x01, 0x1e, 0x03, 0x18, 0x03, 0x92, 0x05, 0x80,
    0x00, 0x0e, 0x00, 0x00, 0x41, 0x27, 0x37, 0x27, 0x37, 0x17, 0x27, 0x33, 0x07, 0x37, 0x17, 0x07,
    0x17, 0x07, 0x27, 0x01, 0xc2, 0x72, 0xac, 0xde, 0x3c, 0xc6, 0x18, 0xa0, 0x18, 0xc6, 0x3c, 0xda,
    0xac, 0x76, 0x94, 0x03, 0x18, 0x66, 0xa2, 0x4a, 0x8c, 0x64, 0xee, 0xee, 0x68, 0x8e, 0x4a, 0xa4,
    0x66, 0xca, 0x00, 0x02, 0x00, 0x4c, 0x00, 0x5c, 0x04, 0x64, 0x04, 0x88, 0x00, 0x1b, 0x00, 0x1f,
    0x00, 0x00, 0x77, 0x37, 0x23, 0x37, 0x33, 0x13, 0x23, 0x37, 0x33, 0x37, 0x33, 0x07, 0x33, 0x37,
    0x33, 0x07, 0x33, 0x07, 0x23, 0x03, 0x33, 0x07, 0x23, 0x07, 0x23, 0x37, 0x23, 0x07, 0x13, 0x33,
    0x13, 0x23, 0xce, 0x1a, 0x9c, 0x0e, 0xa0, 0x22, 0xa0, 0x10, 0xa2, 0x1a, 0xde, 0x1a, 0xdc, 0x18,
    0xde, 0x1a, 0xa0, 0x12, 0xa0, 0x22, 0xa2, 0x10, 0xa4, 0x1a, 0xde, 0x1a, 0xda, 0x1a, 0x2c, 0xda,
    0x24, 0xdc, 0x5c, 0xde, 0x9c, 0x01, 0x3a, 0x9c, 0xdc, 0xdc, 0xdc, 0xdc, 0x9c, 0xfe, 0xc6, 0x9c,
    0xde, 0xde, 0xde, 0x01, 0x7a, 0x01, 0x3a, 0x00, 0x00, 0x01, 0x00, 0xe0, 0xff, 0x60, 0x03, 0xd2,
    0x05, 0xd2, 0x00, 0x03, 0x00, 0x00, 0x57, 0x01, 0x33, 0x01, 0xe0, 0x02, 0x02, 0xf0, 0xfd, 0xfc,
    0xa0, 0x06, 0x72, 0xf9, 0x8e, 0x00, 0x00, 0x01, 0x00, 0xde, 0xff, 0x60, 0x03, 0xd2, 0x05, 0xd2,
    0x00, 0x03, 0x00, 0x00, 0x53, 0x33, 0x01, 0x23, 0xde, 0xee, 0x02, 0x06, 0xf2, 0x05, 0xd2, 0xf9,
    0x8e, 0x00, 0xff, 0xff, 0x00, 0x29, 0x01, 0xe8, 0x01, 0x75, 0x03, 0x24, 0x06, 0x07, 0x00, 0x06,
    0xff, 0xf9, 0x01, 0xfa, 0xff, 0xff, 0x01, 0x3e, 0x01, 0xf4, 0x03, 0x70, 0x02, 0xc2, 0x04, 0x07,
    0x00, 0x09, 0x00, 0xe2, 0x00, 0x00, 0x00, 0x01, 0x00, 0x1b, 0xff, 0x60, 0x04, 0xa1, 0xff, 0xe8,
    0x00, 0x03, 0x00, 0x00, 0x57, 0x35, 0x21, 0x15, 0x1b, 0x04, 0x86, 0xa0, 0x88, 0x88, 0xff, 0xff,
    0x01, 0x32, 0xff, 0x14, 0x03, 0x7e, 0x05, 0xe4, 0x04, 0x07, 0x00, 0x45, 0x00, 0xa0, 0x00, 0x00,
    0xff, 0xff, 0x01, 0x32, 0xff, 0x14, 0x03, 0x80, 0x05, 0xe4, 0x04, 0x07, 0x00, 0x46, 0x00, 0xf2,
    0x00, 0x00, 0xff, 0xff, 0x01, 0x1e, 0xfe, 0xc8, 0x03, 0x96, 0x06, 0x34, 0x04, 0x07, 0x00, 0x93,
    0x00, 0x90, 0x00, 0x00, 0x00, 0x01, 0x01, 0x1c, 0xfe, 0xc8, 0x03, 0x94, 0x06, 0x34, 0x00, 0x23,
    0x00, 0x00, 0x41, 0x35, 0x32, 0x36, 0x35, 0x35, 0x34, 0x36, 0x37, 0x35, 0x26, 0x26, 0x35, 0x35,
    0x34, 0x26, 0x23, 0x35, 0x32, 0x16, 0x16, 0x15, 0x15, 0x14, 0x16, 0x33, 0x33, 0x15, 0x23, 0x22,
    0x06, 0x15, 0x15, 0x14, 0x06, 0x06, 0x01, 0x1c, 0x93, 0x87, 0x4c, 0x38, 0x38, 0x4c, 0x87, 0x93,
    0xb6, 0xe4, 0x6a, 0x1b, 0x27, 0x32, 0x32, 0x27, 0x1b, 0x6a, 0xe4, 0xfe, 0xc8, 0xd6, 0x8e, 0x96,
    0xc0, 0x60, 0x7b, 0x1d, 0x0a, 0x1d, 0x7b, 0x60, 0xc0, 0x96, 0x8e, 0xd4, 0x80, 0xe1, 0x93, 0xb8,
    0x54, 0x3e, 0xee, 0x3f, 0x53, 0xb6, 0x93, 0xe3, 0x82, 0x00, 0xff, 0xff, 0x01, 0x62, 0xfe, 0xe6,
    0x03, 0x50, 0x06, 0x2c, 0x04, 0x07, 0x00, 0x8f, 0x00, 0xa8, 0x00, 0x00, 0x00, 0x01, 0x01, 0x62,
    0xfe, 0xe6, 0x03, 0x50, 0x06, 0x2c, 0x00, 0x07, 0x00, 0x00, 0x41, 0x21, 0x35, 0x21, 0x11, 0x21,
    0x35, 0x21, 0x03, 0x50, 0xfe, 0x12, 0x01, 0x02, 0xfe, 0xfe, 0x01, 0xee, 0xfe, 0xe6, 0xd6, 0x05,
    0x9a, 0xd6, 0xff, 0xff, 0x00, 0x48, 0xfe, 0xf0, 0x01, 0xda, 0x01, 0x0e, 0x04, 0x06, 0x00, 0x05,
    0x18, 0x00, 0xff, 0xff, 0x00, 0x48, 0xfe, 0xf0, 0x03, 0xb4, 0x01, 0x0e, 0x04, 0x27, 0x00, 0x05,
    0x01, 0xf2, 0x00, 0x00, 0x00, 0x06, 0x00, 0x05, 0x18, 0x00, 0xff, 0xff, 0x00, 0x48, 0x02, 0xf6,
    0x03, 0x82, 0x05, 0x18, 0x04, 0x27, 0x00, 0x43, 0x01, 0xa8, 0x00, 0x00, 0x00, 0x06, 0x00, 0x43,
    0x00, 0x00, 0xff, 0xff, 0x00, 0x48, 0x02, 0xf6, 0x03, 0x76, 0x05, 0x18, 0x04, 0x27, 0x00, 0x44,
    0x01, 0xac, 0x00, 0x00, 0x00, 0x06, 0x00, 0x44, 0x0e, 0x00, 0xff, 0xff, 0x00, 0x5e, 0x00, 0x6c,
    0x04, 0x80, 0x03, 0xcb, 0x04, 0x26, 0x01, 0x8d, 0x00, 0x00, 0x00, 0x07, 0x01, 0x8d, 0x01, 0xe5,
    0x00, 0x00, 0x00, 0x02, 0x00, 0x5e, 0x00, 0x6c, 0x04, 0x7f, 0x03, 0xcb, 0x00, 0x06, 0x00, 0x0d,
    0x00, 0x00, 0x65, 0x27, 0x01, 0x15, 0x01, 0x37, 0x01, 0x01, 0x27, 0x01, 0x15, 0x01, 0x37, 0x01,
    0x02, 0xe2, 0x9f, 0x01, 0x60, 0xfe, 0xa0, 0x9f, 0x01, 0x9d, 0xfc, 0x7e, 0x9f, 0x01, 0x60, 0xfe,
    0xa0, 0x9f, 0x01, 0x9e, 0x6c, 0x78, 0x01, 0x57, 0x3e, 0x01, 0x56, 0x78, 0xfe, 0x51, 0xfe, 0x50,
    0x78, 0x01, 0x57, 0x3e, 0x01, 0x56, 0x78, 0xfe, 0x51, 0x00, 0x00, 0x01, 0x00, 0x5e, 0x00, 0x6c,
    0x02, 0x9b, 0x03, 0xcb, 0x00, 0x06, 0x00, 0x00, 0x65, 0x01, 0x01, 0x17, 0x01, 0x35, 0x01, 0x01,
    0xfc, 0xfe, 0x62, 0x01, 0x9e, 0x9f, 0xfe, 0xa0, 0x01, 0x60, 0x6c, 0x01, 0xb0, 0x01, 0xaf, 0x78,
    0xfe, 0xaa, 0x3e, 0xfe, 0xa9, 0x00, 0x00, 0x01, 0x00, 0x5e, 0x00, 0x6c, 0x02, 0x9b, 0x03, 0xcb,
    0x00, 0x06, 0x00, 0x00, 0x77, 0x27, 0x01, 0x15, 0x01, 0x37, 0x01, 0xfd, 0x9f, 0x01, 0x5f, 0xfe,
    0xa1, 0x9f, 0x01, 0x9e, 0x6c, 0x78, 0x01, 0x57, 0x3e, 0x01, 0x56, 0x78, 0xfe, 0x51, 0xff, 0xff,
    0x01, 0x1a, 0x03, 0x80, 0x03, 0x98, 0x05, 0x5c, 0x04, 0x07, 0x00, 0x88, 0x00, 0xda, 0x00, 0x00,
    0x00, 0x02, 0xff, 0x68, 0xfe, 0x3b, 0x02, 0xdb, 0x05, 0x6c, 0x00, 0x03, 0x00, 0x23, 0x00, 0x00,
    0x53, 0x37, 0x21, 0x07, 0x01, 0x37, 0x16, 0x16, 0x33, 0x32, 0x36, 0x36, 0x37, 0x13, 0x3e, 0x02,
    0x33, 0x32, 0x16, 0x17, 0x07, 0x26, 0x26, 0x23, 0x22, 0x06, 0x06, 0x07, 0x03, 0x0e, 0x02, 0x23,
    0x22, 0x26, 0x15, 0x0b, 0x02, 0x30, 0x0a, 0xfd, 0x22, 0x3a, 0x19, 0x34, 0x1a, 0x1c, 0x34, 0x23,
    0x04, 0x56, 0x07, 0x5b, 0x8d, 0x4e, 0x30, 0x68, 0x30, 0x3b, 0x18, 0x35, 0x19, 0x1c, 0x34, 0x23,
    0x03, 0x56, 0x08, 0x5c, 0x8b, 0x50, 0x2f, 0x68, 0x03, 0x2e, 0x9c, 0x9c, 0xfb, 0x25, 0xb6, 0x08,
    0x0b, 0x15, 0x34, 0x2c, 0x04, 0xd5, 0x69, 0x84, 0x3f, 0x0e, 0x0a, 0xb6, 0x09, 0x0b, 0x15, 0x34,
    0x2d, 0xfb, 0x2c, 0x69, 0x85, 0x3f, 0x0e, 0x00, 0x00, 0x03, 0x00, 0x48, 0xff, 0x04, 0x03, 0xfd,
    0x05, 0x12, 0x00, 0x0a, 0x00, 0x0e, 0x00, 0x12, 0x00, 0x00, 0x41, 0x22, 0x26, 0x35, 0x34, 0x36,
    0x33, 0x21, 0x15, 0x21, 0x11, 0x03, 0x11, 0x33, 0x11, 0x33, 0x11, 0x33, 0x11, 0x02, 0x19, 0xdc,
    0xf5, 0xf5, 0xdc, 0x01, 0xc3, 0xfe, 0xbc, 0x79, 0xb0, 0x7f, 0xaf, 0x01, 0xd8, 0xd8, 0xc5, 0xc6,
    0xd7, 0xd4, 0xfd, 0x9a, 0xfd, 0x2c, 0x06, 0x0e, 0xf9, 0xf2, 0x06, 0x0e, 0xf9, 0xf2, 0x00, 0x02,
    0x00, 0x86, 0xff, 0x93, 0x04, 0x29, 0x05, 0x20, 0x00, 0x22, 0x00, 0x45, 0x00, 0x00, 0x41, 0x32,
    0x36, 0x36, 0x35, 0x34, 0x26, 0x27, 0x27, 0x26, 0x26, 0x35, 0x34, 0x36, 0x33, 0x32, 0x16, 0x17,
    0x23, 0x26, 0x26, 0x23, 0x22, 0x06, 0x15, 0x14, 0x17, 0x17, 0x16, 0x16, 0x15, 0x14, 0x06, 0x06,
    0x23, 0x03, 0x22, 0x06, 0x15, 0x14, 0x17, 0x17, 0x16, 0x16, 0x15, 0x14, 0x06, 0x06, 0x23, 0x22,
    0x26, 0x26, 0x37, 0x33, 0x16, 0x16, 0x33, 0x32, 0x36, 0x35, 0x34, 0x26, 0x27, 0x27, 0x26, 0x26,
    0x35, 0x34, 0x36, 0x33, 0x02, 0x75, 0x34, 0x4f, 0x2c, 0x3e, 0x3f, 0xd3, 0x71, 0x7b, 0xdd, 0xb7,
    0xc3, 0xc7, 0x03, 0xde, 0x03, 0x56, 0x4b, 0x51, 0x54, 0x75, 0xe6, 0x71, 0x7b, 0x67, 0xb8, 0x79,
    0x58, 0x4b, 0x55, 0x76, 0xe6, 0x6f, 0x7c, 0x63, 0xbe, 0x89, 0x7c, 0xc4, 0x70, 0x01, 0xda, 0x01,
    0x6f, 0x52, 0x58, 0x60, 0x3d, 0x40, 0xd3, 0x73, 0x79, 0xde, 0xbc, 0x01, 0xd8, 0x1e, 0x35, 0x21,
    0x27, 0x2f, 0x14, 0x4c, 0x26, 0x88, 0x5b, 0x7e, 0x97, 0xa5, 0x7c, 0x31, 0x38, 0x3e, 0x2a, 0x41,
    0x25, 0x56, 0x27, 0x78, 0x57, 0x50, 0x8b, 0x55, 0x01, 0xc4, 0x40, 0x2c, 0x41, 0x26, 0x55, 0x27,
    0x78, 0x58, 0x4f, 0x8b, 0x56, 0x4d, 0x92, 0x66, 0x48, 0x42, 0x42, 0x31, 0x27, 0x2f, 0x15, 0x4b,
    0x28, 0x88, 0x5d, 0x82, 0x91, 0x00, 0x00, 0x03, 0x00, 0x30, 0xff, 0xf4, 0x05, 0x5d, 0x05, 0x20,
    0x00, 0x13, 0x00, 0x27, 0x00, 0x45, 0x00, 0x00, 0x45, 0x22, 0x2e, 0x02, 0x35, 0x34, 0x3e, 0x02,
    0x33, 0x32, 0x1e, 0x02, 0x15, 0x14, 0x0e, 0x02, 0x27, 0x32, 0x3e, 0x02, 0x35, 0x34, 0x2e, 0x02,
    0x23, 0x22, 0x0e, 0x02, 0x15, 0x14, 0x1e, 0x02, 0x37, 0x22, 0x26, 0x26, 0x35, 0x34, 0x36, 0x36,
    0x33, 0x32, 0x16, 0x17, 0x07, 0x26, 0x26, 0x23, 0x22, 0x06, 0x06, 0x15, 0x14, 0x16, 0x16, 0x33,
    0x32, 0x36, 0x35, 0x33, 0x14, 0x06, 0x02, 0xc7, 0x89, 0xf0, 0xb7, 0x67, 0x67, 0xb7, 0xf0, 0x89,
    0x88, 0xf1, 0xb6, 0x67, 0x67, 0xb6, 0xf1, 0x88, 0x71, 0xc5, 0x95, 0x55, 0x55, 0x95, 0xc5, 0x71,
    0x70, 0xc6, 0x96, 0x55, 0x55, 0x96, 0xc6, 0x6d, 0x67, 0x9a, 0x55, 0x59, 0x9a, 0x63, 0x8a, 0x9a,
    0x16, 0x98, 0x13, 0x52, 0x3d, 0x34, 0x56, 0x33, 0x2d, 0x54, 0x3c, 0x4d, 0x55, 0x98, 0xa8, 0x0c,
    0x67, 0xb6, 0xf0, 0x89, 0x89, 0xf0, 0xb7, 0x66, 0x66, 0xb7, 0xf0, 0x89, 0x89, 0xf0, 0xb6, 0x67,
    0x76, 0x55, 0x95, 0xc6, 0x70, 0x71, 0xc5, 0x96, 0x54, 0x54, 0x96, 0xc5, 0x71, 0x70, 0xc6, 0x95,
    0x55, 0x86, 0x63, 0xb9, 0x81, 0x85, 0xb5, 0x5d, 0x85, 0x6b, 0x1c, 0x3f, 0x4c, 0x3d, 0x7c, 0x5d,
    0x58, 0x7e, 0x44, 0x52, 0x3f, 0x83, 0x91, 0x00, 0x00, 0x05, 0x00, 0x30, 0xff, 0xf4, 0x05, 0x5d,
    0x05, 0x20, 0x00, 0x13, 0x00, 0x27, 0x00, 0x2b, 0x00, 0x36, 0x00, 0x3f, 0x00, 0x00, 0x45, 0x22,
    0x2e, 0x02, 0x35, 0x34, 0x3e, 0x02, 0x33, 0x32, 0x1e, 0x02, 0x15, 0x14, 0x0e, 0x02, 0x27, 0x32,
    0x3e, 0x02, 0x35, 0x34, 0x2e, 0x02, 0x23, 0x22, 0x0e, 0x02, 0x15, 0x14, 0x1e, 0x02, 0x25, 0x03,
    0x33, 0x13, 0x21, 0x11, 0x21, 0x32, 0x16, 0x15, 0x14, 0x06, 0x23, 0x23, 0x11, 0x11, 0x33, 0x32,
    0x36, 0x35, 0x34, 0x26, 0x23, 0x23, 0x02, 0xc7, 0x89, 0xf0, 0xb7, 0x67, 0x67, 0xb7, 0xf0, 0x89,
    0x88, 0xf1, 0xb6, 0x67, 0x67, 0xb6, 0xf1, 0x88, 0x71, 0xc5, 0x95, 0x55, 0x55, 0x95, 0xc5, 0x71,
    0x70, 0xc6, 0x96, 0x55, 0x55, 0x96, 0xc6, 0x01, 0x02, 0xc5, 0x8f, 0xe4, 0xfd, 0xc2, 0x01, 0x11,
    0x84, 0x8e, 0x8e, 0x84, 0x8c, 0x7e, 0x4b, 0x4b, 0x45, 0x43, 0x8c, 0x0c, 0x67, 0xb6, 0xf0, 0x89,
    0x89, 0xf0, 0xb7, 0x66, 0x66, 0xb7, 0xf0, 0x89, 0x89, 0xf0, 0xb6, 0x67, 0x76, 0x55, 0x95, 0xc6,
    0x70, 0x71, 0xc5, 0x96, 0x54, 0x54, 0x96, 0xc5, 0x71, 0x70, 0xc6, 0x95, 0x55, 0xb9, 0x01, 0x5a,
    0xfe, 0xa6, 0x02, 0xe3, 0x7c, 0x66, 0x64, 0x7c, 0xfe, 0xdf, 0x01, 0x7a, 0x45, 0x35, 0x38, 0x44,
    0x00, 0x02, 0x00, 0x06, 0x03, 0xcd, 0x05, 0x20, 0x06, 0x56, 0x00, 0x09, 0x00, 0x19, 0x00, 0x00,
    0x53, 0x35, 0x21, 0x15, 0x23, 0x37, 0x11, 0x23, 0x11, 0x17, 0x25, 0x33, 0x13, 0x23, 0x13, 0x33,
    0x11, 0x23, 0x11, 0x33, 0x03, 0x23, 0x03, 0x33, 0x11, 0x23, 0x06, 0x02, 0x09, 0xe4, 0x1b, 0x76,
    0x1a, 0x01, 0x86, 0xaa, 0xb6, 0x0a, 0xb7, 0xa3, 0x77, 0x12, 0xc9, 0x4e, 0xc9, 0x0b, 0x76, 0x05,
    0xf0, 0x66, 0x66, 0x1b, 0xfd, 0xc2, 0x02, 0x3e, 0x1b, 0x66, 0xfe, 0x73, 0x01, 0x8d, 0xfd, 0x77,
    0x02, 0x01, 0xfe, 0x46, 0x01, 0xb8, 0xfe, 0x01, 0x00, 0x02, 0x00, 0x58, 0x03, 0xca, 0x02, 0xb1,
    0x06, 0x23, 0x00, 0x0f, 0x00, 0x1b, 0x00, 0x00, 0x41, 0x22, 0x26, 0x26, 0x35, 0x34, 0x36, 0x36,
    0x33, 0x32, 0x16, 0x16, 0x15, 0x14, 0x06, 0x06, 0x27, 0x32, 0x36, 0x35, 0x34, 0x26, 0x23, 0x22,
    0x06, 0x15, 0x14, 0x16, 0x01, 0x85, 0x53, 0x89, 0x51, 0x51, 0x89, 0x53, 0x53, 0x88, 0x51, 0x51,
    0x88, 0x53, 0x3b, 0x54, 0x54, 0x3b, 0x3c, 0x55, 0x55, 0x03, 0xca, 0x51, 0x8a, 0x52, 0x54, 0x87,
    0x51, 0x51, 0x87, 0x54, 0x52, 0x8a, 0x51, 0x9d, 0x55, 0x3b, 0x3b, 0x55, 0x55, 0x3b, 0x3b, 0x55,
    0x00, 0x02, 0x00, 0xba, 0xff, 0x0c, 0x01, 0xa6, 0x06, 0x04, 0x00, 0x03, 0x00, 0x07, 0x00, 0x00,
    0x53, 0x11, 0x33, 0x11, 0x03, 0x11, 0x33, 0x11, 0xba, 0xec, 0xec, 0xec, 0x02, 0xee, 0x03, 0x16,
    0xfc, 0xea, 0xfc, 0x1e, 0x03, 0x16, 0xfc, 0xea, 0x00, 0x02, 0x00, 0x5b, 0xff, 0x04, 0x03, 0xbc,
    0x05, 0x12, 0x00, 0x03, 0x00, 0x09, 0x00, 0x00, 0x45, 0x03, 0x21, 0x03, 0x01, 0x35, 0x25, 0x05,
    0x15, 0x05, 0x01, 0x98, 0x1b, 0x01, 0x1d, 0x1e, 0xfd, 0xdf, 0x01, 0xb0, 0x01, 0xb1, 0xfe, 0x4f,
    0xfc, 0x06, 0x0e, 0xf9, 0xf2, 0x03, 0xfe, 0xa3, 0x10, 0x10, 0xa3, 0x12, 0x00, 0x03, 0x00, 0x5b,
    0xff, 0x04, 0x03, 0xbc, 0x05, 0x12, 0x00, 0x03, 0x00, 0x09, 0x00, 0x0f, 0x00, 0x00, 0x45, 0x03,
    0x21, 0x03, 0x01, 0x35, 0x25, 0x05, 0x15, 0x05, 0x01, 0x35, 0x25, 0x05, 0x15, 0x05, 0x01, 0x98,
    0x1b, 0x01, 0x1d, 0x1e, 0xfd, 0xdf, 0x01, 0xb0, 0x01, 0xb1, 0xfe, 0x4f, 0xfe, 0x50, 0x01, 0xb0,
    0x01, 0xb1, 0xfe, 0x4f, 0xfc, 0x06, 0x0e, 0xf9, 0xf2, 0x03, 0xfe, 0xa3, 0x10, 0x10, 0xa3, 0x12,
    0xfe, 0xa8, 0xa2, 0x11, 0x11, 0xa2, 0x13, 0x00, 0x00, 0x03, 0x00, 0x5e, 0xff, 0x28, 0x03, 0xc2,
    0x04, 0x96, 0x00, 0x03, 0x00, 0x07, 0x00, 0x28, 0x00, 0x00, 0x45, 0x11, 0x33, 0x11, 0x03, 0x35,
    0x33, 0x15, 0x03, 0x22, 0x26, 0x26, 0x35, 0x34, 0x36, 0x36, 0x33, 0x32, 0x1e, 0x02, 0x17, 0x07,
    0x26, 0x26, 0x23, 0x22, 0x06, 0x06, 0x15, 0x14, 0x16, 0x16, 0x33, 0x32, 0x36, 0x35, 0x33, 0x14,
    0x06, 0x06, 0x01, 0xc4, 0xc2, 0xc2, 0xc2, 0x5c, 0x7a, 0xd1, 0x81, 0x81, 0xd1, 0x7a, 0x5f, 0x91,
    0x66, 0x3a, 0x08, 0xee, 0x10, 0x57, 0x45, 0x39, 0x64, 0x3f, 0x3b, 0x64, 0x3d, 0x5a, 0x52, 0xee,
    0x5e, 0xb6, 0xd8, 0x01, 0x02, 0xfe, 0xfe, 0x04, 0x84, 0xea, 0xea, 0xfc, 0x38, 0x7f, 0xe7, 0x9c,
    0xa5, 0xe5, 0x76, 0x3d, 0x67, 0x7e, 0x40, 0x06, 0x40, 0x54, 0x3f, 0x84, 0x69, 0x64, 0x85, 0x43,
    0x57, 0x49, 0x67, 0xaa, 0x65, 0x00, 0x00, 0x06, 0x00, 0x7a, 0x00, 0xa2, 0x04, 0x36, 0x04, 0x5e,
    0x00, 0x0f, 0x00, 0x1f, 0x00, 0x23, 0x00, 0x27, 0x00, 0x2b, 0x00, 0x2f, 0x00, 0x00, 0x65, 0x22,
    0x26, 0x26, 0x35, 0x34, 0x36, 0x36, 0x33, 0x32, 0x16, 0x16, 0x15, 0x14, 0x06, 0x06, 0x27, 0x32,
    0x36, 0x36, 0x35, 0x34, 0x26, 0x26, 0x23, 0x22, 0x06, 0x06, 0x15, 0x14, 0x16, 0x16, 0x01, 0x27,
    0x37, 0x17, 0x05, 0x27, 0x37, 0x17, 0x01, 0x17, 0x07, 0x27, 0x25, 0x17, 0x07, 0x27, 0x02, 0x58,
    0x75, 0xc0, 0x73, 0x73, 0xc0, 0x75, 0x75, 0xc0, 0x71, 0x71, 0xc0, 0x75, 0x3b, 0x61, 0x3a, 0x3a,
    0x61, 0x3b, 0x3b, 0x61, 0x3a, 0x3a, 0x61, 0x01, 0x33, 0x64, 0xe6, 0x64, 0xfd, 0x1e, 0xda, 0x62,
    0xda, 0x01, 0xa6, 0xda, 0x62, 0xda, 0xfe, 0x5a, 0x62, 0xda, 0x62, 0xd8, 0x73, 0xc0, 0x75, 0x75,
    0xc0, 0x73, 0x73, 0xc0, 0x75, 0x75, 0xc0, 0x73, 0xd2, 0x3a, 0x61, 0x3b, 0x3c, 0x61, 0x39, 0x39,
    0x61, 0x3c, 0x3b, 0x61, 0x3a, 0x01, 0x6a, 0x64, 0xe6, 0x62, 0xdc, 0xda, 0x64, 0xda, 0xfe, 0x5c,
    0xda, 0x64, 0xda, 0x64, 0x64, 0xda, 0x64, 0x00, 0x00, 0x03, 0x00, 0x28, 0xff, 0xe4, 0x04, 0xba,
    0x05, 0x2c, 0x00, 0x1e, 0x00, 0x22, 0x00, 0x26, 0x00, 0x00, 0x45, 0x22, 0x26, 0x02, 0x35, 0x34,
    0x12, 0x36, 0x33, 0x32, 0x16, 0x17, 0x07, 0x26, 0x26, 0x23, 0x22, 0x06, 0x06, 0x15, 0x14, 0x16,
    0x16, 0x33, 0x32, 0x36, 0x35, 0x33, 0x14, 0x06, 0x06, 0x01, 0x35, 0x21, 0x15, 0x25, 0x35, 0x21,
    0x15, 0x02, 0xb6, 0xa9, 0xfc, 0x8b, 0x91, 0xfd, 0xa2, 0xe1, 0xff, 0x24, 0xfc, 0x1f, 0x87, 0x62,
    0x54, 0x8b, 0x53, 0x48, 0x89, 0x61, 0x7c, 0x8c, 0xfc, 0x7d, 0xe7, 0xfc, 0xd2, 0x02, 0xc6, 0xfd,
    0x3a, 0x02, 0xc6, 0x1c, 0xa3, 0x01, 0x30, 0xd5, 0xdc, 0x01, 0x2b, 0x99, 0xdc, 0xb0, 0x2e, 0x66,
    0x7e, 0x65, 0xcc, 0x99, 0x90, 0xd0, 0x70, 0x87, 0x69, 0x91, 0xcb, 0x6c, 0x01, 0xf2, 0x86, 0x86,
    0xdc, 0x86, 0x86, 0x00, 0x00, 0x04, 0x00, 0xa6, 0x00, 0x00, 0x04, 0x44, 0x05, 0x12, 0x00, 0x03,
    0x00, 0x07, 0x00, 0x0c, 0x00, 0x20, 0x00, 0x00, 0x53, 0x35, 0x21, 0x15, 0x01, 0x35, 0x21, 0x15,
    0x05, 0x33, 0x01, 0x21, 0x01, 0x37, 0x33, 0x32, 0x36, 0x35, 0x34, 0x26, 0x23, 0x23, 0x35, 0x33,
    0x32, 0x04, 0x16, 0x15, 0x14, 0x06, 0x04, 0x23, 0x23, 0xa6, 0x03, 0x9e, 0xfc, 0x62, 0x03, 0x9e,
    0xfc, 0x62, 0xc2, 0x02, 0x88, 0xfe, 0xb6, 0xfe, 0x00, 0x4e, 0x3c, 0xae, 0x9e, 0x9e, 0xae, 0x3c,
    0x3c, 0xc2, 0x01, 0x05, 0x83, 0x73, 0xfe, 0xfe, 0xd5, 0x3c, 0x04, 0x8e, 0x84, 0x84, 0xfe, 0xbe,
    0x86, 0x86, 0xda, 0xfd, 0x8e, 0x01, 0xec, 0x86, 0x9b, 0x73, 0x74, 0x9a, 0x5e, 0x5c, 0xa4, 0x6c,
    0x73, 0xb7, 0x6a, 0x00, 0x00, 0x03, 0x00, 0x0e, 0x00, 0x00, 0x04, 0x86, 0x05, 0x12, 0x00, 0x09,
    0x00, 0x0d, 0x00, 0x11, 0x00, 0x00, 0x61, 0x11, 0x01, 0x21, 0x01, 0x23, 0x01, 0x21, 0x01, 0x11,
    0x25, 0x35, 0x21, 0x15, 0x25, 0x35, 0x21, 0x15, 0x01, 0xcc, 0xfe, 0x42, 0x01, 0x18, 0x01, 0x36,
    0x2e, 0x01, 0x42, 0x01, 0x16, 0xfe, 0x32, 0xfe, 0x30, 0x02, 0xba, 0xfd, 0x46, 0x02, 0xba, 0x02,
    0x18, 0x02, 0xfa, 0xfd, 0xd2, 0x02, 0x2e, 0xfd, 0x06, 0xfd, 0xe8, 0xaa, 0x84, 0x84, 0xd6, 0x84,
    0x84, 0x00, 0xff, 0xff, 0x00, 0xa6, 0xff, 0x28, 0x04, 0x0a, 0x04, 0x96, 0x04, 0x06, 0x01, 0x9a,
    0x48, 0x00, 0x00, 0x06, 0x00, 0x7a, 0x00, 0xa2, 0x04, 0x36, 0x04, 0x5e, 0x00, 0x0f, 0x00, 0x1f,
    0x00, 0x23, 0x00, 0x27, 0x00, 0x2b, 0x00, 0x2f, 0x00, 0x00, 0x65, 0x22, 0x26, 0x26, 0x35, 0x34,
    0x36, 0x36, 0x33, 0x32, 0x16, 0x16, 0x15, 0x14, 0x06, 0x06, 0x27, 0x32, 0x36, 0x36, 0x35, 0x34,
    0x26, 0x26, 0x23, 0x22, 0x06, 0x06, 0x15, 0x14, 0x16, 0x16, 0x01, 0x27, 0x37, 0x17, 0x05, 0x27,
    0x37, 0x17, 0x01, 0x17, 0x07, 0x27, 0x25, 0x17, 0x07, 0x27, 0x02, 0x58, 0x75, 0xc0, 0x73, 0x73,
    0xc0, 0x75, 0x75, 0xc0, 0x71, 0x71, 0xc0, 0x75, 0x3b, 0x61, 0x3a, 0x3a, 0x61, 0x3b, 0x3b, 0x61,
    0x3a, 0x3a, 0x61, 0x01, 0x33, 0x64, 0xe6, 0x64, 0xfd, 0x1e, 0xda, 0x62, 0xda, 0x01, 0xa6, 0xda,
    0x62, 0xda, 0xfe, 0x5a, 0x62, 0xda, 0x62, 0xd8, 0x73, 0xc0, 0x75, 0x75, 0xc0, 0x73, 0x73, 0xc0,
    0x75, 0x75, 0xc0, 0x73, 0xd2, 0x3a, 0x61, 0x3b, 0x3c, 0x61, 0x39, 0x39, 0x61, 0x3c, 0x3b, 0x61,
    0x3a, 0x01, 0x6a, 0x64, 0xe6, 0x62, 0xdc, 0xda, 0x64, 0xda, 0xfe, 0x5c, 0xda, 0x64, 0xda, 0x64,
    0x64, 0xda, 0x64, 0x00, 0x00, 0x03, 0x00, 0x40, 0xff, 0x36, 0x04, 0x6e, 0x05, 0xc2, 0x00, 0x1a,
    0x00, 0x1e, 0x00, 0x34, 0x00, 0x00, 0x45, 0x22, 0x2e, 0x02, 0x35, 0x33, 0x14, 0x16, 0x16, 0x33,
    0x32, 0x36, 0x36, 0x35, 0x34, 0x26, 0x27, 0x27, 0x35, 0x05, 0x16, 0x16, 0x15, 0x14, 0x06, 0x06,
    0x05, 0x11, 0x33, 0x11, 0x03, 0x27, 0x26, 0x26, 0x35, 0x34, 0x24, 0x33, 0x32, 0x16, 0x17, 0x23,
    0x26, 0x26, 0x23, 0x22, 0x06, 0x15, 0x14, 0x16, 0x17, 0x17, 0x02, 0x62, 0x68, 0xc4, 0x9b, 0x5b,
    0xe8, 0x51, 0x92, 0x61, 0x54, 0x6f, 0x37, 0x46, 0x3e, 0x90, 0x01, 0x00, 0x8d, 0x8f, 0x71, 0xe8,
    0xfe, 0xff, 0xaa, 0x6e, 0x92, 0xa3, 0xb5, 0x01, 0x0c, 0xfc, 0xdb, 0xf0, 0x19, 0xe8, 0x0a, 0x89,
    0x6d, 0x7f, 0x85, 0x40, 0x40, 0x6a, 0x1c, 0x34, 0x69, 0xa5, 0x70, 0x4e, 0x60, 0x2c, 0x2c, 0x4b,
    0x2d, 0x39, 0x58, 0x15, 0x36, 0xcc, 0x5a, 0x31, 0xa3, 0x80, 0x5e, 0xab, 0x6d, 0xae, 0x06, 0x8c,
    0xf9, 0x74, 0x03, 0x02, 0x32, 0x38, 0x9f, 0x89, 0x9e, 0xc4, 0xcf, 0xb1, 0x4d, 0x69, 0x5a, 0x46,
    0x34, 0x43, 0x17, 0x2c, 0x00, 0x03, 0x00, 0x24, 0xff, 0xe4, 0x04, 0x82, 0x05, 0x2c, 0x00, 0x1f,
    0x00, 0x23, 0x00, 0x27, 0x00, 0x00, 0x45, 0x22, 0x26, 0x02, 0x35, 0x34, 0x12, 0x36, 0x33, 0x32,
    0x16, 0x17, 0x07, 0x26, 0x26, 0x23, 0x22, 0x06, 0x06, 0x15, 0x14, 0x16, 0x16, 0x33, 0x32, 0x36,
    0x36, 0x35, 0x33, 0x14, 0x06, 0x06, 0x01, 0x35, 0x21, 0x15, 0x25, 0x35, 0x21, 0x15, 0x02, 0xaa,
    0xa9, 0xf8, 0x87, 0x8f, 0xf2, 0x95, 0xd7, 0xed, 0x1e, 0xfc, 0x1a, 0x75, 0x57, 0x47, 0x80, 0x51,
    0x3d, 0x7c, 0x5f, 0x4c, 0x6b, 0x37, 0xfc, 0x77, 0xd5, 0xfc, 0xee, 0x02, 0x92, 0xfd, 0x6e, 0x02,
    0x92, 0x1c, 0xa3, 0x01, 0x30, 0xd3, 0xde, 0x01, 0x2c, 0x98, 0xdc, 0xb0, 0x2e, 0x66, 0x7e, 0x63,
    0xd1, 0xa4, 0x8a, 0xca, 0x6e, 0x3e, 0x6c, 0x46, 0x91, 0xcb, 0x6c, 0x01, 0xf2, 0x86, 0x86, 0xdc,
    0x86, 0x86, 0xff, 0xff, 0x00, 0x89, 0x00, 0x00, 0x04, 0x27, 0x05, 0x12, 0x04, 0x06, 0x01, 0x9d,
    0xe3, 0x00, 0x00, 0x03, 0x00, 0x38, 0x00, 0x00, 0x04, 0x78, 0x05, 0x2c, 0x00, 0x16, 0x00, 0x20,
    0x00, 0x24, 0x00, 0x00, 0x77, 0x35, 0x32, 0x36, 0x35, 0x11, 0x34, 0x36, 0x36, 0x33, 0x32, 0x16,
    0x17, 0x23, 0x26, 0x26, 0x23, 0x22, 0x06, 0x15, 0x11, 0x14, 0x06, 0x05, 0x35, 0x21, 0x32, 0x36,
    0x37, 0x21, 0x06, 0x06, 0x23, 0x01, 0x35, 0x21, 0x15, 0x78, 0x4a, 0x3c, 0x65, 0xb8, 0x7b, 0xa7,
    0xc1, 0x18, 0xe8, 0x09, 0x51, 0x3e, 0x4c, 0x60, 0xa0, 0xfe, 0xee, 0x02, 0x7a, 0x65, 0x56, 0x09,
    0x01, 0x02, 0x06, 0xca, 0xf4, 0xfd, 0xa6, 0x02, 0xe6, 0x90, 0x44, 0x56, 0x58, 0x01, 0xf6, 0x90,
    0xc2, 0x62, 0xb0, 0xae, 0x42, 0x46, 0x6c, 0x72, 0xfe, 0x1a, 0x84, 0x7e, 0x90, 0xd4, 0x4d, 0x4f,
    0xae, 0xc2, 0x02, 0x32, 0x9e, 0x9e, 0x00, 0x03, 0x00, 0x2a, 0x00, 0x00, 0x04, 0x86, 0x05, 0x12,
    0x00, 0x09, 0x00, 0x0d, 0x00, 0x11, 0x00, 0x00, 0x61, 0x11, 0x01, 0x21, 0x01, 0x23, 0x01, 0x21,
    0x01, 0x11, 0x25, 0x35, 0x21, 0x15, 0x25, 0x35, 0x21, 0x15, 0x01, 0xda, 0xfe, 0x50, 0x01, 0x18,
    0x01, 0x26, 0x2c, 0x01, 0x32, 0x01, 0x18, 0xfe, 0x40, 0xfe, 0x30, 0x02, 0xba, 0xfd, 0x46, 0x02,
    0xba, 0x02, 0x18, 0x02, 0xfa, 0xfd, 0xd2, 0x02, 0x2e, 0xfd, 0x06, 0xfd, 0xe8, 0xaa, 0x84, 0x84,
    0xd6, 0x84, 0x84, 0x00, 0xff, 0xff, 0xfe, 0xe3, 0xff, 0xeb, 0x03, 0x6e, 0x05, 0x4f, 0x06, 0x06,
    0x01, 0x52, 0x00, 0x00, 0x00, 0x01, 0x00, 0x6e, 0x00, 0x5a, 0x03, 0xc4, 0x03, 0xb0, 0x00, 0x0b,
    0x00, 0x00, 0x65, 0x27, 0x01, 0x01, 0x37, 0x01, 0x01, 0x17, 0x01, 0x01, 0x07, 0x01, 0x01, 0x14,
    0xa6, 0x01, 0x04, 0xfe, 0xfc, 0xa6, 0x01, 0x04, 0x01, 0x04, 0xa8, 0xfe, 0xfa, 0x01, 0x06, 0xa8,
    0xfe, 0xfc, 0x5a, 0xa8, 0x01, 0x04, 0x01, 0x02, 0xa8, 0xfe, 0xfc, 0x01, 0x04, 0xa8, 0xfe, 0xfe,
    0xfe, 0xfc, 0xa8, 0x01, 0x04, 0x00, 0x00, 0x03, 0x00, 0x95, 0x00, 0x38, 0x03, 0x9d, 0x03, 0xcb,
    0x00, 0x03, 0x00, 0x0f, 0x00, 0x1b, 0x00, 0x00, 0x53, 0x35, 0x21, 0x15, 0x01, 0x22, 0x26, 0x35,
    0x34, 0x36, 0x33, 0x32, 0x16, 0x15, 0x14, 0x06, 0x03, 0x22, 0x26, 0x35, 0x34, 0x36, 0x33, 0x32,
    0x16, 0x15, 0x14, 0x06, 0x95, 0x03, 0x08, 0xfe, 0x7a, 0x3a, 0x4d, 0x4d, 0x3a, 0x3c, 0x50, 0x50,
    0x3c, 0x3a, 0x4d, 0x4d, 0x3a, 0x3c, 0x50, 0x50, 0x01, 0x9a, 0xd0, 0xd0, 0xfe, 0x9e, 0x4b, 0x37,
    0x38, 0x4a, 0x4a, 0x38, 0x37, 0x4b, 0x02, 0x8f, 0x48, 0x39, 0x37, 0x4c, 0x4c, 0x37, 0x39, 0x48,
    0x00, 0x03, 0x00, 0x9f, 0x00, 0x40, 0x03, 0x93, 0x03, 0xc6, 0x00, 0x03, 0x00, 0x07, 0x00, 0x0b,
    0x00, 0x00, 0x65, 0x01, 0x33, 0x01, 0x25, 0x35, 0x21, 0x15, 0x01, 0x35, 0x21, 0x15, 0x01, 0x31,
    0x01, 0x3e, 0x98, 0xfe, 0xc4, 0xfe, 0xd4, 0x02, 0xf4, 0xfd, 0x0c, 0x02, 0xf4, 0x40, 0x03, 0x86,
    0xfc, 0x7a, 0x7f, 0xce, 0xce, 0x01, 0xa4, 0xcf, 0xcf, 0x00, 0x00, 0x02, 0x00, 0xae, 0x00, 0x00,
    0x03, 0x82, 0x03, 0xc4, 0x00, 0x07, 0x00, 0x0b, 0x00, 0x00, 0x53, 0x27, 0x25, 0x15, 0x25, 0x37,
    0x05, 0x15, 0x01, 0x35, 0x21, 0x15, 0xde, 0x30, 0x02, 0x50, 0xfd, 0xb0, 0x30, 0x02, 0xa0, 0xfd,
    0x4c, 0x02, 0xb8, 0x01, 0x1e, 0xbe, 0xbe, 0x54, 0xc0, 0xbe, 0xfc, 0xb0, 0xfd, 0xe8, 0xb2, 0xb2,
    0x00, 0x02, 0x00, 0xb1, 0x00, 0x00, 0x03, 0x85, 0x03, 0xc4, 0x00, 0x07, 0x00, 0x0b, 0x00, 0x00,
    0x41, 0x25, 0x35, 0x25, 0x17, 0x05, 0x35, 0x05, 0x01, 0x35, 0x21, 0x15, 0x03, 0x57, 0xfd, 0x5e,
    0x02, 0xa2, 0x2e, 0xfd, 0xb0, 0x02, 0x50, 0xfd, 0x2c, 0x02, 0xb8, 0x01, 0x1e, 0xfa, 0xb0, 0xfc,
    0xbe, 0xc0, 0x54, 0xbe, 0xfe, 0x24, 0xb2, 0xb2, 0x00, 0x02, 0x00, 0xa7, 0x00, 0x00, 0x03, 0x8b,
    0x04, 0x4a, 0x00, 0x0b, 0x00, 0x0f, 0x00, 0x00, 0x41, 0x33, 0x11, 0x21, 0x15, 0x21, 0x11, 0x23,
    0x11, 0x21, 0x35, 0x21, 0x01, 0x21, 0x15, 0x21, 0x01, 0xbd, 0xb8, 0x01, 0x16, 0xfe, 0xea, 0xb8,
    0xfe, 0xea, 0x01, 0x16, 0xfe, 0xfa, 0x02, 0xc6, 0xfd, 0x3a, 0x04, 0x4a, 0xfe, 0xce, 0x98, 0xfe,
    0xd0, 0x01, 0x30, 0x98, 0xfd, 0x9a, 0xb2, 0x00, 0x00, 0x02, 0x00, 0x65, 0x00, 0x76, 0x03, 0xce,
    0x03, 0x4e, 0x00, 0x1a, 0x00, 0x35, 0x00, 0x00, 0x53, 0x27, 0x36, 0x36, 0x33, 0x32, 0x16, 0x17,
    0x16, 0x16, 0x33, 0x32, 0x36, 0x37, 0x17, 0x06, 0x06, 0x23, 0x22, 0x26, 0x27, 0x2e, 0x02, 0x23,
    0x22, 0x06, 0x03, 0x27, 0x36, 0x36, 0x33, 0x32, 0x16, 0x17, 0x16, 0x16, 0x33, 0x32, 0x36, 0x37,
    0x17, 0x06, 0x06, 0x23, 0x22, 0x26, 0x27, 0x2e, 0x02, 0x23, 0x22, 0x06, 0xdd, 0x78, 0x23, 0x75,
    0x60, 0x28, 0x5f, 0x45, 0x43, 0x4b, 0x1d, 0x2a, 0x3f, 0x19, 0x78, 0x26, 0x86, 0x58, 0x28, 0x56,
    0x49, 0x1e, 0x3e, 0x39, 0x15, 0x27, 0x3d, 0x18, 0x78, 0x23, 0x75, 0x60, 0x28, 0x5f, 0x45, 0x43,
    0x4b, 0x1d, 0x2a, 0x3f, 0x19, 0x78, 0x26, 0x86, 0x58, 0x28, 0x56, 0x49, 0x1e, 0x3e, 0x39, 0x15,
    0x27, 0x3d, 0x02, 0x00, 0x41, 0x7f, 0x8c, 0x1b, 0x1b, 0x19, 0x19, 0x33, 0x37, 0x4b, 0x78, 0x7b,
    0x1a, 0x1b, 0x0c, 0x16, 0x0f, 0x38, 0xfe, 0x38, 0x41, 0x7f, 0x8c, 0x1b, 0x1b, 0x19, 0x19, 0x33,
    0x37, 0x4c, 0x77, 0x7b, 0x1a, 0x1a, 0x0d, 0x16, 0x0f, 0x38, 0x00, 0x01, 0x00, 0xb6, 0x01, 0x29,
    0x03, 0x7c, 0x02, 0xa3, 0x00, 0x06, 0x00, 0x00, 0x53, 0x21, 0x11, 0x23, 0x35, 0x17, 0x21, 0xb6,
    0x02, 0xc6, 0x9c, 0x30, 0xfd, 0xa6, 0x02, 0xa3, 0xfe, 0x86, 0xfc, 0x34, 0x00, 0x03, 0x00, 0x2c,
    0x00, 0xbf, 0x05, 0x1b, 0x03, 0x33, 0x00, 0x21, 0x00, 0x30, 0x00, 0x3f, 0x00, 0x00, 0x65, 0x22,
    0x26, 0x26, 0x35, 0x34, 0x36, 0x36, 0x33, 0x32, 0x16, 0x16, 0x17, 0x23, 0x3e, 0x02, 0x33, 0x32,
    0x16, 0x16, 0x15, 0x14, 0x06, 0x06, 0x23, 0x22, 0x26, 0x26, 0x27, 0x33, 0x0e, 0x02, 0x27, 0x32,
    0x36, 0x37, 0x15, 0x26, 0x26, 0x23, 0x22, 0x06, 0x06, 0x15, 0x14, 0x16, 0x16, 0x21, 0x32, 0x36,
    0x36, 0x35, 0x34, 0x26, 0x26, 0x23, 0x22, 0x06, 0x07, 0x35, 0x16, 0x16, 0x01, 0x6e, 0x4b, 0x94,
    0x63, 0x63, 0x94, 0x4b, 0x3a, 0x7b, 0x71, 0x2a, 0x36, 0x2b, 0x71, 0x7d, 0x38, 0x4c, 0x94, 0x62,
    0x62, 0x94, 0x4c, 0x38, 0x7d, 0x70, 0x2a, 0x35, 0x2a, 0x72, 0x7b, 0x14, 0x46, 0x83, 0x34, 0x34,
    0x83, 0x46, 0x27, 0x51, 0x38, 0x38, 0x51, 0x02, 0x46, 0x27, 0x52, 0x37, 0x37, 0x52, 0x27, 0x46,
    0x83, 0x34, 0x34, 0x83, 0xbf, 0x43, 0x8b, 0x6c, 0x6d, 0x8b, 0x42, 0x2a, 0x65, 0x58, 0x58, 0x65,
    0x2a, 0x42, 0x8b, 0x6d, 0x6c, 0x8b, 0x43, 0x2a, 0x65, 0x58, 0x58, 0x65, 0x2a, 0x9b, 0x61, 0x69,
    0x55, 0x6a, 0x60, 0x1f, 0x46, 0x3b, 0x3a, 0x47, 0x1e, 0x1e, 0x47, 0x3a, 0x3b, 0x46, 0x1f, 0x60,
    0x6a, 0x55, 0x69, 0x61, 0x00, 0x03, 0x00, 0x66, 0x00, 0x3d, 0x04, 0x4a, 0x04, 0x22, 0x00, 0x03,
    0x00, 0x13, 0x00, 0x23, 0x00, 0x00, 0x77, 0x27, 0x01, 0x17, 0x01, 0x22, 0x26, 0x26, 0x35, 0x34,
    0x36, 0x36, 0x33, 0x32, 0x16, 0x16, 0x15, 0x14, 0x06, 0x06, 0x27, 0x32, 0x36, 0x36, 0x35, 0x34,
    0x26, 0x26, 0x23, 0x22, 0x06, 0x06, 0x15, 0x14, 0x16, 0x16, 0xbd, 0x57, 0x03, 0x8e, 0x56, 0xfe,
    0x0f, 0x77, 0xc4, 0x74, 0x74, 0xc4, 0x77, 0x77, 0xc3, 0x74, 0x74, 0xc3, 0x77, 0x4f, 0x81, 0x4e,
    0x4e, 0x81, 0x4f, 0x4f, 0x82, 0x4e, 0x4e, 0x82, 0x3d, 0x57, 0x03, 0x8e, 0x57, 0xfc, 0xb7, 0x74,
    0xc4, 0x76, 0x78, 0xc3, 0x74, 0x74, 0xc3, 0x78, 0x76, 0xc4, 0x74, 0x8f, 0x4e, 0x82, 0x4f, 0x4f,
    0x81, 0x4e, 0x4e, 0x81, 0x4f, 0x4f, 0x82, 0x4e, 0x00, 0x01, 0x00, 0x2c, 0xfe, 0x3b, 0x03, 0x9f,
    0x05, 0x6c, 0x00, 0x1f, 0x00, 0x00, 0x53, 0x37, 0x16, 0x16, 0x33, 0x32, 0x36, 0x36, 0x37, 0x13,
    0x3e, 0x02, 0x33, 0x32, 0x16, 0x17, 0x07, 0x26, 0x26, 0x23, 0x22, 0x06, 0x06, 0x07, 0x03, 0x0e,
    0x02, 0x23, 0x22, 0x26, 0x2c, 0x3b, 0x19, 0x34, 0x19, 0x1d, 0x33, 0x24, 0x03, 0x56, 0x07, 0x5c,
    0x8c, 0x4f, 0x30, 0x67, 0x30, 0x3b, 0x17, 0x35, 0x1a, 0x1c, 0x33, 0x24, 0x03, 0x56, 0x07, 0x5c,
    0x8c, 0x4f, 0x2f, 0x68, 0xfe, 0x53, 0xb6, 0x08, 0x0b, 0x15, 0x34, 0x2c, 0x04, 0xd5, 0x69, 0x84,
    0x3f, 0x0e, 0x0a, 0xb6, 0x09, 0x0b, 0x15, 0x34, 0x2d, 0xfb, 0x2c, 0x69, 0x85, 0x3f, 0x0e, 0x00,
    0x00, 0x01, 0x00, 0xba, 0xfe, 0x26, 0x04, 0x65, 0x05, 0x12, 0x00, 0x09, 0x00, 0x00, 0x53, 0x11,
    0x21, 0x11, 0x23, 0x11, 0x17, 0x21, 0x37, 0x11, 0xba, 0x03, 0xab, 0xeb, 0x3b, 0xfd, 0xb4, 0x3c,
    0xfe, 0x26, 0x06, 0xec, 0xf9, 0x14, 0x06, 0x5c, 0x3e, 0x3e, 0xf9, 0xa4, 0x00, 0x02, 0x00, 0x5e,
    0xfe, 0x26, 0x04, 0x09, 0x05, 0x12, 0x00, 0x07, 0x00, 0x0f, 0x00, 0x00, 0x41, 0x01, 0x35, 0x21,
    0x15, 0x21, 0x37, 0x01, 0x21, 0x21, 0x01, 0x27, 0x21, 0x15, 0x21, 0x35, 0x02, 0x3b, 0xfe, 0x23,
    0x03, 0xab, 0xfc, 0x9b, 0x89, 0x02, 0x0f, 0xfe, 0xff, 0x01, 0x01, 0xfd, 0xf1, 0x89, 0x03, 0x65,
    0xfc, 0x55, 0x01, 0x9c, 0x02, 0xa8, 0xce, 0xce, 0x3e, 0xfd, 0x1a, 0xfd, 0x1a, 0x3d, 0xcd, 0xcd,
    0x00, 0x01, 0x00, 0x0a, 0x00, 0x01, 0x04, 0xc4, 0x06, 0x93, 0x00, 0x0a, 0x00, 0x00, 0x65, 0x03,
    0x17, 0x07, 0x27, 0x25, 0x13, 0x23, 0x01, 0x33, 0x01, 0x01, 0xca, 0xdd, 0x54, 0xf9, 0x3e, 0x01,
    0x8f, 0xd4, 0x66, 0x01, 0xf9, 0xc4, 0xfd, 0xc1, 0x01, 0x01, 0xe1, 0x5e, 0x58, 0x89, 0xac, 0xfe,
    0x33, 0x05, 0xff, 0xf9, 0x6e, 0x00, 0xff, 0xff, 0x00, 0xa6, 0xfe, 0x72, 0x04, 0x2c, 0x03, 0xce,
    0x06, 0x06, 0x01, 0x28, 0x00, 0x00, 0x00, 0x01, 0x00, 0x66, 0xff, 0xe4, 0x04, 0x1e, 0x06, 0x79,
    0x00, 0x2c, 0x00, 0x00, 0x45, 0x22, 0x26, 0x26, 0x35, 0x34, 0x36, 0x36, 0x33, 0x32, 0x16, 0x16,
    0x15, 0x23, 0x2e, 0x02, 0x23, 0x22, 0x06, 0x06, 0x15, 0x14, 0x16, 0x16, 0x33, 0x32, 0x36, 0x36,
    0x37, 0x36, 0x02, 0x26, 0x26, 0x27, 0x37, 0x16, 0x1a, 0x02, 0x15, 0x14, 0x0e, 0x02, 0x02, 0x26,
    0x79, 0xcc, 0x7b, 0x73, 0xc0, 0x71, 0x74, 0xaa, 0x5d, 0x4a, 0x01, 0x4b, 0x6f, 0x3c, 0x46, 0x6c,
    0x3e, 0x3e, 0x6d, 0x47, 0x4c, 0x69, 0x3a, 0x04, 0x05, 0x22, 0x64, 0xb7, 0x90, 0xc6, 0x83, 0xba,
    0x74, 0x36, 0x53, 0x8e, 0xb5, 0x1c, 0x81, 0xea, 0x9d, 0x99, 0xe3, 0x7e, 0x81, 0xda, 0x87, 0x5c,
    0x78, 0x3a, 0x4a, 0x86, 0x5a, 0x5a, 0x88, 0x4c, 0x54, 0x8c, 0x55, 0x98, 0x01, 0x14, 0xfd, 0xec,
    0x70, 0x85, 0x77, 0xff, 0x00, 0xfe, 0xf9, 0xfe, 0xfe, 0x78, 0xa2, 0xf9, 0xaa, 0x58, 0x00, 0x07,
    0x00, 0x5e, 0xff, 0xea, 0x07, 0xf1, 0x05, 0x2c, 0x00, 0x0f, 0x00, 0x1b, 0x00, 0x1f, 0x00, 0x2f,
    0x00, 0x3b, 0x00, 0x4b, 0x00, 0x57, 0x00, 0x00, 0x45, 0x22, 0x26, 0x26, 0x35, 0x34, 0x36, 0x36,
    0x33, 0x32, 0x16, 0x16, 0x15, 0x14, 0x06, 0x06, 0x27, 0x32, 0x36, 0x35, 0x34, 0x26, 0x23, 0x22,
    0x06, 0x15, 0x14, 0x16, 0x05, 0x01, 0x33, 0x01, 0x05, 0x22, 0x26, 0x26, 0x35, 0x34, 0x36, 0x36,
    0x33, 0x32, 0x16, 0x16, 0x15, 0x14, 0x06, 0x06, 0x27, 0x32, 0x36, 0x35, 0x34, 0x26, 0x23, 0x22,
    0x06, 0x15, 0x14, 0x16, 0x01, 0x22, 0x26, 0x26, 0x35, 0x34, 0x36, 0x36, 0x33, 0x32, 0x16, 0x16,
    0x15, 0x14, 0x06, 0x06, 0x27, 0x32, 0x36, 0x35, 0x34, 0x26, 0x23, 0x22, 0x06, 0x15, 0x14, 0x16,
    0x06, 0xdd, 0x48, 0x7c, 0x4c, 0x4c, 0x7c, 0x48, 0x4a, 0x7d, 0x4d, 0x4d, 0x7d, 0x4a, 0x2c, 0x36,
    0x36, 0x2c, 0x2c, 0x35, 0x35, 0xfa, 0x07, 0x03, 0x70, 0xee, 0xfc, 0x92, 0x02, 0xba, 0x48, 0x7c,
    0x4c, 0x4c, 0x7c, 0x48, 0x4a, 0x7e, 0x4c, 0x4c, 0x7e, 0x4a, 0x2c, 0x36, 0x36, 0x2c, 0x2b, 0x35,
    0x35, 0xfd, 0x37, 0x48, 0x7c, 0x4c, 0x4c, 0x7c, 0x48, 0x4b, 0x7d, 0x4c, 0x4c, 0x7d, 0x4b, 0x2c,
    0x36, 0x36, 0x2c, 0x2b, 0x35, 0x35, 0x16, 0x43, 0x87, 0x66, 0x66, 0x87, 0x43, 0x43, 0x87, 0x66,
    0x66, 0x87, 0x43, 0x98, 0x44, 0x54, 0x53, 0x47, 0x47, 0x53, 0x54, 0x44, 0x82, 0x05, 0x12, 0xfa,
    0xee, 0x16, 0x43, 0x87, 0x66, 0x66, 0x87, 0x43, 0x43, 0x87, 0x66, 0x66, 0x87, 0x43, 0x98, 0x44,
    0x54, 0x53, 0x47, 0x47, 0x53, 0x54, 0x44, 0x02, 0x4c, 0x43, 0x87, 0x66, 0x65, 0x86, 0x43, 0x43,
    0x86, 0x65, 0x66, 0x87, 0x43, 0x96, 0x46, 0x54, 0x53, 0x45, 0x45, 0x53, 0x54, 0x46, 0x00, 0x01,
    0x00, 0x5e, 0x00, 0x00, 0x04, 0x54, 0x03, 0xd6, 0x00, 0x0b, 0x00, 0x00, 0x41, 0x33, 0x11, 0x21,
    0x15, 0x21, 0x11, 0x23, 0x11, 0x21, 0x35, 0x21, 0x01, 0xe2, 0xec, 0x01, 0x86, 0xfe, 0x7a, 0xec,
    0xfe, 0x7c, 0x01, 0x84, 0x03, 0xd6, 0xfe, 0x7c, 0xce, 0xfe, 0x7c, 0x01, 0x84, 0xce, 0x00, 0x01,
    0x00, 0x56, 0x01, 0x82, 0x04, 0x5a, 0x02, 0x50, 0x00, 0x03, 0x00, 0x00, 0x53, 0x21, 0x15, 0x21,
    0x56, 0x04, 0x04, 0xfb, 0xfc, 0x02, 0x50, 0xce, 0xff, 0xff, 0x00, 0xa6, 0x00, 0x5a, 0x03, 0xfc,
    0x03, 0xb0, 0x04, 0x06, 0x01, 0xa7, 0x38, 0x00, 0xff, 0xff, 0x00, 0xe5, 0x00, 0x38, 0x03, 0xed,
    0x03, 0xcb, 0x04, 0x06, 0x01, 0xa8, 0x50, 0x00, 0x00, 0x02, 0x00, 0xfc, 0x00, 0xc0, 0x03, 0xb4,
    0x03, 0x30, 0x00, 0x03, 0x00, 0x07, 0x00, 0x00, 0x53, 0x21, 0x15, 0x21, 0x11, 0x21, 0x15, 0x21,
    0xfc, 0x02, 0xb8, 0xfd, 0x48, 0x02, 0xb8, 0xfd, 0x48, 0x01, 0x8c, 0xcc, 0x02, 0x70, 0xcc, 0x00,
    0xff, 0xff, 0x00, 0xfd, 0x00, 0x40, 0x03, 0xf1, 0x03, 0xc6, 0x04, 0x06, 0x01, 0xa9, 0x5e, 0x00,
    0x00, 0x01, 0x00, 0xbc, 0x00, 0x38, 0x03, 0xf4, 0x04, 0xd2, 0x00, 0x07, 0x00, 0x00, 0x65, 0x27,
    0x01, 0x15, 0x01, 0x37, 0x01, 0x15, 0x01, 0x58, 0x9c, 0x02, 0x8c, 0xfd, 0x74, 0x9c, 0x02, 0x9c,
    0x38, 0xb4, 0x01, 0xca, 0x64, 0x01, 0xcc, 0xb4, 0xfe, 0x1c, 0xd4, 0x00, 0x00, 0x01, 0x00, 0xba,
    0x00, 0x38, 0x03, 0xf4, 0x04, 0xd2, 0x00, 0x07, 0x00, 0x00, 0x41, 0x17, 0x01, 0x35, 0x01, 0x07,
    0x01, 0x35, 0x03, 0x56, 0x9e, 0xfd, 0x72, 0x02, 0x8e, 0x9e, 0xfd, 0x64, 0x04, 0xd2, 0xb4, 0xfe,
    0x34, 0x64, 0xfe, 0x36, 0xb4, 0x01, 0xe2, 0xd4, 0xff, 0xff, 0x01, 0x0c, 0x00, 0x00, 0x03, 0xe0,
    0x03, 0xc4, 0x04, 0x06, 0x01, 0xaa, 0x5e, 0x00, 0xff, 0xff, 0x01, 0x0f, 0x00, 0x00, 0x03, 0xe3,
    0x03, 0xc4, 0x04, 0x06, 0x01, 0xab, 0x5e, 0x00, 0xff, 0xff, 0x01, 0x05, 0x00, 0x00, 0x03, 0xe9,
    0x04, 0x4a, 0x04, 0x06, 0x01, 0xac, 0x5e, 0x00, 0xff, 0xff, 0x00, 0x83, 0x00, 0x76, 0x03, 0xec,
    0x03, 0x4e, 0x04, 0x06, 0x01, 0xad, 0x1e, 0x00, 0x00, 0x01, 0x00, 0x8e, 0x01, 0x98, 0x04, 0x1e,
    0x02, 0xf6, 0x00, 0x19, 0x00, 0x00, 0x41, 0x27, 0x36, 0x36, 0x33, 0x32, 0x16, 0x17, 0x16, 0x16,
    0x33, 0x32, 0x36, 0x37, 0x17, 0x06, 0x06, 0x23, 0x22, 0x26, 0x27, 0x26, 0x26, 0x23, 0x22, 0x06,
    0x01, 0x0c, 0x7e, 0x23, 0x7a, 0x63, 0x2b, 0x64, 0x49, 0x48, 0x52, 0x1e, 0x26, 0x42, 0x18, 0x80,
    0x29, 0x8c, 0x5f, 0x21, 0x61, 0x4a, 0x47, 0x4c, 0x1f, 0x25, 0x40, 0x01, 0x98, 0x44, 0x81, 0x97,
    0x1c, 0x1c, 0x1d, 0x17, 0x38, 0x36, 0x50, 0x7f, 0x7f, 0x1a, 0x1e, 0x1d, 0x15, 0x38, 0x00, 0x01,
    0x00, 0x6c, 0x01, 0xb4, 0x04, 0x44, 0x04, 0xb6, 0x00, 0x07, 0x00, 0x00, 0x53, 0x01, 0x33, 0x01,
    0x21, 0x01, 0x33, 0x01, 0x6c, 0x01, 0x8e, 0xbe, 0x01, 0x8c, 0xfe, 0xfa, 0xfe, 0xee, 0x5a, 0xfe,
    0xec, 0x01, 0xb4, 0x03, 0x02, 0xfc, 0xfe, 0x02, 0x4e, 0xfd, 0xb2, 0x00, 0x00, 0x05, 0x00, 0x14,
    0xff, 0xe4, 0x04, 0x9c, 0x05, 0x2c, 0x00, 0x03, 0x00, 0x13, 0x00, 0x1f, 0x00, 0x2f, 0x00, 0x3b,
    0x00, 0x00, 0x73, 0x01, 0x33, 0x01, 0x05, 0x22, 0x26, 0x26, 0x35, 0x34, 0x36, 0x36, 0x33, 0x32,
    0x16, 0x16, 0x15, 0x14, 0x06, 0x06, 0x27, 0x32, 0x36, 0x35, 0x34, 0x26, 0x23, 0x22, 0x06, 0x15,
    0x14, 0x16, 0x01, 0x22, 0x26, 0x26, 0x35, 0x34, 0x36, 0x36, 0x33, 0x32, 0x16, 0x16, 0x15, 0x14,
    0x06, 0x06, 0x27, 0x32, 0x36, 0x35, 0x34, 0x26, 0x23, 0x22, 0x06, 0x15, 0x14, 0x16, 0x3e, 0x03,
    0x54, 0xe0, 0xfc, 0xae, 0x02, 0x7a, 0x40, 0x75, 0x4b, 0x4b, 0x75, 0x40, 0x41, 0x76, 0x4b, 0x4b,
    0x76, 0x41, 0x27, 0x39, 0x39, 0x27, 0x2a, 0x38, 0x38, 0xfd, 0xa4, 0x40, 0x75, 0x4b, 0x4b, 0x75,
    0x40, 0x41, 0x76, 0x4b, 0x4b, 0x76, 0x41, 0x28, 0x3a, 0x3a, 0x28, 0x28, 0x38, 0x38, 0x05, 0x12,
    0xfa, 0xee, 0x1c, 0x3a, 0x85, 0x71, 0x71, 0x84, 0x39, 0x39, 0x84, 0x71, 0x71, 0x85, 0x3a, 0x98,
    0x42, 0x56, 0x56, 0x44, 0x44, 0x56, 0x56, 0x42, 0x02, 0x52, 0x3a, 0x85, 0x71, 0x70, 0x85, 0x39,
    0x39, 0x85, 0x70, 0x71, 0x85, 0x3a, 0x96, 0x44, 0x56, 0x56, 0x42, 0x42, 0x56, 0x56, 0x44, 0x00,
    0x00, 0x02, 0x00, 0x5e, 0x00, 0x00, 0x04, 0x36, 0x05, 0x12, 0x00, 0x05, 0x00, 0x0d, 0x00, 0x00,
    0x53, 0x01, 0x33, 0x01, 0x01, 0x23, 0x03, 0x35, 0x01, 0x23, 0x01, 0x15, 0x01, 0x33, 0x5e, 0x01,
    0x8e, 0xbe, 0x01, 0x8c, 0xfe, 0x74, 0xbe, 0xa5, 0x01, 0x21, 0x39, 0x01, 0x1e, 0xfe, 0xe2, 0x39,
    0x02, 0x89, 0x02, 0x89, 0xfd, 0x77, 0xfd, 0x77, 0x02, 0x5c, 0x5a, 0xfe, 0x18, 0x01, 0xe8, 0x5a,
    0x01, 0xe7, 0x00, 0x02, 0x00, 0x5e, 0x04, 0x76, 0x02, 0xf8, 0x05, 0x81, 0x00, 0x0b, 0x00, 0x17,
    0x00, 0x00, 0x41, 0x22, 0x26, 0x35, 0x34, 0x36, 0x33, 0x32, 0x16, 0x15, 0x14, 0x06, 0x21, 0x22,
    0x26, 0x35, 0x34, 0x36, 0x33, 0x32, 0x16, 0x15, 0x14, 0x06, 0x02, 0x6a, 0x3a, 0x52, 0x52, 0x3a,
    0x3e, 0x50, 0x50, 0xfe, 0x42, 0x3d, 0x4f, 0x4f, 0x3d, 0x3e, 0x50, 0x50, 0x04, 0x76, 0x4c, 0x39,
    0x39, 0x4d, 0x4d, 0x39, 0x39, 0x4c, 0x4c, 0x37, 0x3b, 0x4b, 0x4b, 0x3b, 0x37, 0x4c, 0x00, 0x01,
    0x00, 0x5e, 0x04, 0x82, 0x01, 0x9c, 0x05, 0xb1, 0x00, 0x0b, 0x00, 0x00, 0x53, 0x22, 0x26, 0x35,
    0x34, 0x36, 0x33, 0x32, 0x16, 0x15, 0x14, 0x06, 0xfb, 0x45, 0x58, 0x58, 0x45, 0x45, 0x5c, 0x5c,
    0x04, 0x82, 0x55, 0x40, 0x41, 0x59, 0x58, 0x42, 0x40, 0x55, 0x00, 0x01, 0x00, 0x5e, 0x04, 0x5d,
    0x02, 0x71, 0x06, 0x2e, 0x00, 0x03, 0x00, 0x00, 0x41, 0x01, 0x37, 0x01, 0x02, 0x00, 0xfe, 0x5e,
    0x9d, 0x01, 0x76, 0x04, 0x5d, 0x01, 0x51, 0x80, 0xfe, 0x8b, 0x00, 0x01, 0x00, 0x5e, 0x04, 0x5d,
    0x02, 0x72, 0x06, 0x2e, 0x00, 0x03, 0x00, 0x00, 0x53, 0x27, 0x01, 0x17, 0xcf, 0x71, 0x01, 0x76,
    0x9e, 0x04, 0x5d, 0x5c, 0x01, 0x75, 0x80, 0x00, 0x00, 0x02, 0x00, 0x5e, 0x04, 0x54, 0x02, 0x37,
    0x05, 0xca, 0x00, 0x03, 0x00, 0x07, 0x00, 0x00, 0x41, 0x27, 0x13, 0x17, 0x01, 0x27, 0x13, 0x17,
    0x01, 0xe5, 0x76, 0x23, 0xa5, 0xfe, 0xa0, 0x79, 0x0c, 0xa8, 0x04, 0x54, 0x15, 0x01, 0x53, 0x27,
    0xfe, 0xce, 0x11, 0x01, 0x56, 0x1c, 0x00, 0x01, 0x00, 0xa6, 0x04, 0x04, 0x01, 0xb3, 0x05, 0x72,
    0x00, 0x0f, 0x00, 0x00, 0x41, 0x27, 0x36, 0x36, 0x37, 0x26, 0x26, 0x35, 0x34, 0x36, 0x33, 0x32,
    0x16, 0x15, 0x14, 0x06, 0x01, 0x17, 0x71, 0x30, 0x46, 0x0b, 0x27, 0x35, 0x3b, 0x2e, 0x3a, 0x45,
    0x52, 0x04, 0x04, 0x38, 0x18, 0x3c, 0x29, 0x06, 0x2f, 0x26, 0x27, 0x37, 0x52, 0x39, 0x41, 0x7d,
    0x00, 0x01, 0x00, 0x5e, 0x04, 0x55, 0x03, 0x27, 0x05, 0xf4, 0x00, 0x06, 0x00, 0x00, 0x53, 0x27,
    0x01, 0x01, 0x07, 0x25, 0x33, 0xe9, 0x8b, 0x01, 0x64, 0x01, 0x65, 0x8b, 0xfe, 0xfc, 0x53, 0x04,
    0x55, 0x6e, 0x01, 0x31, 0xfe, 0xcf, 0x6e, 0xea, 0x00, 0x01, 0x00, 0x5e, 0x04, 0x5c, 0x03, 0x27,
    0x05, 0xfb, 0x00, 0x06, 0x00, 0x00, 0x41, 0x01, 0x37, 0x01, 0x23, 0x01, 0x17, 0x01, 0xc2, 0xfe,
    0x9c, 0x8b, 0x01, 0x02, 0x53, 0x01, 0x04, 0x8b, 0x04, 0x5c, 0x01, 0x31, 0x6e, 0xfe, 0xfc, 0x01,
    0x04, 0x6e, 0x00, 0x01, 0x00, 0x5e, 0x04, 0x89, 0x02, 0xd6, 0x05, 0xc1, 0x00, 0x0d, 0x00, 0x00,
    0x41, 0x22, 0x26, 0x35, 0x33, 0x14, 0x16, 0x33, 0x32, 0x36, 0x35, 0x33, 0x14, 0x06, 0x01, 0x9a,
    0x93, 0xa9, 0xba, 0x45, 0x3d, 0x3e, 0x45, 0xb9, 0xa8, 0x04, 0x89, 0xa6, 0x92, 0x4d, 0x50, 0x50,
    0x4d, 0x92, 0xa6, 0x00, 0x00, 0x02, 0x00, 0x5e, 0x05, 0x17, 0x02, 0x3a, 0x06, 0xf3, 0x00, 0x0f,
    0x00, 0x1b, 0x00, 0x00, 0x41, 0x22, 0x26, 0x26, 0x35, 0x34, 0x36, 0x36, 0x33, 0x32, 0x16, 0x16,
    0x15, 0x14, 0x06, 0x06, 0x27, 0x32, 0x36, 0x35, 0x34, 0x26, 0x23, 0x22, 0x06, 0x15, 0x14, 0x16,
    0x01, 0x4c, 0x41, 0x6d, 0x40, 0x40, 0x6c, 0x42, 0x41, 0x6c, 0x41, 0x41, 0x6c, 0x41, 0x22, 0x2e,
    0x2e, 0x22, 0x22, 0x2e, 0x2e, 0x05, 0x17, 0x40, 0x6d, 0x41, 0x41, 0x6c, 0x41, 0x41, 0x6c, 0x41,
    0x41, 0x6c, 0x41, 0x9e, 0x2e, 0x22, 0x22, 0x2f, 0x2f, 0x22, 0x22, 0x2e, 0x00, 0x01, 0x00, 0x2e,
    0x04, 0x68, 0x02, 0xe2, 0x05, 0xa1, 0x00, 0x1a, 0x00, 0x00, 0x53, 0x27, 0x36, 0x36, 0x33, 0x32,
    0x16, 0x17, 0x16, 0x16, 0x33, 0x32, 0x36, 0x37, 0x17, 0x0e, 0x02, 0x23, 0x22, 0x26, 0x27, 0x26,
    0x26, 0x23, 0x22, 0x06, 0x8c, 0x5e, 0x18, 0x71, 0x4d, 0x1d, 0x3f, 0x36, 0x33, 0x33, 0x18, 0x1d,
    0x38, 0x15, 0x64, 0x0e, 0x3f, 0x52, 0x29, 0x24, 0x47, 0x39, 0x2f, 0x2e, 0x15, 0x20, 0x3b, 0x04,
    0x68, 0x39, 0x79, 0x87, 0x16, 0x1c, 0x1a, 0x16, 0x2f, 0x33, 0x42, 0x48, 0x6f, 0x40, 0x1c, 0x1c,
    0x1a, 0x12, 0x29, 0x00, 0x00, 0x01, 0x01, 0x04, 0x04, 0x90, 0x03, 0xb7, 0x05, 0x51, 0x00, 0x03,
    0x00, 0x00, 0x41, 0x21, 0x15, 0x21, 0x01, 0x04, 0x02, 0xb3, 0xfd, 0x4d, 0x05, 0x51, 0xc1, 0x00,
    0x00, 0x01, 0x00, 0x5c, 0x04, 0x0a, 0x01, 0x77, 0x05, 0x79, 0x00, 0x0f, 0x00, 0x00, 0x41, 0x17,
    0x06, 0x06, 0x07, 0x16, 0x16, 0x07, 0x06, 0x06, 0x23, 0x22, 0x26, 0x37, 0x36, 0x36, 0x01, 0x0b,
    0x6c, 0x31, 0x4a, 0x0e, 0x26, 0x32, 0x03, 0x03, 0x3f, 0x2e, 0x38, 0x3f, 0x03, 0x04, 0x5a, 0x05,
    0x79, 0x39, 0x18, 0x3b, 0x29, 0x06, 0x30, 0x27, 0x27, 0x36, 0x50, 0x3b, 0x3f, 0x7f, 0x00, 0x01,
    0x00, 0x5e, 0xfe, 0x3f, 0x01, 0x7a, 0xff, 0xad, 0x00, 0x0f, 0x00, 0x00, 0x53, 0x27, 0x36, 0x36,
    0x37, 0x26, 0x26, 0x37, 0x36, 0x36, 0x33, 0x32, 0x16, 0x07, 0x06, 0x06, 0xcb, 0x6d, 0x31, 0x4a,
    0x0e, 0x26, 0x32, 0x03, 0x03, 0x40, 0x2d, 0x39, 0x3f, 0x04, 0x03, 0x5a, 0xfe, 0x3f, 0x38, 0x19,
    0x3c, 0x28, 0x06, 0x30, 0x26, 0x28, 0x35, 0x50, 0x3a, 0x40, 0x7f, 0x00, 0x00, 0x01, 0x00, 0x5e,
    0xfe, 0x57, 0x02, 0x19, 0x00, 0x4f, 0x00, 0x15, 0x00, 0x00, 0x53, 0x37, 0x16, 0x16, 0x36, 0x37,
    0x36, 0x26, 0x26, 0x27, 0x37, 0x17, 0x07, 0x27, 0x1e, 0x02, 0x07, 0x0e, 0x02, 0x26, 0x5e, 0x21,
    0x44, 0x69, 0x3f, 0x03, 0x03, 0x2d, 0x51, 0x38, 0x4e, 0x68, 0x47, 0x1f, 0x61, 0x78, 0x35, 0x03,
    0x04, 0x5b, 0x88, 0x93, 0xfe, 0x91, 0x53, 0x20, 0x09, 0x23, 0x20, 0x1c, 0x2b, 0x22, 0x0c, 0xdc,
    0x0f, 0xc7, 0x3c, 0x0f, 0x3c, 0x4e, 0x2c, 0x3a, 0x47, 0x18, 0x16, 0x00, 0x00, 0x01, 0x00, 0x5e,
    0xfe, 0x4b, 0x02, 0x5e, 0xff, 0xfe, 0x00, 0x13, 0x00, 0x00, 0x41, 0x06, 0x06, 0x23, 0x22, 0x26,
    0x35, 0x34, 0x36, 0x37, 0x17, 0x06, 0x06, 0x15, 0x14, 0x16, 0x33, 0x32, 0x36, 0x37, 0x02, 0x5e,
    0x41, 0x87, 0x41, 0x6b, 0x8c, 0x67, 0x64, 0xb4, 0x67, 0x79, 0x42, 0x28, 0x2b, 0x59, 0x3c, 0xfe,
    0x92, 0x23, 0x24, 0x60, 0x59, 0x48, 0x89, 0x29, 0x27, 0x24, 0x53, 0x33, 0x27, 0x1f, 0x1c, 0x20,
    0xff, 0xff, 0x00, 0x5e, 0x04, 0x82, 0x01, 0x9c, 0x05, 0xb1, 0x04, 0x06, 0x01, 0xc9, 0x00, 0x00,
    0xff, 0xff, 0x00, 0x5e, 0x04, 0x54, 0x02, 0x37, 0x05, 0xca, 0x04, 0x06, 0x01, 0xcc, 0x00, 0x00,
    0xff, 0xff, 0x00, 0x5e, 0x04, 0x5c, 0x03, 0x27, 0x05, 0xfb, 0x04, 0x06, 0x01, 0xcf, 0x00, 0x00,
    0xff, 0xff, 0x00, 0x5e, 0x04, 0x89, 0x02, 0xd6, 0x05, 0xc1, 0x04, 0x06, 0x01, 0xd0, 0x00, 0x00,
    0xff, 0xff, 0x00, 0x5e, 0x05, 0x17, 0x02, 0x3a, 0x06, 0xf3, 0x04, 0x06, 0x01, 0xd1, 0x00, 0x00,
    0xff, 0xff, 0x00, 0x5f, 0x04, 0x90, 0x03, 0x12, 0x05, 0x51, 0x04, 0x07, 0x01, 0xd3, 0xff, 0x5b,
    0x00, 0x00, 0xff, 0xff, 0x00, 0x5e, 0xfe, 0x57, 0x02, 0x19, 0x00, 0x4f, 0x04, 0x06, 0x01, 0xd6,
    0x00, 0x00, 0xff, 0xff, 0x00, 0x5e, 0xfe, 0x4b, 0x02, 0x5e, 0xff, 0xfe, 0x04, 0x06, 0x01, 0xd7,
    0x00, 0x00, 0x00, 0x00, 0x00, 0x00, 0x00, 0x14, 0x00, 0xf6, 0x00, 0x01, 0x00, 0x00, 0x00, 0x00,
    0x01, 0x00, 0x00, 0x06, 0x00, 0x00, 0x00, 0x01, 0x00, 0x00, 0x00, 0x00, 0x01, 0x06, 0x00, 0x04,
    0x00, 0x06, 0x00, 0x01, 0x00, 0x00, 0x00, 0x00, 0x01, 0x08, 0x00, 0x06, 0x00, 0x0a, 0x00, 0x01,
    0x00, 0x00, 0x00, 0x00, 0x01, 0x09, 0x00, 0x05, 0x00, 0x10, 0x00, 0x03, 0x00, 0x01, 0x04, 0x09,
    0x00, 0x00, 0x00, 0x9e, 0x00, 0x15, 0x00, 0x03, 0x00, 0x01, 0x04, 0x09, 0x00, 0x01, 0x00, 0x0a,
    0x00, 0xb3, 0x00, 0x03, 0x00, 0x01, 0x04, 0x09, 0x00, 0x02, 0x00, 0x0e, 0x00, 0xbd, 0x00, 0x03,
    0x00, 0x01, 0x04, 0x09, 0x00, 0x03, 0x00, 0x30, 0x00, 0xcb, 0x00, 0x03, 0x00, 0x01, 0x04, 0x09,
    0x00, 0x04, 0x00, 0x1a, 0x00, 0xfb, 0x00, 0x03, 0x00, 0x01, 0x04, 0x09, 0x00, 0x05, 0x00, 0x3a,
    0x01, 0x15, 0x00, 0x03, 0x00, 0x01, 0x04, 0x09, 0x00, 0x06, 0x00, 0x1a, 0x01, 0x4f, 0x00, 0x03,
    0x00, 0x01, 0x04, 0x09, 0x00, 0x07, 0x00, 0x50, 0x01, 0x69, 0x00, 0x03, 0x00, 0x01, 0x04, 0x09,
    0x00, 0x09, 0x00, 0x20, 0x01, 0xb9, 0x00, 0x03, 0x00, 0x01, 0x04, 0x09, 0x00, 0x0d, 0x01, 0x22,
    0x01, 0xd9, 0x00, 0x03, 0x00, 0x01, 0x04, 0x09, 0x00, 0x0e, 0x00, 0x36, 0x02, 0xfb, 0x00, 0x03,
    0x00, 0x01, 0x04, 0x09, 0x00, 0x19, 0x00, 0x0a, 0x00, 0xb3, 0x00, 0x03, 0x00, 0x01, 0x04, 0x09,
    0x01, 0x00, 0x00, 0x0c, 0x03, 0x31, 0x00, 0x03, 0x00, 0x01, 0x04, 0x09, 0x01, 0x06, 0x00, 0x08,
    0x03, 0x3d, 0x00, 0x03, 0x00, 0x01, 0x04, 0x09, 0x01, 0x08, 0x00, 0x0c, 0x03, 0x45, 0x00, 0x03,
    0x00, 0x01, 0x04, 0x09, 0x01, 0x09, 0x00, 0x0a, 0x03, 0x51, 0x57, 0x65, 0x69, 0x67, 0x68, 0x74,
    0x42, 0x6f, 0x6c, 0x64, 0x49, 0x74, 0x61, 0x6c, 0x69, 0x63, 0x52, 0x6f, 0x6d, 0x61, 0x6e, 0x00,
    0x43, 0x00, 0x6f, 0x00, 0x70, 0x00, 0x79, 0x00, 0x72, 0x00, 0x69, 0x00, 0x67, 0x00, 0x68, 0x00,
    0x74, 0x00, 0x20, 0x00, 0x32, 0x00, 0x30, 0x00, 0x31, 0x00, 0x39, 0x00, 0x20, 0x00, 0x54, 0x00,
    0x68, 0x00, 0x65, 0x00, 0x20, 0x00, 0x4b, 0x00, 0x61, 0x00, 0x72, 0x00, 0x6c, 0x00, 0x61, 0x00,
    0x20, 0x00, 0x50, 0x00, 0x72, 0x00, 0x6f, 0x00, 0x6a, 0x00, 0x65, 0x00, 0x63, 0x00, 0x74, 0x00,
    0x20, 0x00, 0x41, 0x00, 0x75, 0x00, 0x74, 0x00, 0x68, 0x00, 0x6f, 0x00, 0x72, 0x00, 0x73, 0x00,
    0x20, 0x00, 0x28, 0x00, 0x68, 0x00, 0x74, 0x00, 0x74, 0x00, 0x70, 0x00, 0x73, 0x00, 0x3a, 0x00,
    0x2f, 0x00, 0x2f, 0x00, 0x67, 0x00, 0x69, 0x00, 0x74, 0x00, 0x68, 0x00, 0x75, 0x00, 0x62, 0x00,
    0x2e, 0x00, 0x63, 0x00, 0x6f, 0x00, 0x6d, 0x00, 0x2f, 0x00, 0x67, 0x00, 0x6f, 0x00, 0x6f, 0x00,
    0x67, 0x00, 0x6c, 0x00, 0x65, 0x00, 0x66, 0x00, 0x6f, 0x00, 0x6e, 0x00, 0x74, 0x00, 0x73, 0x00,
    0x2f, 0x00, 0x6b, 0x00, 0x61, 0x00, 0x72, 0x00, 0x6c, 0x00, 0x61, 0x00, 0x29, 0x00, 0x4b, 0x00,
    0x61, 0x00, 0x72, 0x00, 0x6c, 0x00, 0x61, 0x00, 0x52, 0x00, 0x65, 0x00, 0x67, 0x00, 0x75, 0x00,
    0x6c, 0x00, 0x61, 0x00, 0x72, 0x00, 0x32, 0x00, 0x2e, 0x00, 0x30, 0x00, 0x30, 0x00, 0x34, 0x00,
    0x3b, 0x00, 0x47, 0x00, 0x4f, 0x00, 0x4f, 0x00, 0x47, 0x00, 0x3b, 0x00, 0x4b, 0x00, 0x61, 0x00,
    0x72, 0x00, 0x6c, 0x00, 0x61, 0x00, 0x2d, 0x00, 0x52, 0x00, 0x65, 0x00, 0x67, 0x00, 0x75, 0x00,
    0x6c, 0x00, 0x61, 0x00, 0x72, 0x00, 0x4b, 0x00, 0x61, 0x00, 0x72, 0x00, 0x6c, 0x00, 0x61, 0x00,
    0x20, 0x00, 0x52, 0x00, 0x65, 0x00, 0x67, 0x00, 0x75, 0x00, 0x6c, 0x00, 0x61, 0x00, 0x72, 0x00,
    0x56, 0x00, 0x65, 0x00, 0x72, 0x00, 0x73, 0x00, 0x69, 0x00, 0x6f, 0x00, 0x6e, 0x00, 0x20, 0x00,
    0x32, 0x00, 0x2e, 0x00, 0x30, 0x00, 0x30, 0x00, 0x34, 0x00, 0x3b, 0x00, 0x67, 0x00, 0x66, 0x00,
    0x74, 0x00, 0x6f, 0x00, 0x6f, 0x00, 0x6c, 0x00, 0x73, 0x00, 0x5b, 0x00, 0x30, 0x00, 0x2e, 0x00,
    0x39, 0x00, 0x2e, 0x00, 0x33, 0x00, 0x33, 0x00, 0x5d, 0x00, 0x4b, 0x00, 0x61, 0x00, 0x72, 0x00,
    0x6c, 0x00, 0x61, 0x00, 0x2d, 0x00, 0x52, 0x00, 0x65, 0x00, 0x67, 0x00, 0x75, 0x00, 0x6c, 0x00,
    0x61, 0x00, 0x72, 0x00, 0x4b, 0x00, 0x61, 0x00, 0x72, 0x00, 0x6c, 0x00, 0x61, 0x00, 0x20, 0x00,
    0x69, 0x00, 0x73, 0x00, 0x20, 0x00, 0x61, 0x00, 0x20, 0x00, 0x74, 0x00, 0x72, 0x00, 0x61, 0x00,
    0x64, 0x00, 0x65, 0x00, 0x6d, 0x00, 0x61, 0x00, 0x72, 0x00, 0x6b, 0x00, 0x20, 0x00, 0x6f, 0x00,
    0x66, 0x00, 0x20, 0x00, 0x4a, 0x00, 0x6f, 0x00, 0x6e, 0x00, 0x61, 0x00, 0x74, 0x00, 0x68, 0x00,
    0x61, 0x00, 0x6e, 0x00, 0x20, 0x00, 0x50, 0x00, 0x69, 0x00, 0x6e, 0x00, 0x68, 0x00, 0x6f, 0x00,
    0x72, 0x00, 0x6e, 0x00, 0x4a, 0x00, 0x6f, 0x00, 0x6e, 0x00, 0x61, 0x00, 0x74, 0x00, 0x68, 0x00,
    0x61, 0x00, 0x6e, 0x00, 0x20, 0x00, 0x50, 0x00, 0x69, 0x00, 0x6e, 0x00, 0x68, 0x00, 0x6f, 0x00,
    0x72, 0x00, 0x6e, 0x00, 0x54, 0x00, 0x68, 0x00, 0x69, 0x00, 0x73, 0x00, 0x20, 0x00, 0x46, 0x00,
    0x6f, 0x00, 0x6e, 0x00, 0x74, 0x00, 0x20, 0x00, 0x53, 0x00, 0x6f, 0x00, 0x66, 0x00, 0x74, 0x00,
    0x77, 0x00, 0x61, 0x00, 0x72, 0x00, 0x65, 0x00, 0x20, 0x00, 0x69, 0x00, 0x73, 0x00, 0x20, 0x00,
    0x6c, 0x00, 0x69, 0x00, 0x63, 0x00, 0x65, 0x00, 0x6e, 0x00, 0x73, 0x00, 0x65, 0x00, 0x64, 0x00,
    0x20, 0x00, 0x75, 0x00, 0x6e, 0x00, 0x64, 0x00, 0x65, 0x00, 0x72, 0x00, 0x20, 0x00, 0x74, 0x00,
    0x68, 0x00, 0x65, 0x00, 0x20, 0x00, 0x53, 0x00, 0x49, 0x00, 0x4c, 0x00, 0x20, 0x00, 0x4f, 0x00,
    0x70, 0x00, 0x65, 0x00, 0x6e, 0x00, 0x20, 0x00, 0x46, 0x00, 0x6f, 0x00, 0x6e, 0x00, 0x74, 0x00,
    0x20, 0x00, 0x4c, 0x00, 0x69, 0x00, 0x63, 0x00, 0x65, 0x00, 0x6e, 0x00, 0x73, 0x00, 0x65, 0x00,
    0x2c, 0x00, 0x20, 0x00, 0x56, 0x00, 0x65, 0x00, 0x72, 0x00, 0x73, 0x00, 0x69, 0x00, 0x6f, 0x00,
    0x6e, 0x00, 0x20, 0x00, 0x31, 0x00, 0x2e, 0x00, 0x31, 0x00, 0x2e, 0x00, 0x20, 0x00, 0x54, 0x00,
    0x68, 0x00, 0x69, 0x00, 0x73, 0x00, 0x20, 0x00, 0x6c, 0x00, 0x69, 0x00, 0x63, 0x00, 0x65, 0x00,
    0x6e, 0x00, 0x73, 0x00, 0x65, 0x00, 0x20, 0x00, 0x69, 0x00, 0x73, 0x00, 0x20, 0x00, 0x61, 0x00,
    0x76, 0x00, 0x61, 0x00, 0x69, 0x00, 0x6c, 0x00, 0x61, 0x00, 0x62, 0x00, 0x6c, 0x00, 0x65, 0x00,
    0x20, 0x00, 0x77, 0x00, 0x69, 0x00, 0x74, 0x00, 0x68, 0x00, 0x20, 0x00, 0x61, 0x00, 0x20, 0x00,
    0x46, 0x00, 0x41, 0x00, 0x51, 0x00, 0x20, 0x00, 0x61, 0x00, 0x74, 0x00, 0x3a, 0x00, 0x20, 0x00,
    0x68, 0x00, 0x74, 0x00, 0x74, 0x00, 0x70, 0x00, 0x73, 0x00, 0x3a, 0x00, 0x2f, 0x00, 0x2f, 0x00,
    0x73, 0x00, 0x63, 0x00, 0x72, 0x00, 0x69, 0x00, 0x70, 0x00, 0x74, 0x00, 0x73, 0x00, 0x2e, 0x00,
    0x73, 0x00, 0x69, 0x00, 0x6c, 0x00, 0x2e, 0x00, 0x6f, 0x00, 0x72, 0x00, 0x67, 0x00, 0x2f, 0x00,
    0x4f, 0x00, 0x46, 0x00, 0x4c, 0x00, 0x68, 0x00, 0x74, 0x00, 0x74, 0x00, 0x70, 0x00, 0x73, 0x00,
    0x3a, 0x00, 0x2f, 0x00, 0x2f, 0x00, 0x73, 0x00, 0x63, 0x00, 0x72, 0x00, 0x69, 0x00, 0x70, 0x00,
    0x74, 0x00, 0x73, 0x00, 0x2e, 0x00, 0x73, 0x00, 0x69, 0x00, 0x6c, 0x00, 0x2e, 0x00, 0x6f, 0x00,
    0x72, 0x00, 0x67, 0x00, 0x2f, 0x00, 0x4f, 0x00, 0x46, 0x00, 0x4c, 0x00, 0x57, 0x00, 0x65, 0x00,
    0x69, 0x00, 0x67, 0x00, 0x68, 0x00, 0x74, 0x00, 0x42, 0x00, 0x6f, 0x00, 0x6c, 0x00, 0x64, 0x00,
    0x49, 0x00, 0x74, 0x00, 0x61, 0x00, 0x6c, 0x00, 0x69, 0x00, 0x63, 0x00, 0x52, 0x00, 0x6f, 0x00,
    0x6d, 0x00, 0x61, 0x00, 0x6e, 0x00, 0x00, 0x00, 0x00, 0x02, 0x00, 0x00, 0x00, 0x00, 0x00, 0x00,
    0xff, 0x9c, 0x00, 0x32, 0x00, 0x00, 0x00, 0x00, 0x00, 0x00, 0x00, 0x00, 0x00, 0x00, 0x00, 0x00,
    0x00, 0x00, 0x00, 0x00, 0x00, 0x00, 0x00, 0x00, 0x01, 0xe0, 0x00, 0x00, 0x00, 0x01, 0x01, 0x02,
    0x01, 0x03, 0x00, 0x03, 0x00, 0x0f, 0x00, 0x11, 0x00, 0x1e, 0x00, 0x1d, 0x00, 0x10, 0x00, 0xb2,
    0x00, 0xb3, 0x00, 0x04, 0x00, 0x44, 0x00, 0x45, 0x00, 0x46, 0x00, 0x47, 0x00, 0x48, 0x00, 0x49,
    0x00, 0x4a, 0x00, 0x4b, 0x00, 0x4c, 0x00, 0x4d, 0x00, 0x4e, 0x00, 0x4f, 0x00, 0x50, 0x00, 0x51,
    0x00, 0x52, 0x00, 0x53, 0x00, 0x54, 0x00, 0x55, 0x00, 0x56, 0x00, 0x57, 0x00, 0x58, 0x00, 0x59,
    0x00, 0x5a, 0x00, 0x5b, 0x00, 0x5c, 0x00, 0x5d, 0x00, 0x24, 0x00, 0x25, 0x00, 0x26, 0x00, 0x27,
    0x00, 0x28, 0x00, 0x29, 0x00, 0x2a, 0x00, 0x2b, 0x00, 0x2c, 0x00, 0x2d, 0x00, 0x2e, 0x00, 0x2f,
    0x00, 0x30, 0x00, 0x31, 0x00, 0x32, 0x00, 0x33, 0x00, 0x34, 0x00, 0x35, 0x00, 0x36, 0x00, 0x37,
    0x00, 0x38, 0x00, 0x39, 0x00, 0x3a, 0x00, 0x3b, 0x00, 0x3c, 0x00, 0x3d, 0x00, 0x0a, 0x01, 0x04,
    0x00, 0xb6, 0x00, 0xb7, 0x00, 0x0b, 0x00, 0x0c, 0x00, 0x0e, 0x00, 0xef, 0x00, 0x20, 0x00, 0x13,
    0x00, 0x14, 0x00, 0x15, 0x00, 0x16, 0x00, 0x17, 0x00, 0x18, 0x00, 0x19, 0x00, 0x1a, 0x00, 0x1b,
    0x00, 0x1c, 0x00, 0x07, 0x00, 0x22, 0x00, 0x85, 0x00, 0x43, 0x00, 0x8d, 0x00, 0x6a, 0x00, 0x71,
    0x00, 0x7a, 0x00, 0xad, 0x00, 0xcb, 0x00, 0x7f, 0x00, 0x69, 0x00, 0x70, 0x00, 0x79, 0x00, 0x7e,
    0x00, 0xc9, 0x00, 0x65, 0x00, 0xcf, 0x00, 0xcc, 0x00, 0xd3, 0x00, 0xd0, 0x00, 0xd6, 0x00, 0xd4,
    0x00, 0xd8, 0x00, 0x6b, 0x00, 0x72, 0x00, 0x7b, 0x00, 0x80, 0x00, 0xc7, 0x00, 0xc8, 0x00, 0xcd,
    0x00, 0xd1, 0x00, 0xd5, 0x00, 0xd9, 0x00, 0x09, 0x00, 0x23, 0x00, 0x8e, 0x00, 0x6c, 0x00, 0x73,
    0x00, 0x7c, 0x00, 0x81, 0x00, 0x62, 0x00, 0xca, 0x00, 0xce, 0x00, 0x67, 0x00, 0x68, 0x00, 0x75,
    0x00, 0x74, 0x00, 0x76, 0x00, 0x77, 0x00, 0x1f, 0x00, 0x21, 0x00, 0x05, 0x00, 0x06, 0x00, 0x0d,
    0x00, 0x12, 0x00, 0x08, 0x00, 0x3f, 0x00, 0x5f, 0x00, 0x3e, 0x00, 0x40, 0x00, 0x41, 0x00, 0x42,
    0x00, 0x5e, 0x00, 0x60, 0x00, 0x61, 0x00, 0x6d, 0x00, 0x78, 0x00, 0x7d, 0x00, 0xae, 0x00, 0x66,
    0x00, 0xaf, 0x01, 0x05, 0x01, 0x06, 0x01, 0x07, 0x00, 0x63, 0x00, 0x90, 0x00, 0xfd, 0x00, 0xff,
    0x00, 0x64, 0x01, 0x08, 0x01, 0x09, 0x01, 0x0a, 0x00, 0xe9, 0x01, 0x0b, 0x01, 0x0c, 0x01, 0x0d,
    0x01, 0x0e, 0x00, 0xf8, 0x01, 0x0f, 0x01, 0x10, 0x01, 0x11, 0x01, 0x12, 0x00, 0xfa, 0x01, 0x13,
    0x01, 0x14, 0x01, 0x15, 0x01, 0x16, 0x01, 0x17, 0x01, 0x18, 0x00, 0xe2, 0x01, 0x19, 0x01, 0x1a,
    0x01, 0x1b, 0x01, 0x1c, 0x01, 0x1d, 0x01, 0x1e, 0x00, 0x91, 0x00, 0xb0, 0x00, 0xed, 0x01, 0x1f,
    0x01, 0x20, 0x01, 0x21, 0x01, 0x22, 0x00, 0xe4, 0x00, 0xfb, 0x01, 0x23, 0x01, 0x24, 0x01, 0x25,
    0x01, 0x26, 0x01, 0x27, 0x01, 0x28, 0x01, 0x29, 0x01, 0x2a, 0x01, 0x2b, 0x01, 0x2c, 0x01, 0x2d,
    0x01, 0x2e, 0x01, 0x2f, 0x01, 0x30, 0x01, 0x31, 0x00, 0xeb, 0x01, 0x32, 0x00, 0xbb, 0x01, 0x33,
    0x01, 0x34, 0x00, 0xe6, 0x01, 0x35, 0x01, 0x36, 0x01, 0x37, 0x01, 0x38, 0x00, 0x6e, 0x00, 0xa0,
    0x00, 0xfe, 0x01, 0x00, 0x00, 0x6f, 0x01, 0x39, 0x01, 0x3a, 0x01, 0x01, 0x00, 0xea, 0x01, 0x3b,
    0x01, 0x3c, 0x01, 0x3d, 0x01, 0x3e, 0x00, 0xf9, 0x01, 0x3f, 0x01, 0x40, 0x01, 0x41, 0x00, 0xd7,
    0x01, 0x42, 0x01, 0x43, 0x01, 0x44, 0x01, 0x45, 0x01, 0x46, 0x01, 0x47, 0x01, 0x48, 0x01, 0x49,
    0x01, 0x4a, 0x00, 0xe3, 0x01, 0x4b, 0x01, 0x4c, 0x01, 0x4d, 0x01, 0x4e, 0x01, 0x4f, 0x01, 0x50,
    0x00, 0xa1, 0x00, 0xb1, 0x00, 0xee, 0x01, 0x51, 0x01, 0x52, 0x01, 0x53, 0x01, 0x54, 0x00, 0xe5,
    0x00, 0xfc, 0x01, 0x55, 0x00, 0x89, 0x01, 0x56, 0x01, 0x57, 0x01, 0x58, 0x01, 0x59, 0x01, 0x5a,
    0x01, 0x5b, 0x01, 0x5c, 0x01, 0x5d, 0x01, 0x5e, 0x01, 0x5f, 0x01, 0x60, 0x01, 0x61, 0x01, 0x62,
    0x00, 0xec, 0x01, 0x63, 0x00, 0xba, 0x01, 0x64, 0x01, 0x65, 0x00, 0xe7, 0x01, 0x66, 0x00, 0xc0,
    0x00, 0xc1, 0x00, 0x9d, 0x00, 0x9e, 0x01, 0x67, 0x01, 0x68, 0x01, 0x69, 0x00, 0x9b, 0x01, 0x6a,
    0x01, 0x6b, 0x01, 0x6c, 0x01, 0x6d, 0x01, 0x6e, 0x01, 0x6f, 0x01, 0x70, 0x01, 0x71, 0x01, 0x72,
    0x01, 0x73, 0x01, 0x74, 0x01, 0x75, 0x01, 0x76, 0x01, 0x77, 0x01, 0x78, 0x01, 0x79, 0x01, 0x7a,
    0x01, 0x7b, 0x01, 0x7c, 0x01, 0x7d, 0x01, 0x7e, 0x01, 0x7f, 0x01, 0x80, 0x01, 0x81, 0x01, 0x82,
    0x01, 0x83, 0x01, 0x84, 0x01, 0x85, 0x01, 0x86, 0x01, 0x87, 0x01, 0x88, 0x01, 0x89, 0x01, 0x8a,
    0x01, 0x8b, 0x01, 0x8c, 0x01, 0x8d, 0x01, 0x8e, 0x01, 0x8f, 0x01, 0x90, 0x01, 0x91, 0x00, 0xbc,
    0x00, 0xf4, 0x00, 0xf5, 0x00, 0xf6, 0x01, 0x92, 0x01, 0x93, 0x01, 0x94, 0x01, 0x95, 0x01, 0x96,
    0x01, 0x97, 0x01, 0x98, 0x01, 0x99, 0x01, 0x9a, 0x01, 0x9b, 0x01, 0x9c, 0x01, 0x9d, 0x01, 0x9e,
    0x01, 0x9f, 0x01, 0xa0, 0x01, 0xa1, 0x01, 0xa2, 0x01, 0xa3, 0x01, 0xa4, 0x01, 0xa5, 0x01, 0xa6,
    0x01, 0xa7, 0x01, 0xa8, 0x01, 0xa9, 0x00, 0xab, 0x00, 0xa3, 0x00, 0xa2, 0x00, 0xc3, 0x00, 0x87,
    0x01, 0xaa, 0x01, 0xab, 0x01, 0xac, 0x01, 0xad, 0x01, 0xae, 0x01, 0xaf, 0x01, 0xb0, 0x01, 0xb1,
    0x01, 0xb2, 0x01, 0xb3, 0x01, 0xb4, 0x01, 0xb5, 0x01, 0xb6, 0x01, 0xb7, 0x01, 0xb8, 0x01, 0xb9,
    0x01, 0xba, 0x01, 0xbb, 0x01, 0xbc, 0x01, 0xbd, 0x00, 0xc4, 0x00, 0xc5, 0x00, 0xb4, 0x00, 0xb5,
    0x00, 0xa9, 0x00, 0xaa, 0x00, 0xbe, 0x00, 0xbf, 0x01, 0xbe, 0x00, 0xa6, 0x00, 0x88, 0x00, 0x86,
    0x00, 0x8b, 0x00, 0x8a, 0x00, 0x8c, 0x00, 0x83, 0x00, 0xe8, 0x00, 0x82, 0x00, 0xc2, 0x00, 0x84,
    0x00, 0xbd, 0x01, 0xbf, 0x01, 0xc0, 0x00, 0x96, 0x01, 0xc1, 0x01, 0xc2, 0x01, 0xc3, 0x01, 0xc4,
    0x01, 0xc5, 0x01, 0xc6, 0x01, 0xc7, 0x01, 0xc8, 0x00, 0xf0, 0x00, 0xb8, 0x00, 0x8f, 0x00, 0x95,
    0x00, 0x94, 0x00, 0x93, 0x00, 0xa7, 0x00, 0xa4, 0x00, 0x92, 0x01, 0xc9, 0x00, 0x9c, 0x00, 0x9a,
    0x00, 0x99, 0x00, 0xa5, 0x01, 0xca, 0x00, 0x98, 0x00, 0xc6, 0x01, 0xcb, 0x01, 0xcc, 0x01, 0xcd,
    0x01, 0xce, 0x01, 0xcf, 0x01, 0xd0, 0x01, 0xd1, 0x01, 0xd2, 0x01, 0xd3, 0x01, 0xd4, 0x01, 0xd5,
    0x01, 0xd6, 0x01, 0xd7, 0x01, 0xd8, 0x01, 0xd9, 0x00, 0xb9, 0x01, 0xda, 0x01, 0xdb, 0x01, 0xdc,
    0x01, 0xdd, 0x01, 0xde, 0x01, 0xdf, 0x01, 0xe0, 0x01, 0xe1, 0x01, 0xe2, 0x01, 0xe3, 0x01, 0xe4,
    0x01, 0xe5, 0x01, 0xe6, 0x01, 0xe7, 0x01, 0xe8, 0x01, 0xe9, 0x00, 0xdc, 0x00, 0xdf, 0x00, 0xe1,
    0x00, 0xdb, 0x00, 0xdd, 0x00, 0xda, 0x00, 0xde, 0x00, 0xe0, 0x02, 0x43, 0x52, 0x07, 0x75, 0x6e,
    0x69, 0x30, 0x30, 0x41, 0x30, 0x0a, 0x61, 0x70, 0x6f, 0x73, 0x74, 0x72, 0x6f, 0x70, 0x68, 0x65,
    0x06, 0x41, 0x62, 0x72, 0x65, 0x76, 0x65, 0x07, 0x41, 0x6d, 0x61, 0x63, 0x72, 0x6f, 0x6e, 0x07,
    0x41, 0x6f, 0x67, 0x6f, 0x6e, 0x65, 0x6b, 0x0a, 0x43, 0x64, 0x6f, 0x74, 0x61, 0x63, 0x63, 0x65,
    0x6e, 0x74, 0x06, 0x44, 0x63, 0x61, 0x72, 0x6f, 0x6e, 0x06, 0x44, 0x63, 0x72, 0x6f, 0x61, 0x74,
    0x06, 0x45, 0x63, 0x61, 0x72, 0x6f, 0x6e, 0x0a, 0x45, 0x64, 0x6f, 0x74, 0x61, 0x63, 0x63, 0x65,
    0x6e, 0x74, 0x07, 0x45, 0x6d, 0x61, 0x63, 0x72, 0x6f, 0x6e, 0x07, 0x45, 0x6f, 0x67, 0x6f, 0x6e,
    0x65, 0x6b, 0x07, 0x75, 0x6e, 0x69, 0x30, 0x31, 0x32, 0x32, 0x0a, 0x47, 0x64, 0x6f, 0x74, 0x61,
    0x63, 0x63, 0x65, 0x6e, 0x74, 0x04, 0x48, 0x62, 0x61, 0x72, 0x02, 0x49, 0x4a, 0x07, 0x49, 0x6d,
    0x61, 0x63, 0x72, 0x6f, 0x6e, 0x07, 0x49, 0x6f, 0x67, 0x6f, 0x6e, 0x65, 0x6b, 0x07, 0x75, 0x6e,
    0x69, 0x30, 0x31, 0x33, 0x36, 0x06, 0x4c, 0x61, 0x63, 0x75, 0x74, 0x65, 0x06, 0x4c, 0x63, 0x61,
    0x72, 0x6f, 0x6e, 0x07, 0x75, 0x6e, 0x69, 0x30, 0x31, 0x33, 0x42, 0x06, 0x4e, 0x61, 0x63, 0x75,
    0x74, 0x65, 0x06, 0x4e, 0x63, 0x61, 0x72, 0x6f, 0x6e, 0x07, 0x75, 0x6e, 0x69, 0x30, 0x31, 0x34,
    0x35, 0x03, 0x45, 0x6e, 0x67, 0x0d, 0x4f, 0x68, 0x75, 0x6e, 0x67, 0x61, 0x72, 0x75, 0x6d, 0x6c,
    0x61, 0x75, 0x74, 0x07, 0x4f, 0x6d, 0x61, 0x63, 0x72, 0x6f, 0x6e, 0x06, 0x52, 0x61, 0x63, 0x75,
    0x74, 0x65, 0x06, 0x52, 0x63, 0x61, 0x72, 0x6f, 0x6e, 0x07, 0x75, 0x6e, 0x69, 0x30, 0x31, 0x35,
    0x36, 0x06, 0x53, 0x61, 0x63, 0x75, 0x74, 0x65, 0x07, 0x75, 0x6e, 0x69, 0x30, 0x32, 0x31, 0x38,
    0x07, 0x75, 0x6e, 0x69, 0x31, 0x45, 0x39, 0x45, 0x04, 0x54, 0x62, 0x61, 0x72, 0x06, 0x54, 0x63,
    0x61, 0x72, 0x6f, 0x6e, 0x07, 0x75, 0x6e, 0x69, 0x30, 0x31, 0x36, 0x32, 0x07, 0x75, 0x6e, 0x69,
    0x30, 0x32, 0x31, 0x41, 0x06, 0x55, 0x62, 0x72, 0x65, 0x76, 0x65, 0x0d, 0x55, 0x68, 0x75, 0x6e,
    0x67, 0x61, 0x72, 0x75, 0x6d, 0x6c, 0x61, 0x75, 0x74, 0x07, 0x55, 0x6d, 0x61, 0x63, 0x72, 0x6f,
    0x6e, 0x07, 0x55, 0x6f, 0x67, 0x6f, 0x6e, 0x65, 0x6b, 0x05, 0x55, 0x72, 0x69, 0x6e, 0x67, 0x06,
    0x57, 0x61, 0x63, 0x75, 0x74, 0x65, 0x0b, 0x57, 0x63, 0x69, 0x72, 0x63, 0x75, 0x6d, 0x66, 0x6c,
    0x65, 0x78, 0x09, 0x57, 0x64, 0x69, 0x65, 0x72, 0x65, 0x73, 0x69, 0x73, 0x06, 0x57, 0x67, 0x72,
    0x61, 0x76, 0x65, 0x0b, 0x59, 0x63, 0x69, 0x72, 0x63, 0x75, 0x6d, 0x66, 0x6c, 0x65, 0x78, 0x06,
    0x59, 0x67, 0x72, 0x61, 0x76, 0x65, 0x06, 0x5a, 0x61, 0x63, 0x75, 0x74, 0x65, 0x0a, 0x5a, 0x64,
    0x6f, 0x74, 0x61, 0x63, 0x63, 0x65, 0x6e, 0x74, 0x06, 0x61, 0x62, 0x72, 0x65, 0x76, 0x65, 0x07,
    0x61, 0x6d, 0x61, 0x63, 0x72, 0x6f, 0x6e, 0x07, 0x61, 0x6f, 0x67, 0x6f, 0x6e, 0x65, 0x6b, 0x0a,
    0x63, 0x64, 0x6f, 0x74, 0x61, 0x63, 0x63, 0x65, 0x6e, 0x74, 0x06, 0x64, 0x63, 0x61, 0x72, 0x6f,
    0x6e, 0x06, 0x65, 0x63, 0x61, 0x72, 0x6f, 0x6e, 0x0a, 0x65, 0x64, 0x6f, 0x74, 0x61, 0x63, 0x63,
    0x65, 0x6e, 0x74, 0x07, 0x65, 0x6d, 0x61, 0x63, 0x72, 0x6f, 0x6e, 0x07, 0x65, 0x6f, 0x67, 0x6f,
    0x6e, 0x65, 0x6b, 0x07, 0x75, 0x6e, 0x69, 0x30, 0x31, 0x32, 0x33, 0x0a, 0x67, 0x64, 0x6f, 0x74,
    0x61, 0x63, 0x63, 0x65, 0x6e, 0x74, 0x04, 0x68, 0x62, 0x61, 0x72, 0x09, 0x69, 0x2e, 0x6c, 0x6f,
    0x63, 0x6c, 0x54, 0x52, 0x4b, 0x07, 0x69, 0x6d, 0x61, 0x63, 0x72, 0x6f, 0x6e, 0x07, 0x69, 0x6f,
    0x67, 0x6f, 0x6e, 0x65, 0x6b, 0x02, 0x69, 0x6a, 0x07, 0x75, 0x6e, 0x69, 0x30, 0x32, 0x33, 0x37,
    0x07, 0x75, 0x6e, 0x69, 0x30, 0x31, 0x33, 0x37, 0x06, 0x6c, 0x61, 0x63, 0x75, 0x74, 0x65, 0x06,
    0x6c, 0x63, 0x61, 0x72, 0x6f, 0x6e, 0x07, 0x75, 0x6e, 0x69, 0x30, 0x31, 0x33, 0x43, 0x06, 0x6e,
    0x61, 0x63, 0x75, 0x74, 0x65, 0x06, 0x6e, 0x63, 0x61, 0x72, 0x6f, 0x6e, 0x07, 0x75, 0x6e, 0x69,
    0x30, 0x31, 0x34, 0x36, 0x03, 0x65, 0x6e, 0x67, 0x0d, 0x6f, 0x68, 0x75, 0x6e, 0x67, 0x61, 0x72,
    0x75, 0x6d, 0x6c, 0x61, 0x75, 0x74, 0x07, 0x6f, 0x6d, 0x61, 0x63, 0x72, 0x6f, 0x6e, 0x06, 0x72,
    0x61, 0x63, 0x75, 0x74, 0x65, 0x06, 0x72, 0x63, 0x61, 0x72, 0x6f, 0x6e, 0x07, 0x75, 0x6e, 0x69,
    0x30, 0x31, 0x35, 0x37, 0x06, 0x73, 0x61, 0x63, 0x75, 0x74, 0x65, 0x07, 0x75, 0x6e, 0x69, 0x30,
    0x32, 0x31, 0x39, 0x04, 0x74, 0x62, 0x61, 0x72, 0x06, 0x74, 0x63, 0x61, 0x72, 0x6f, 0x6e, 0x07,
    0x75, 0x6e, 0x69, 0x30, 0x31, 0x36, 0x33, 0x07, 0x75, 0x6e, 0x69, 0x30, 0x32, 0x31, 0x42, 0x06,
    0x75, 0x62, 0x72, 0x65, 0x76, 0x65, 0x0d, 0x75, 0x68, 0x75, 0x6e, 0x67, 0x61, 0x72, 0x75, 0x6d,
    0x6c, 0x61, 0x75, 0x74, 0x07, 0x75, 0x6d, 0x61, 0x63, 0x72, 0x6f, 0x6e, 0x07, 0x75, 0x6f, 0x67,
    0x6f, 0x6e, 0x65, 0x6b, 0x05, 0x75, 0x72, 0x69, 0x6e, 0x67, 0x06, 0x77, 0x61, 0x63, 0x75, 0x74,
    0x65, 0x0b, 0x77, 0x63, 0x69, 0x72, 0x63, 0x75, 0x6d, 0x66, 0x6c, 0x65, 0x78, 0x09, 0x77, 0x64,
    0x69, 0x65, 0x72, 0x65, 0x73, 0x69, 0x73, 0x06, 0x77, 0x67, 0x72, 0x61, 0x76, 0x65, 0x0b, 0x79,
    0x63, 0x69, 0x72, 0x63, 0x75, 0x6d, 0x66, 0x6c, 0x65, 0x78, 0x06, 0x79, 0x67, 0x72, 0x61, 0x76,
    0x65, 0x06, 0x7a, 0x61, 0x63, 0x75, 0x74, 0x65, 0x0a, 0x7a, 0x64, 0x6f, 0x74, 0x61, 0x63, 0x63,
    0x65, 0x6e, 0x74, 0x07, 0x75, 0x6e, 0x69, 0x30, 0x33, 0x39, 0x34, 0x07, 0x75, 0x6e, 0x69, 0x30,
    0x33, 0x41, 0x39, 0x07, 0x75, 0x6e, 0x69, 0x30, 0x33, 0x42, 0x43, 0x08, 0x7a, 0x65, 0x72, 0x6f,
    0x2e, 0x6f, 0x73, 0x66, 0x07, 0x6f, 0x6e, 0x65, 0x2e, 0x6f, 0x73, 0x66, 0x07, 0x74, 0x77, 0x6f,
    0x2e, 0x6f, 0x73, 0x66, 0x09, 0x74, 0x68, 0x72, 0x65, 0x65, 0x2e, 0x6f, 0x73, 0x66, 0x08, 0x66,
    0x6f, 0x75, 0x72, 0x2e, 0x6f, 0x73, 0x66, 0x08, 0x66, 0x69, 0x76, 0x65, 0x2e, 0x6f, 0x73, 0x66,
    0x07, 0x73, 0x69, 0x78, 0x2e, 0x6f, 0x73, 0x66, 0x09, 0x73, 0x65, 0x76, 0x65, 0x6e, 0x2e, 0x6f,
    0x73, 0x66, 0x09, 0x65, 0x69, 0x67, 0x68, 0x74, 0x2e, 0x6f, 0x73, 0x66, 0x08, 0x6e, 0x69, 0x6e,
    0x65, 0x2e, 0x6f, 0x73, 0x66, 0x07, 0x7a, 0x65, 0x72, 0x6f, 0x2e, 0x74, 0x66, 0x06, 0x6f, 0x6e,
    0x65, 0x2e, 0x74, 0x66, 0x06, 0x74, 0x77, 0x6f, 0x2e, 0x74, 0x66, 0x08, 0x74, 0x68, 0x72, 0x65,
    0x65, 0x2e, 0x74, 0x66, 0x07, 0x66, 0x6f, 0x75, 0x72, 0x2e, 0x74, 0x66, 0x07, 0x66, 0x69, 0x76,
    0x65, 0x2e, 0x74, 0x66, 0x06, 0x73, 0x69, 0x78, 0x2e, 0x74, 0x66, 0x08, 0x73, 0x65, 0x76, 0x65,
    0x6e, 0x2e, 0x74, 0x66, 0x08, 0x65, 0x69, 0x67, 0x68, 0x74, 0x2e, 0x74, 0x66, 0x07, 0x6e, 0x69,
    0x6e, 0x65, 0x2e, 0x74, 0x66, 0x09, 0x7a, 0x65, 0x72, 0x6f, 0x2e, 0x64, 0x6e, 0x6f, 0x6d, 0x08,
    0x6f, 0x6e, 0x65, 0x2e, 0x64, 0x6e, 0x6f, 0x6d, 0x08, 0x74, 0x77, 0x6f, 0x2e, 0x64, 0x6e, 0x6f,
    0x6d, 0x0a, 0x74, 0x68, 0x72, 0x65, 0x65, 0x2e, 0x64, 0x6e, 0x6f, 0x6d, 0x09, 0x66, 0x6f, 0x75,
    0x72, 0x2e, 0x64, 0x6e, 0x6f, 0x6d, 0x09, 0x66, 0x69, 0x76, 0x65, 0x2e, 0x64, 0x6e, 0x6f, 0x6d,
    0x08, 0x73, 0x69, 0x78, 0x2e, 0x64, 0x6e, 0x6f, 0x6d, 0x0a, 0x73, 0x65, 0x76, 0x65, 0x6e, 0x2e,
    0x64, 0x6e, 0x6f, 0x6d, 0x0a, 0x65, 0x69, 0x67, 0x68, 0x74, 0x2e, 0x64, 0x6e, 0x6f, 0x6d, 0x09,
    0x6e, 0x69, 0x6e, 0x65, 0x2e, 0x64, 0x6e, 0x6f, 0x6d, 0x09, 0x7a, 0x65, 0x72, 0x6f, 0x2e, 0x6e,
    0x75, 0x6d, 0x72, 0x08, 0x6f, 0x6e, 0x65, 0x2e, 0x6e, 0x75, 0x6d, 0x72, 0x08, 0x74, 0x77, 0x6f,
    0x2e, 0x6e, 0x75, 0x6d, 0x72, 0x0a, 0x74, 0x68, 0x72, 0x65, 0x65, 0x2e, 0x6e, 0x75, 0x6d, 0x72,
    0x09, 0x66, 0x6f, 0x75, 0x72, 0x2e, 0x6e, 0x75, 0x6d, 0x72, 0x09, 0x66, 0x69, 0x76, 0x65, 0x2e,
    0x6e, 0x75, 0x6d, 0x72, 0x08, 0x73, 0x69, 0x78, 0x2e, 0x6e, 0x75, 0x6d, 0x72, 0x0a, 0x73, 0x65,
    0x76, 0x65, 0x6e, 0x2e, 0x6e, 0x75, 0x6d, 0x72, 0x0a, 0x65, 0x69, 0x67, 0x68, 0x74, 0x2e, 0x6e,
    0x75, 0x6d, 0x72, 0x09, 0x6e, 0x69, 0x6e, 0x65, 0x2e, 0x6e, 0x75, 0x6d, 0x72, 0x09, 0x6f, 0x6e,
    0x65, 0x65, 0x69, 0x67, 0x68, 0x74, 0x68, 0x0c, 0x74, 0x68, 0x72, 0x65, 0x65, 0x65, 0x69, 0x67,
    0x68, 0x74, 0x68, 0x73, 0x0b, 0x66, 0x69, 0x76, 0x65, 0x65, 0x69, 0x67, 0x68, 0x74, 0x68, 0x73,
    0x0c, 0x73, 0x65, 0x76, 0x65, 0x6e, 0x65, 0x69, 0x67, 0x68, 0x74, 0x68, 0x73, 0x07, 0x75, 0x6e,
    0x69, 0x32, 0x30, 0x38, 0x30, 0x07, 0x75, 0x6e, 0x69, 0x32, 0x30, 0x38, 0x31, 0x07, 0x75, 0x6e,
    0x69, 0x32, 0x30, 0x38, 0x32, 0x07, 0x75, 0x6e, 0x69, 0x32, 0x30, 0x38, 0x33, 0x07, 0x75, 0x6e,
    0x69, 0x32, 0x30, 0x38, 0x34, 0x07, 0x75, 0x6e, 0x69, 0x32, 0x30, 0x38, 0x35, 0x07, 0x75, 0x6e,
    0x69, 0x32, 0x30, 0x38, 0x36, 0x07, 0x75, 0x6e, 0x69, 0x32, 0x30, 0x38, 0x37, 0x07, 0x75, 0x6e,
    0x69, 0x32, 0x30, 0x38, 0x38, 0x07, 0x75, 0x6e, 0x69, 0x32, 0x30, 0x38, 0x39, 0x07, 0x75, 0x6e,
    0x69, 0x32, 0x30, 0x37, 0x30, 0x07, 0x75, 0x6e, 0x69, 0x30, 0x30, 0x42, 0x39, 0x07, 0x75, 0x6e,
    0x69, 0x30, 0x30, 0x42, 0x32, 0x07, 0x75, 0x6e, 0x69, 0x30, 0x30, 0x42, 0x33, 0x07, 0x75, 0x6e,
    0x69, 0x32, 0x30, 0x37, 0x34, 0x07, 0x75, 0x6e, 0x69, 0x32, 0x30, 0x37, 0x35, 0x07, 0x75, 0x6e,
    0x69, 0x32, 0x30, 0x37, 0x36, 0x07, 0x75, 0x6e, 0x69, 0x32, 0x30, 0x37, 0x37, 0x07, 0x75, 0x6e,
    0x69, 0x32, 0x30, 0x37, 0x38, 0x07, 0x75, 0x6e, 0x69, 0x32, 0x30, 0x37, 0x39, 0x16, 0x70, 0x65,
    0x72, 0x69, 0x6f, 0x64, 0x63, 0x65, 0x6e, 0x74, 0x65, 0x72, 0x65, 0x64, 0x2e, 0x6c, 0x6f, 0x63,
    0x6c, 0x43, 0x41, 0x54, 0x09, 0x70, 0x65, 0x72, 0x69, 0x6f, 0x64, 0x2e, 0x74, 0x66, 0x08, 0x63,
    0x6f, 0x6d, 0x6d, 0x61, 0x2e, 0x74, 0x66, 0x08, 0x63, 0x6f, 0x6c, 0x6f, 0x6e, 0x2e, 0x74, 0x66,
    0x0c, 0x73, 0x65, 0x6d, 0x69, 0x63, 0x6f, 0x6c, 0x6f, 0x6e, 0x2e, 0x74, 0x66, 0x09, 0x65, 0x78,
    0x63, 0x6c, 0x61, 0x6d, 0x2e, 0x74, 0x66, 0x0b, 0x71, 0x75, 0x65, 0x73, 0x74, 0x69, 0x6f, 0x6e,
    0x2e, 0x74, 0x66, 0x0b, 0x61, 0x73, 0x74, 0x65, 0x72, 0x69, 0x73, 0x6b, 0x2e, 0x74, 0x66, 0x0d,
    0x6e, 0x75, 0x6d, 0x62, 0x65, 0x72, 0x73, 0x69, 0x67, 0x6e, 0x2e, 0x74, 0x66, 0x08, 0x73, 0x6c,
    0x61, 0x73, 0x68, 0x2e, 0x74, 0x66, 0x0c, 0x62, 0x61, 0x63, 0x6b, 0x73, 0x6c, 0x61, 0x73, 0x68,
    0x2e, 0x74, 0x66, 0x1b, 0x70, 0x65, 0x72, 0x69, 0x6f, 0x64, 0x63, 0x65, 0x6e, 0x74, 0x65, 0x72,
    0x65, 0x64, 0x2e, 0x6c, 0x6f, 0x63, 0x6c, 0x43, 0x41, 0x54, 0x2e, 0x63, 0x61, 0x73, 0x65, 0x09,
    0x68, 0x79, 0x70, 0x68, 0x65, 0x6e, 0x2e, 0x74, 0x66, 0x0d, 0x75, 0x6e, 0x64, 0x65, 0x72, 0x73,
    0x63, 0x6f, 0x72, 0x65, 0x2e, 0x74, 0x66, 0x0c, 0x70, 0x61, 0x72, 0x65, 0x6e, 0x6c, 0x65, 0x66,
    0x74, 0x2e, 0x74, 0x66, 0x0d, 0x70, 0x61, 0x72, 0x65, 0x6e, 0x72, 0x69, 0x67, 0x68, 0x74, 0x2e,
    0x74, 0x66, 0x0c, 0x62, 0x72, 0x61, 0x63, 0x65, 0x6c, 0x65, 0x66, 0x74, 0x2e, 0x74, 0x66, 0x0d,
    0x62, 0x72, 0x61, 0x63, 0x65, 0x72, 0x69, 0x67, 0x68, 0x74, 0x2e, 0x74, 0x66, 0x0e, 0x62, 0x72,
    0x61, 0x63, 0x6b, 0x65, 0x74, 0x6c, 0x65, 0x66, 0x74, 0x2e, 0x74, 0x66, 0x0f, 0x62, 0x72, 0x61,
    0x63, 0x6b, 0x65, 0x74, 0x72, 0x69, 0x67, 0x68, 0x74, 0x2e, 0x74, 0x66, 0x0b, 0x71, 0x75, 0x6f,
    0x74, 0x65, 0x64, 0x62, 0x6c, 0x2e, 0x74, 0x66, 0x04, 0x45, 0x75, 0x72, 0x6f, 0x07, 0x75, 0x6e,
    0x69, 0x32, 0x30, 0x41, 0x38, 0x07, 0x63, 0x65, 0x6e, 0x74, 0x2e, 0x74, 0x66, 0x0b, 0x63, 0x75,
    0x72, 0x72, 0x65, 0x6e, 0x63, 0x79, 0x2e, 0x74, 0x66, 0x09, 0x64, 0x6f, 0x6c, 0x6c, 0x61, 0x72,
    0x2e, 0x74, 0x66, 0x07, 0x45, 0x75, 0x72, 0x6f, 0x2e, 0x74, 0x66, 0x0a, 0x75, 0x6e, 0x69, 0x32,
    0x30, 0x41, 0x38, 0x2e, 0x74, 0x66, 0x0b, 0x73, 0x74, 0x65, 0x72, 0x6c, 0x69, 0x6e, 0x67, 0x2e,
    0x74, 0x66, 0x06, 0x79, 0x65, 0x6e, 0x2e, 0x74, 0x66, 0x0d, 0x44, 0x69, 0x76, 0x69, 0x73, 0x69,
    0x6f, 0x6e, 0x53, 0x6c, 0x61, 0x73, 0x68, 0x08, 0x65, 0x6d, 0x70, 0x74, 0x79, 0x73, 0x65, 0x74,
    0x07, 0x75, 0x6e, 0x69, 0x30, 0x30, 0x42, 0x35, 0x07, 0x70, 0x6c, 0x75, 0x73, 0x2e, 0x74, 0x66,
    0x08, 0x6d, 0x69, 0x6e, 0x75, 0x73, 0x2e, 0x74, 0x66, 0x0b, 0x6d, 0x75, 0x6c, 0x74, 0x69, 0x70,
    0x6c, 0x79, 0x2e, 0x74, 0x66, 0x09, 0x64, 0x69, 0x76, 0x69, 0x64, 0x65, 0x2e, 0x74, 0x66, 0x08,
    0x65, 0x71, 0x75, 0x61, 0x6c, 0x2e, 0x74, 0x66, 0x0b, 0x6e, 0x6f, 0x74, 0x65, 0x71, 0x75, 0x61,
    0x6c, 0x2e, 0x74, 0x66, 0x0a, 0x67, 0x72, 0x65, 0x61, 0x74, 0x65, 0x72, 0x2e, 0x74, 0x66, 0x07,
    0x6c, 0x65, 0x73, 0x73, 0x2e, 0x74, 0x66, 0x0f, 0x67, 0x72, 0x65, 0x61, 0x74, 0x65, 0x72, 0x65,
    0x71, 0x75, 0x61, 0x6c, 0x2e, 0x74, 0x66, 0x0c, 0x6c, 0x65, 0x73, 0x73, 0x65, 0x71, 0x75, 0x61,
    0x6c, 0x2e, 0x74, 0x66, 0x0c, 0x70, 0x6c, 0x75, 0x73, 0x6d, 0x69, 0x6e, 0x75, 0x73, 0x2e, 0x74,
    0x66, 0x0e, 0x61, 0x70, 0x70, 0x72, 0x6f, 0x78, 0x65, 0x71, 0x75, 0x61, 0x6c, 0x2e, 0x74, 0x66,
    0x0d, 0x61, 0x73, 0x63, 0x69, 0x69, 0x74, 0x69, 0x6c, 0x64, 0x65, 0x2e, 0x74, 0x66, 0x0e, 0x61,
    0x73, 0x63, 0x69, 0x69, 0x63, 0x69, 0x72, 0x63, 0x75, 0x6d, 0x2e, 0x74, 0x66, 0x0a, 0x70, 0x65,
    0x72, 0x63, 0x65, 0x6e, 0x74, 0x2e, 0x74, 0x66, 0x07, 0x75, 0x6e, 0x69, 0x30, 0x33, 0x30, 0x38,
    0x07, 0x75, 0x6e, 0x69, 0x30, 0x33, 0x30, 0x37, 0x09, 0x67, 0x72, 0x61, 0x76, 0x65, 0x63, 0x6f,
    0x6d, 0x62, 0x09, 0x61, 0x63, 0x75, 0x74, 0x65, 0x63, 0x6f, 0x6d, 0x62, 0x07, 0x75, 0x6e, 0x69,
    0x30, 0x33, 0x30, 0x42, 0x0b, 0x75, 0x6e, 0x69, 0x30, 0x33, 0x30, 0x43, 0x2e, 0x61, 0x6c, 0x74,
    0x07, 0x75, 0x6e, 0x69, 0x30, 0x33, 0x30, 0x32, 0x07, 0x75, 0x6e, 0x69, 0x30, 0x33, 0x30, 0x43,
    0x07, 0x75, 0x6e, 0x69, 0x30, 0x33, 0x30, 0x36, 0x07, 0x75, 0x6e, 0x69, 0x30, 0x33, 0x30, 0x41,
    0x09, 0x74, 0x69, 0x6c, 0x64, 0x65, 0x63, 0x6f, 0x6d, 0x62, 0x07, 0x75, 0x6e, 0x69, 0x30, 0x33,
    0x30, 0x34, 0x07, 0x75, 0x6e, 0x69, 0x30, 0x33, 0x31, 0x32, 0x07, 0x75, 0x6e, 0x69, 0x30, 0x33,
    0x32, 0x36, 0x07, 0x75, 0x6e, 0x69, 0x30, 0x33, 0x32, 0x37, 0x07, 0x75, 0x6e, 0x69, 0x30, 0x33,
    0x32, 0x38, 0x00, 0x00, 0x00, 0x01, 0x00, 0x01, 0xff, 0xff, 0x00, 0x0f, 0x00, 0x01, 0x00, 0x02,
    0x00, 0x0e, 0x00, 0x00, 0x00, 0xa2, 0x00, 0x00, 0x00, 0xc2, 0x00, 0x02, 0x00, 0x18, 0x00, 0x0d,
    0x00, 0x0d, 0x00, 0x01, 0x00, 0x0f, 0x00, 0x15, 0x00, 0x01, 0x00, 0x17, 0x00, 0x2b, 0x00, 0x01,
    0x00, 0x2d, 0x00, 0x40, 0x00, 0x01, 0x00, 0x59, 0x00, 0x6a, 0x00, 0x01, 0x00, 0x6c, 0x00, 0x74,
    0x00, 0x01, 0x00, 0x79, 0x00, 0x85, 0x00, 0x01, 0x00, 0x96, 0x00, 0x9f, 0x00, 0x01, 0x00, 0xa1,
    0x00, 0xc0, 0x00, 0x01, 0x00, 0xc2, 0x00, 0xc8, 0x00, 0x01, 0x00, 0xca, 0x00, 0xe1, 0x00, 0x01,
    0x00, 0xe3, 0x00, 0xe8, 0x00, 0x01, 0x00, 0xea, 0x00, 0xf6, 0x00, 0x01, 0x00, 0xf8, 0x01, 0x04,
    0x00, 0x01, 0x01, 0x06, 0x01, 0x0c, 0x00, 0x01, 0x01, 0x0e, 0x01, 0x21, 0x00, 0x01, 0x01, 0x22,
    0x01, 0x23, 0x00, 0x02, 0x01, 0x24, 0x01, 0x25, 0x00, 0x01, 0x01, 0x28, 0x01, 0x28, 0x00, 0x01,
    0x01, 0x93, 0x01, 0x95, 0x00, 0x01, 0x01, 0x9a, 0x01, 0x9a, 0x00, 0x01, 0x01, 0x9f, 0x01, 0x9f,
    0x00, 0x01, 0x01, 0xb5, 0x01, 0xb5, 0x00, 0x01, 0x01, 0xc8, 0x01, 0xd7, 0x00, 0x03, 0x00, 0x08,
    0x00, 0x02, 0x00, 0x10, 0x00, 0x18, 0x00, 0x01, 0x00, 0x02, 0x01, 0x22, 0x01, 0x23, 0x00, 0x01,
    0x00, 0x04, 0x00, 0x01, 0x02, 0xb7, 0x00, 0x01, 0x00, 0x04, 0x00, 0x01, 0x02, 0xa0, 0x00, 0x01,
    0x00, 0x02, 0x00, 0x00, 0x00, 0x0c, 0x00, 0x00, 0x00, 0x14, 0x00, 0x01, 0x00, 0x02, 0x01, 0xd5,
    0x01, 0xd6, 0x00, 0x02, 0x00, 0x02, 0x01, 0xc8, 0x01, 0xcc, 0x00, 0x00, 0x01, 0xce, 0x01, 0xd4,
    0x00, 0x05, 0x00, 0x00, 0x00, 0x01, 0x00, 0x00, 0x00, 0x0a, 0x00, 0x56, 0x00, 0x80, 0x00, 0x02,
    0x44, 0x46, 0x4c, 0x54, 0x00, 0x0e, 0x6c, 0x61, 0x74, 0x6e, 0x00, 0x12, 0x00, 0x32, 0x00, 0x00,
    0x00, 0x2e, 0x00, 0x07, 0x41, 0x5a, 0x45, 0x20, 0x00, 0x2e, 0x43, 0x52, 0x54, 0x20, 0x00, 0x2e,
    0x4b, 0x41, 0x5a, 0x20, 0x00, 0x2e, 0x4d, 0x4f, 0x4c, 0x20, 0x00, 0x2e, 0x52, 0x4f, 0x4d, 0x20,
    0x00, 0x2e, 0x54, 0x41, 0x54, 0x20, 0x00, 0x2e, 0x54, 0x52, 0x4b, 0x20, 0x00, 0x2e, 0x00, 0x00,
    0xff, 0xff, 0x00, 0x03, 0x00, 0x00, 0x00, 0x01, 0x00, 0x02, 0x00, 0x03, 0x6b, 0x65, 0x72, 0x6e,
    0x00, 0x14, 0x6d, 0x61, 0x72, 0x6b, 0x00, 0x1a, 0x6d, 0x6b, 0x6d, 0x6b, 0x00, 0x22, 0x00, 0x00,
    0x00, 0x01, 0x00, 0x00, 0x00, 0x00, 0x00, 0x02, 0x00, 0x01, 0x00, 0x02, 0x00, 0x00, 0x00, 0x02,
    0x00, 0x03, 0x00, 0x04, 0x00, 0x05, 0x00, 0x0c, 0x0c, 0xce, 0x1b, 0x2a, 0x1b, 0xce, 0x1c, 0x14,
    0x00, 0x02, 0x00, 0x08, 0x00, 0x02, 0x00, 0x0a, 0x07, 0x44, 0x00, 0x01, 0x00, 0xe8, 0x00, 0x04,
    0x00, 0x00, 0x00, 0x6f, 0x07, 0x04, 0x01, 0xb8, 0x07, 0x0a, 0x07, 0x10, 0x01, 0xe6, 0x02, 0x48,
    0x02, 0x52, 0x02, 0x7c, 0x02, 0x82, 0x02, 0x90, 0x02, 0xba, 0x07, 0x16, 0x02, 0xe4, 0x03, 0x0e,
    0x07, 0x1c, 0x07, 0x26, 0x03, 0x3c, 0x03, 0x52, 0x03, 0x7c, 0x07, 0x34, 0x03, 0xda, 0x04, 0x04,
    0x04, 0x62, 0x06, 0x54, 0x04, 0x8c, 0x04, 0xa2, 0x06, 0x66, 0x06, 0x7c, 0x04, 0xc4, 0x04, 0xda,
    0x06, 0x86, 0x04, 0xf0, 0x06, 0xb4, 0x06, 0x2a, 0x06, 0xc6, 0x07, 0x04, 0x07, 0x10, 0x07, 0x16,
    0x06, 0x54, 0x07, 0x04, 0x07, 0x10, 0x07, 0x16, 0x06, 0x54, 0x06, 0x7c, 0x06, 0x7c, 0x07, 0x04,
    0x07, 0x10, 0x07, 0x16, 0x06, 0x54, 0x06, 0x7c, 0x07, 0x04, 0x07, 0x10, 0x07, 0x16, 0x06, 0x54,
    0x06, 0x7c, 0x07, 0x04, 0x07, 0x16, 0x06, 0x54, 0x06, 0x7c, 0x06, 0x54, 0x06, 0x54, 0x06, 0x54,
    0x06, 0x54, 0x06, 0x54, 0x06, 0x66, 0x06, 0x66, 0x06, 0x66, 0x06, 0x66, 0x06, 0x7c, 0x06, 0x7c,
    0x06, 0x7c, 0x06, 0x7c, 0x06, 0x86, 0x06, 0x86, 0x06, 0x86, 0x06, 0x86, 0x06, 0xb4, 0x06, 0xb4,
    0x06, 0xb4, 0x06, 0xb4, 0x06, 0xc6, 0x06, 0xc6, 0x06, 0xc6, 0x06, 0xc6, 0x07, 0x04, 0x07, 0x04,
    0x07, 0x04, 0x07, 0x04, 0x07, 0x0a, 0x07, 0x0a, 0x07, 0x0a, 0x07, 0x0a, 0x07, 0x10, 0x07, 0x10,
    0x07, 0x10, 0x07, 0x10, 0x07, 0x16, 0x07, 0x16, 0x07, 0x16, 0x07, 0x16, 0x07, 0x1c, 0x07, 0x1c,
    0x07, 0x1c, 0x07, 0x26, 0x07, 0x26, 0x07, 0x26, 0x07, 0x26, 0x07, 0x34, 0x07, 0x34, 0x07, 0x34,
    0x07, 0x34, 0x00, 0x02, 0x00, 0x22, 0x00, 0x0d, 0x00, 0x0f, 0x00, 0x00, 0x00, 0x11, 0x00, 0x14,
    0x00, 0x03, 0x00, 0x16, 0x00, 0x17, 0x00, 0x07, 0x00, 0x19, 0x00, 0x27, 0x00, 0x09, 0x00, 0x2a,
    0x00, 0x2a, 0x00, 0x18, 0x00, 0x2c, 0x00, 0x2c, 0x00, 0x19, 0x00, 0x32, 0x00, 0x32, 0x00, 0x1a,
    0x00, 0x35, 0x00, 0x35, 0x00, 0x1b, 0x00, 0x37, 0x00, 0x37, 0x00, 0x1c, 0x00, 0x39, 0x00, 0x3a,
    0x00, 0x1d, 0x00, 0x3c, 0x00, 0x3f, 0x00, 0x1f, 0x00, 0x59, 0x00, 0x5c, 0x00, 0x23, 0x00, 0x5f,
    0x00, 0x61, 0x00, 0x27, 0x00, 0x63, 0x00, 0x63, 0x00, 0x2a, 0x00, 0x67, 0x00, 0x68, 0x00, 0x2b,
    0x00, 0x6c, 0x00, 0x6e, 0x00, 0x2d, 0x00, 0x70, 0x00, 0x70, 0x00, 0x30, 0x00, 0x73, 0x00, 0x73,
    0x00, 0x31, 0x00, 0x79, 0x00, 0x7b, 0x00, 0x32, 0x00, 0x7d, 0x00, 0x7d, 0x00, 0x35, 0x00, 0x80,
    0x00, 0x80, 0x00, 0x36, 0x00, 0x96, 0x00, 0x96, 0x00, 0x37, 0x00, 0x98, 0x00, 0x99, 0x00, 0x38,
    0x00, 0x9b, 0x00, 0xa0, 0x00, 0x3a, 0x00, 0xb5, 0x00, 0xb8, 0x00, 0x40, 0x00, 0xbd, 0x00, 0xc0,
    0x00, 0x44, 0x00, 0xca, 0x00, 0xcd, 0x00, 0x48, 0x00, 0xd3, 0x00, 0xda, 0x00, 0x4c, 0x00, 0xde,
    0x00, 0xe1, 0x00, 0x54, 0x00, 0xe3, 0x00, 0xe6, 0x00, 0x58, 0x00, 0xea, 0x00, 0xed, 0x00, 0x5c,
    0x01, 0x01, 0x01, 0x04, 0x00, 0x60, 0x01, 0x06, 0x01, 0x0c, 0x00, 0x64, 0x01, 0x17, 0x01, 0x1a,
    0x00, 0x6b, 0x00, 0x0b, 0x00, 0x3a, 0xff, 0xc8, 0x00, 0x3c, 0xff, 0xb4, 0x00, 0x3f, 0xff, 0xc0,
    0x00, 0xca, 0xff, 0xc8, 0x00, 0xcb, 0xff, 0xc8, 0x00, 0xcc, 0xff, 0xc8, 0x00, 0xcd, 0xff, 0xc8,
    0x00, 0xd7, 0xff, 0xc0, 0x00, 0xd8, 0xff, 0xc0, 0x00, 0xd9, 0xff, 0xc0, 0x00, 0xda, 0xff, 0xc0,
    0x00, 0x18, 0x00, 0x0f, 0xff, 0xf0, 0x00, 0x13, 0xff, 0xe0, 0x00, 0x16, 0xff, 0xf0, 0x00, 0x1f,
    0xff, 0xe8, 0x00, 0x27, 0xff, 0xd8, 0x00, 0x30, 0xff, 0xa6, 0x00, 0x5c, 0xff, 0xd8, 0x00, 0x63,
    0xff, 0xd8, 0x00, 0x70, 0xff, 0xd8, 0x00, 0x7d, 0xff, 0xd8, 0x00, 0x99, 0xff, 0xd8, 0x00, 0x9c,
    0xff, 0xd8, 0x00, 0x9d, 0xff, 0xd8, 0x00, 0x9e, 0xff, 0xd8, 0x00, 0x9f, 0xff, 0xd8, 0x00, 0xa0,
    0xff, 0xd8, 0x00, 0xe3, 0xff, 0xf0, 0x00, 0xe4, 0xff, 0xf0, 0x00, 0xe5, 0xff, 0xf0, 0x00, 0xe6,
    0xff, 0xf0, 0x01, 0x09, 0xff, 0xe8, 0x01, 0x0a, 0xff, 0xe8, 0x01, 0x0b, 0xff, 0xe8, 0x01, 0x0c,
    0xff, 0xe8, 0x00, 0x02, 0x00, 0x16, 0x00, 0x92, 0x00, 0x25, 0x00, 0x10, 0x00, 0x0a, 0x00, 0x3a,
    0xff, 0xe0, 0x00, 0x3f, 0xff, 0xb0, 0x00, 0xca, 0xff, 0xe0, 0x00, 0xcb, 0xff, 0xe0, 0x00, 0xcc,
    0xff, 0xe0, 0x00, 0xcd, 0xff, 0xe0, 0x00, 0xd7, 0xff, 0xb0, 0x00, 0xd8, 0xff, 0xb0, 0x00, 0xd9,
    0xff, 0xb0, 0x00, 0xda, 0xff, 0xb0, 0x00, 0x01, 0x00, 0x12, 0xff, 0xd8, 0x00, 0x03, 0x00, 0x12,
    0xff, 0xf0, 0x00, 0x16, 0xff, 0xf8, 0x00, 0x25, 0xff, 0xf0, 0x00, 0x0a, 0x00, 0x3a, 0xff, 0xda,
    0x00, 0x3f, 0xff, 0xbe, 0x00, 0xca, 0xff, 0xda, 0x00, 0xcb, 0xff, 0xda, 0x00, 0xcc, 0xff, 0xda,
    0x00, 0xcd, 0xff, 0xda, 0x00, 0xd7, 0xff, 0xbe, 0x00, 0xd8, 0xff, 0xbe, 0x00, 0xd9, 0xff, 0xbe,
    0x00, 0xda, 0xff, 0xbe, 0x00, 0x0a, 0x00, 0x3a, 0xff, 0xba, 0x00, 0x3f, 0xff, 0xbe, 0x00, 0xca,
    0xff, 0xba, 0x00, 0xcb, 0xff, 0xba, 0x00, 0xcc, 0xff, 0xba, 0x00, 0xcd, 0xff, 0xba, 0x00, 0xd7,
    0xff, 0xbe, 0x00, 0xd8, 0xff, 0xbe, 0x00, 0xd9, 0xff, 0xbe, 0x00, 0xda, 0xff, 0xbe, 0x00, 0x0a,
    0x00, 0x3a, 0xff, 0x82, 0x00, 0x3f, 0xff, 0xb8, 0x00, 0xca, 0xff, 0x82, 0x00, 0xcb, 0xff, 0x82,
    0x00, 0xcc, 0xff, 0x82, 0x00, 0xcd, 0xff, 0x82, 0x00, 0xd7, 0xff, 0xb8, 0x00, 0xd8, 0xff, 0xb8,
    0x00, 0xd9, 0xff, 0xb8, 0x00, 0xda, 0xff, 0xb8, 0x00, 0x0b, 0x00, 0x16, 0x00, 0x9a, 0x00, 0x3a,
    0xff, 0x7a, 0x00, 0x3f, 0xff, 0xa6, 0x00, 0xca, 0xff, 0x7a, 0x00, 0xcb, 0xff, 0x7a, 0x00, 0xcc,
    0xff, 0x7a, 0x00, 0xcd, 0xff, 0x7a, 0x00, 0xd7, 0xff, 0xa6, 0x00, 0xd8, 0xff, 0xa6, 0x00, 0xd9,
    0xff, 0xa6, 0x00, 0xda, 0xff, 0xa6, 0x00, 0x05, 0x00, 0x3f, 0xff, 0xa0, 0x00, 0xd7, 0xff, 0xa0,
    0x00, 0xd8, 0xff, 0xa0, 0x00, 0xd9, 0xff, 0xa0, 0x00, 0xda, 0xff, 0xa0, 0x00, 0x0a, 0x00, 0x3a,
    0xff, 0x96, 0x00, 0x3f, 0xff, 0x9e, 0x00, 0xca, 0xff, 0x96, 0x00, 0xcb, 0xff, 0x96, 0x00, 0xcc,
    0xff, 0x96, 0x00, 0xcd, 0xff, 0x96, 0x00, 0xd7, 0xff, 0x9e, 0x00, 0xd8, 0xff, 0x9e, 0x00, 0xd9,
    0xff, 0x9e, 0x00, 0xda, 0xff, 0x9e, 0x00, 0x17, 0x00, 0x13, 0xff, 0xf8, 0x00, 0x27, 0xff, 0xd0,
    0x00, 0x30, 0xff, 0xa6, 0x00, 0x3a, 0xff, 0x9e, 0x00, 0x3f, 0xff, 0x98, 0x00, 0x5c, 0xff, 0xd0,
    0x00, 0x63, 0xff, 0xd0, 0x00, 0x70, 0xff, 0xd0, 0x00, 0x7d, 0xff, 0xd0, 0x00, 0x99, 0xff, 0xd0,
    0x00, 0x9c, 0xff, 0xd0, 0x00, 0x9d, 0xff, 0xd0, 0x00, 0x9e, 0xff, 0xd0, 0x00, 0x9f, 0xff, 0xd0,
    0x00, 0xa0, 0xff, 0xd0, 0x00, 0xca, 0xff, 0x9e, 0x00, 0xcb, 0xff, 0x9e, 0x00, 0xcc, 0xff, 0x9e,
    0x00, 0xcd, 0xff, 0x9e, 0x00, 0xd7, 0xff, 0x98, 0x00, 0xd8, 0xff, 0x98, 0x00, 0xd9, 0xff, 0x98,
    0x00, 0xda, 0xff, 0x98, 0x00, 0x0a, 0x00, 0x3a, 0xff, 0xbe, 0x00, 0x3f, 0xff, 0x9e, 0x00, 0xca,
    0xff, 0xbe, 0x00, 0xcb, 0xff, 0xbe, 0x00, 0xcc, 0xff, 0xbe, 0x00, 0xcd, 0xff, 0xbe, 0x00, 0xd7,
    0xff, 0x9e, 0x00, 0xd8, 0xff, 0x9e, 0x00, 0xd9, 0xff, 0x9e, 0x00, 0xda, 0xff, 0x9e, 0x00, 0x17,
    0x00, 0x13, 0xff, 0xf8, 0x00, 0x27, 0xff, 0xe8, 0x00, 0x30, 0xff, 0xd0, 0x00, 0x3a, 0xff, 0xae,
    0x00, 0x3f, 0xff, 0xc0, 0x00, 0x5c, 0xff, 0xe8, 0x00, 0x63, 0xff, 0xe8, 0x00, 0x70, 0xff, 0xe8,
    0x00, 0x7d, 0xff, 0xe8, 0x00, 0x99, 0xff, 0xe8, 0x00, 0x9c, 0xff, 0xe8, 0x00, 0x9d, 0xff, 0xe8,
    0x00, 0x9e, 0xff, 0xe8, 0x00, 0x9f, 0xff, 0xe8, 0x00, 0xa0, 0xff, 0xe8, 0x00, 0xca, 0xff, 0xae,
    0x00, 0xcb, 0xff, 0xae, 0x00, 0xcc, 0xff, 0xae, 0x00, 0xcd, 0xff, 0xae, 0x00, 0xd7, 0xff, 0xc0,
    0x00, 0xd8, 0xff, 0xc0, 0x00, 0xd9, 0xff, 0xc0, 0x00, 0xda, 0xff, 0xc0, 0x00, 0x0a, 0x00, 0x3a,
    0xff, 0xe8, 0x00, 0x3f, 0xff, 0xbe, 0x00, 0xca, 0xff, 0xe8, 0x00, 0xcb, 0xff, 0xe8, 0x00, 0xcc,
    0xff, 0xe8, 0x00, 0xcd, 0xff, 0xe8, 0x00, 0xd7, 0xff, 0xbe, 0x00, 0xd8, 0xff, 0xbe, 0x00, 0xd9,
    0xff, 0xbe, 0x00, 0xda, 0xff, 0xbe, 0x00, 0x05, 0x00, 0x3f, 0xff, 0xb8, 0x00, 0xd7, 0xff, 0xb8,
    0x00, 0xd8, 0xff, 0xb8, 0x00, 0xd9, 0xff, 0xb8, 0x00, 0xda, 0xff, 0xb8, 0x00, 0x08, 0x00, 0x13,
    0xff, 0xb0, 0x00, 0x1d, 0xff, 0xc0, 0x00, 0x22, 0xff, 0xc8, 0x00, 0x24, 0xff, 0xc0, 0x00, 0x25,
    0xff, 0xc0, 0x00, 0x26, 0xff, 0xd0, 0x00, 0x3c, 0x00, 0x00, 0x00, 0x3e, 0xff, 0xf0, 0x00, 0x05,
    0x00, 0x3f, 0xff, 0xd8, 0x00, 0xd7, 0xff, 0xd8, 0x00, 0xd8, 0xff, 0xd8, 0x00, 0xd9, 0xff, 0xd8,
    0x00, 0xda, 0xff, 0xd8, 0x00, 0x05, 0x00, 0x3f, 0xff, 0xc8, 0x00, 0xd7, 0xff, 0xc8, 0x00, 0xd8,
    0xff, 0xc8, 0x00, 0xd9, 0xff, 0xc8, 0x00, 0xda, 0xff, 0xc8, 0x00, 0x4e, 0x00, 0x0d, 0xff, 0xb0,
    0x00, 0x0f, 0xff, 0xb0, 0x00, 0x10, 0xff, 0xb0, 0x00, 0x11, 0xff, 0xb0, 0x00, 0x12, 0xff, 0xa6,
    0x00, 0x13, 0xff, 0x9e, 0x00, 0x1b, 0xff, 0xb0, 0x00, 0x1d, 0xff, 0xb4, 0x00, 0x1e, 0xff, 0xc0,
    0x00, 0x1f, 0xff, 0xb0, 0x00, 0x27, 0xff, 0xb0, 0x00, 0x29, 0xff, 0xe0, 0x00, 0x30, 0xff, 0x66,
    0x00, 0x35, 0xff, 0xe0, 0x00, 0x59, 0xff, 0xb0, 0x00, 0x5a, 0xff, 0xb0, 0x00, 0x5b, 0xff, 0xb0,
    0x00, 0x5c, 0xff, 0xb0, 0x00, 0x5f, 0xff, 0xb0, 0x00, 0x60, 0xff, 0xb0, 0x00, 0x61, 0xff, 0xb0,
    0x00, 0x63, 0xff, 0xb0, 0x00, 0x67, 0xff, 0xe0, 0x00, 0x68, 0xff, 0xe0, 0x00, 0x6c, 0xff, 0xb0,
    0x00, 0x6d, 0xff, 0xb0, 0x00, 0x6e, 0xff, 0xb0, 0x00, 0x70, 0xff, 0xb0, 0x00, 0x73, 0xff, 0xe0,
    0x00, 0x79, 0xff, 0xb0, 0x00, 0x7a, 0xff, 0xb0, 0x00, 0x7b, 0xff, 0xb0, 0x00, 0x7d, 0xff, 0xb0,
    0x00, 0x80, 0xff, 0xe0, 0x00, 0x96, 0xff, 0xb0, 0x00, 0x98, 0xff, 0xb0, 0x00, 0x99, 0xff, 0xb0,
    0x00, 0x9b, 0xff, 0xe0, 0x00, 0x9c, 0xff, 0xb0, 0x00, 0x9d, 0xff, 0xb0, 0x00, 0x9e, 0xff, 0xb0,
    0x00, 0x9f, 0xff, 0xb0, 0x00, 0xa0, 0xff, 0xb0, 0x00, 0xa1, 0xff, 0xe0, 0x00, 0xa2, 0xff, 0xe0,
    0x00, 0xa3, 0xff, 0xe0, 0x00, 0xa4, 0xff, 0xe0, 0x00, 0xbd, 0xff, 0xe0, 0x00, 0xbe, 0xff, 0xe0,
    0x00, 0xbf, 0xff, 0xe0, 0x00, 0xc0, 0xff, 0xe0, 0x00, 0xde, 0xff, 0xb0, 0x00, 0xdf, 0xff, 0xb0,
    0x00, 0xe0, 0xff, 0xb0, 0x00, 0xe1, 0xff, 0xb0, 0x00, 0xe2, 0xff, 0xb0, 0x00, 0xe3, 0xff, 0xb0,
    0x00, 0xe4, 0xff, 0xb0, 0x00, 0xe5, 0xff, 0xb0, 0x00, 0xe6, 0xff, 0xb0, 0x00, 0xe7, 0xff, 0xb0,
    0x00, 0xe8, 0xff, 0xb0, 0x00, 0xe9, 0xff, 0xb0, 0x00, 0xea, 0xff, 0xb0, 0x00, 0xeb, 0xff, 0xb0,
    0x00, 0xec, 0xff, 0xb0, 0x00, 0xed, 0xff, 0xb0, 0x01, 0x01, 0xff, 0xb0, 0x01, 0x02, 0xff, 0xb0,
    0x01, 0x03, 0xff, 0xb0, 0x01, 0x04, 0xff, 0xb0, 0x01, 0x06, 0xff, 0xc0, 0x01, 0x07, 0xff, 0xc0,
    0x01, 0x08, 0xff, 0xc0, 0x01, 0x09, 0xff, 0xb0, 0x01, 0x0a, 0xff, 0xb0, 0x01, 0x0b, 0xff, 0xb0,
    0x01, 0x0c, 0xff, 0xb0, 0x00, 0x0a, 0x00, 0x35, 0xff, 0xd0, 0x00, 0x67, 0xff, 0xd0, 0x00, 0x68,
    0xff, 0xd0, 0x00, 0x73, 0xff, 0xd0, 0x00, 0x80, 0xff, 0xd0, 0x00, 0x9b, 0xff, 0xd0, 0x00, 0xbd,
    0xff, 0xd0, 0x00, 0xbe, 0xff, 0xd0, 0x00, 0xbf, 0xff, 0xd0, 0x00, 0xc0, 0xff, 0xd0, 0x00, 0x04,
    0x00, 0x12, 0xff, 0xe8, 0x00, 0x22, 0xff, 0xd8, 0x00, 0x25, 0xff, 0xc0, 0x00, 0x3c, 0xff, 0xc0,
    0x00, 0x05, 0x00, 0x22, 0xff, 0xd0, 0x00, 0x25, 0xff, 0xc0, 0x00, 0x30, 0x00, 0x10, 0x00, 0x3c,
    0xff, 0x98, 0x01, 0x7e, 0xfe, 0xd4, 0x00, 0x02, 0x00, 0x3c, 0xff, 0xe0, 0x00, 0x3e, 0xff, 0xd0,
    0x00, 0x0b, 0x00, 0x12, 0xff, 0x8e, 0x00, 0x13, 0xff, 0x5a, 0x00, 0x19, 0xff, 0x5a, 0x00, 0x1a,
    0xff, 0x5a, 0x00, 0x1c, 0xff, 0x5a, 0x00, 0x1d, 0xff, 0x5a, 0x00, 0x22, 0xff, 0x6e, 0x00, 0x24,
    0xff, 0x7e, 0x00, 0x25, 0xff, 0x5e, 0x00, 0x26, 0xff, 0x78, 0x00, 0x30, 0xff, 0x66, 0x00, 0x04,
    0x00, 0x12, 0xff, 0xa6, 0x00, 0x13, 0xff, 0x9e, 0x00, 0x1d, 0xff, 0xb0, 0x00, 0x30, 0xff, 0x66,
    0x00, 0x0f, 0x00, 0x12, 0xff, 0x76, 0x00, 0x13, 0xff, 0x5e, 0x00, 0x19, 0xff, 0x5e, 0x00, 0x1a,
    0xff, 0x5e, 0x00, 0x1c, 0xff, 0x5e, 0x00, 0x1d, 0xff, 0x5e, 0x00, 0x20, 0xff, 0xa0, 0x00, 0x22,
    0xff, 0x98, 0x00, 0x24, 0xff, 0x8e, 0x00, 0x25, 0xff, 0x7e, 0x00, 0x26, 0xff, 0x5e, 0x00, 0x2e,
    0xff, 0xe0, 0x00, 0x30, 0xff, 0x36, 0x00, 0x37, 0xff, 0xd8, 0x00, 0x39, 0xff, 0xc0, 0x00, 0x01,
    0x00, 0x3c, 0xff, 0xa0, 0x00, 0x01, 0x00, 0x3c, 0xff, 0xc0, 0x00, 0x01, 0x00, 0x3c, 0xff, 0xd0,
    0x00, 0x01, 0x00, 0x3c, 0xff, 0xb0, 0x00, 0x02, 0x00, 0x13, 0xff, 0xf0, 0x00, 0x30, 0xff, 0xa6,
    0x00, 0x03, 0x00, 0x12, 0xff, 0xd8, 0x00, 0x25, 0xff, 0xe0, 0x00, 0x3c, 0xff, 0xc0, 0x00, 0x01,
    0x00, 0x30, 0xff, 0xbe, 0x00, 0x02, 0x02, 0x30, 0x00, 0x04, 0x00, 0x00, 0x02, 0xee, 0x04, 0x06,
    0x00, 0x10, 0x00, 0x11, 0x00, 0x00, 0x00, 0x00, 0x00, 0x00, 0x00, 0x00, 0x00, 0x00, 0x00, 0x00,
    0x00, 0x00, 0x00, 0x00, 0x00, 0x00, 0xff, 0xa6, 0xff, 0xc0, 0xff, 0xc8, 0x00, 0x00, 0x00, 0x00,
    0xff, 0xd0, 0x00, 0x00, 0x00, 0x00, 0x00, 0x00, 0x00, 0x00, 0x00, 0x00, 0x00, 0x00, 0x00, 0x00,
    0x00, 0x00, 0x00, 0x00, 0x00, 0x00, 0x00, 0x00, 0x00, 0x00, 0x00, 0x00, 0xff, 0xd8, 0x00, 0x00,
    0x00, 0x00, 0x00, 0x00, 0x00, 0x00, 0x00, 0x00, 0x00, 0x00, 0x00, 0x00, 0x00, 0x00, 0x00, 0x00,
    0x00, 0x00, 0x00, 0x00, 0x00, 0x00, 0x00, 0x00, 0x00, 0x00, 0xff, 0x5e, 0xff, 0xc0, 0xff, 0x8e,
    0x00, 0x00, 0x00, 0x00, 0x00, 0x00, 0x00, 0x00, 0x00, 0x00, 0x00, 0x00, 0x00, 0x00, 0x00, 0x00,
    0x00, 0x00, 0x00, 0x00, 0x00, 0x00, 0x00, 0x00, 0x00, 0x00, 0x00, 0x00, 0xff, 0x6a, 0xff, 0xb0,
    0xff, 0x5e, 0x00, 0x00, 0x00, 0x00, 0x00, 0x00, 0x00, 0x00, 0x00, 0x00, 0x00, 0x00, 0x00, 0x00,
    0x00, 0x00, 0x00, 0x00, 0x00, 0x00, 0x00, 0x00, 0x00, 0x00, 0x00, 0x00, 0x00, 0x00, 0xff, 0x92,
    0x00, 0x00, 0xff, 0xb4, 0x00, 0x00, 0x00, 0x00, 0x00, 0x00, 0x00, 0x00, 0x00, 0x00, 0x00, 0x00,
    0x00, 0x00, 0x00, 0x00, 0x00, 0x00, 0x00, 0x00, 0x00, 0x00, 0x00, 0x00, 0x00, 0x00, 0x00, 0x00,
    0xff, 0x88, 0xff, 0x9c, 0xff, 0x66, 0x00, 0x00, 0x00, 0x00, 0xff, 0xd0, 0x00, 0x00, 0x00, 0x00,
    0x00, 0x00, 0xff, 0xa6, 0xff, 0x42, 0x00, 0x00, 0x00, 0x00, 0xff, 0x4a, 0xff, 0x5a, 0xff, 0x5a,
    0x00, 0x00, 0x00, 0x00, 0x00, 0x00, 0x00, 0x00, 0xff, 0x5a, 0xff, 0x3e, 0xff, 0xc9, 0xff, 0x4a,
    0xff, 0x56, 0x00, 0x00, 0xff, 0xb0, 0xff, 0xb0, 0x00, 0x00, 0x00, 0x00, 0xff, 0xb0, 0xff, 0xc0,
    0xff, 0xb0, 0x00, 0x00, 0x00, 0x00, 0x00, 0x00, 0x00, 0x00, 0xff, 0xb0, 0xff, 0xa6, 0x00, 0x00,
    0xff, 0xb0, 0xff, 0xb0, 0x00, 0x00, 0xff, 0x66, 0xff, 0x6e, 0xff, 0xd8, 0x00, 0x00, 0xff, 0x5e,
    0xff, 0x56, 0xff, 0x5e, 0xff, 0xc0, 0x00, 0x00, 0x00, 0x00, 0x00, 0x00, 0xff, 0x5e, 0xff, 0x5e,
    0xff, 0x98, 0xff, 0x5e, 0xff, 0x5e, 0x00, 0x00, 0x00, 0x00, 0x00, 0x00, 0x00, 0x00, 0x00, 0x00,
    0x00, 0x00, 0x00, 0x00, 0x00, 0x00, 0x00, 0x00, 0xff, 0x92, 0x00, 0x00, 0xff, 0xb0, 0x00, 0x00,
    0x00, 0x00, 0x00, 0x00, 0x00, 0x00, 0x00, 0x00, 0x00, 0x00, 0x00, 0x00, 0x00, 0x00, 0x00, 0x00,
    0x00, 0x00, 0x00, 0x00, 0x00, 0x00, 0x00, 0x00, 0x00, 0x00, 0xff, 0x5e, 0xff, 0xb8, 0xff, 0x7e,
    0x00, 0x00, 0x00, 0x00, 0x00, 0x00, 0x00, 0x00, 0x00, 0x00, 0x00, 0x00, 0xff, 0xc0, 0x00, 0x00,
    0x00, 0x00, 0x00, 0x00, 0x00, 0x00, 0x00, 0x00, 0x00, 0x00, 0x00, 0x00, 0xff, 0xc8, 0x00, 0x00,
    0xff, 0xc8, 0x00, 0x00, 0x00, 0x00, 0x00, 0x00, 0x00, 0x00, 0x00, 0x00, 0x00, 0x00, 0x00, 0x00,
    0x00, 0x00, 0x00, 0x00, 0x00, 0x00, 0x00, 0x00, 0x00, 0x00, 0x00, 0x00, 0x00, 0x00, 0xff, 0xce,
    0x00, 0x00, 0x00, 0x00, 0x00, 0x00, 0x00, 0x00, 0x00, 0x00, 0x00, 0x00, 0x00, 0x00, 0x00, 0x00,
    0x00, 0x00, 0x00, 0x00, 0x00, 0x00, 0x00, 0x18, 0x00, 0x00, 0x00, 0x00, 0x00, 0x00, 0x00, 0x00,
    0x00, 0x00, 0x00, 0x00, 0x00, 0x00, 0x00, 0x00, 0x00, 0x00, 0x00, 0x00, 0x00, 0x00, 0x00, 0x00,
    0x00, 0x00, 0xff, 0x7e, 0xff, 0xd0, 0x00, 0x00, 0x00, 0x00, 0xff, 0xc0, 0xff, 0xd0, 0xff, 0xc0,
    0x00, 0x00, 0x00, 0x00, 0xff, 0xf8, 0xff, 0xf8, 0xff, 0xc0, 0x00, 0x00, 0xff, 0xb8, 0xff, 0xd0,
    0x00, 0x00, 0x00, 0x00, 0xff, 0xae, 0x00, 0x00, 0x00, 0x00, 0x00, 0x00, 0x00, 0x00, 0x00, 0x00,
    0x00, 0x00, 0x00, 0x00, 0x00, 0x00, 0x00, 0x00, 0x00, 0x00, 0x00, 0x00, 0x00, 0x00, 0x00, 0x00,
    0x00, 0x00, 0x00, 0x00, 0x00, 0x01, 0x00, 0x5d, 0x00, 0x0d, 0x00, 0x0f, 0x00, 0x11, 0x00, 0x1b,
    0x00, 0x1e, 0x00, 0x1f, 0x00, 0x23, 0x00, 0x27, 0x00, 0x2c, 0x00, 0x32, 0x00, 0x35, 0x00, 0x36,
    0x00, 0x3a, 0x00, 0x3d, 0x00, 0x3f, 0x00, 0x59, 0x00, 0x5a, 0x00, 0x5b, 0x00, 0x5c, 0x00, 0x5f,
    0x00, 0x60, 0x00, 0x61, 0x00, 0x63, 0x00, 0x67, 0x00, 0x68, 0x00, 0x6c, 0x00, 0x6d, 0x00, 0x6e,
    0x00, 0x70, 0x00, 0x73, 0x00, 0x79, 0x00, 0x7a, 0x00, 0x7b, 0x00, 0x7d, 0x00, 0x80, 0x00, 0x96,
    0x00, 0x98, 0x00, 0x99, 0x00, 0x9b, 0x00, 0x9c, 0x00, 0x9d, 0x00, 0x9e, 0x00, 0x9f, 0x00, 0xa0,
    0x00, 0xb5, 0x00, 0xb6, 0x00, 0xb7, 0x00, 0xb8, 0x00, 0xbd, 0x00, 0xbe, 0x00, 0xbf, 0x00, 0xc0,
    0x00, 0xca, 0x00, 0xcb, 0x00, 0xcc, 0x00, 0xcd, 0x00, 0xd3, 0x00, 0xd4, 0x00, 0xd5, 0x00, 0xd6,
    0x00, 0xd7, 0x00, 0xd8, 0x00, 0xd9, 0x00, 0xda, 0x00, 0xde, 0x00, 0xdf, 0x00, 0xe0, 0x00, 0xe1,
    0x00, 0xe3, 0x00, 0xe4, 0x00, 0xe5, 0x00, 0xe6, 0x00, 0xe7, 0x00, 0xea, 0x00, 0xeb, 0x00, 0xec,
    0x00, 0xed, 0x00, 0xfa, 0x01, 0x01, 0x01, 0x02, 0x01, 0x03, 0x01, 0x04, 0x01, 0x06, 0x01, 0x07,
    0x01, 0x08, 0x01, 0x09, 0x01, 0x0a, 0x01, 0x0b, 0x01, 0x0c, 0x01, 0x17, 0x01, 0x18, 0x01, 0x19,
    0x01, 0x1a, 0x00, 0x02, 0x00, 0x2e, 0x00, 0x0d, 0x00, 0x0d, 0x00, 0x02, 0x00, 0x0f, 0x00, 0x0f,
    0x00, 0x09, 0x00, 0x11, 0x00, 0x11, 0x00, 0x04, 0x00, 0x1b, 0x00, 0x1b, 0x00, 0x03, 0x00, 0x1e,
    0x00, 0x1e, 0x00, 0x0c, 0x00, 0x1f, 0x00, 0x1f, 0x00, 0x0a, 0x00, 0x23, 0x00, 0x23, 0x00, 0x0b,
    0x00, 0x2c, 0x00, 0x2c, 0x00, 0x0e, 0x00, 0x32, 0x00, 0x32, 0x00, 0x05, 0x00, 0x35, 0x00, 0x35,
    0x00, 0x01, 0x00, 0x36, 0x00, 0x36, 0x00, 0x0f, 0x00, 0x3a, 0x00, 0x3a, 0x00, 0x06, 0x00, 0x3d,
    0x00, 0x3d, 0x00, 0x07, 0x00, 0x3f, 0x00, 0x3f, 0x00, 0x08, 0x00, 0x59, 0x00, 0x59, 0x00, 0x02,
    0x00, 0x5a, 0x00, 0x5a, 0x00, 0x04, 0x00, 0x5b, 0x00, 0x5b, 0x00, 0x03, 0x00, 0x5f, 0x00, 0x5f,
    0x00, 0x02, 0x00, 0x60, 0x00, 0x60, 0x00, 0x04, 0x00, 0x61, 0x00, 0x61, 0x00, 0x03, 0x00, 0x67,
    0x00, 0x68, 0x00, 0x01, 0x00, 0x6c, 0x00, 0x6c, 0x00, 0x02, 0x00, 0x6d, 0x00, 0x6d, 0x00, 0x04,
    0x00, 0x6e, 0x00, 0x6e, 0x00, 0x03, 0x00, 0x73, 0x00, 0x73, 0x00, 0x01, 0x00, 0x79, 0x00, 0x79,
    0x00, 0x02, 0x00, 0x7a, 0x00, 0x7a, 0x00, 0x04, 0x00, 0x7b, 0x00, 0x7b, 0x00, 0x03, 0x00, 0x80,
    0x00, 0x80, 0x00, 0x01, 0x00, 0x96, 0x00, 0x96, 0x00, 0x02, 0x00, 0x98, 0x00, 0x98, 0x00, 0x03,
    0x00, 0x9b, 0x00, 0x9b, 0x00, 0x01, 0x00, 0xb5, 0x00, 0xb8, 0x00, 0x05, 0x00, 0xbd, 0x00, 0xc0,
    0x00, 0x01, 0x00, 0xca, 0x00, 0xcd, 0x00, 0x06, 0x00, 0xd3, 0x00, 0xd6, 0x00, 0x07, 0x00, 0xd7,
    0x00, 0xda, 0x00, 0x08, 0x00, 0xde, 0x00, 0xe1, 0x00, 0x02, 0x00, 0xe3, 0x00, 0xe6, 0x00, 0x09,
    0x00, 0xe7, 0x00, 0xe7, 0x00, 0x0d, 0x00, 0xea, 0x00, 0xed, 0x00, 0x04, 0x00, 0xfa, 0x00, 0xfa,
    0x00, 0x0d, 0x01, 0x01, 0x01, 0x04, 0x00, 0x03, 0x01, 0x06, 0x01, 0x08, 0x00, 0x0c, 0x01, 0x09,
    0x01, 0x0c, 0x00, 0x0a, 0x01, 0x17, 0x01, 0x1a, 0x00, 0x0b, 0x00, 0x02, 0x00, 0x3e, 0x00, 0x0d,
    0x00, 0x0d, 0x00, 0x02, 0x00, 0x0e, 0x00, 0x0e, 0x00, 0x04, 0x00, 0x0f, 0x00, 0x0f, 0x00, 0x0c,
    0x00, 0x10, 0x00, 0x10, 0x00, 0x0f, 0x00, 0x11, 0x00, 0x11, 0x00, 0x07, 0x00, 0x14, 0x00, 0x14,
    0x00, 0x04, 0x00, 0x17, 0x00, 0x18, 0x00, 0x04, 0x00, 0x1b, 0x00, 0x1b, 0x00, 0x05, 0x00, 0x1e,
    0x00, 0x1e, 0x00, 0x10, 0x00, 0x1f, 0x00, 0x1f, 0x00, 0x0d, 0x00, 0x21, 0x00, 0x21, 0x00, 0x06,
    0x00, 0x23, 0x00, 0x23, 0x00, 0x0e, 0x00, 0x27, 0x00, 0x27, 0x00, 0x01, 0x00, 0x29, 0x00, 0x29,
    0x00, 0x08, 0x00, 0x35, 0x00, 0x35, 0x00, 0x03, 0x00, 0x3a, 0x00, 0x3a, 0x00, 0x09, 0x00, 0x3d,
    0x00, 0x3d, 0x00, 0x0a, 0x00, 0x3f, 0x00, 0x3f, 0x00, 0x0b, 0x00, 0x59, 0x00, 0x59, 0x00, 0x02,
    0x00, 0x5a, 0x00, 0x5a, 0x00, 0x07, 0x00, 0x5b, 0x00, 0x5b, 0x00, 0x05, 0x00, 0x5c, 0x00, 0x5c,
    0x00, 0x01, 0x00, 0x5e, 0x00, 0x5e, 0x00, 0x06, 0x00, 0x5f, 0x00, 0x5f, 0x00, 0x02, 0x00, 0x60,
    0x00, 0x60, 0x00, 0x07, 0x00, 0x61, 0x00, 0x61, 0x00, 0x05, 0x00, 0x62, 0x00, 0x62, 0x00, 0x06,
    0x00, 0x63, 0x00, 0x63, 0x00, 0x01, 0x00, 0x67, 0x00, 0x68, 0x00, 0x03, 0x00, 0x6c, 0x00, 0x6c,
    0x00, 0x02, 0x00, 0x6d, 0x00, 0x6d, 0x00, 0x07, 0x00, 0x6e, 0x00, 0x6e, 0x00, 0x05, 0x00, 0x6f,
    0x00, 0x6f, 0x00, 0x06, 0x00, 0x70, 0x00, 0x70, 0x00, 0x01, 0x00, 0x73, 0x00, 0x73, 0x00, 0x03,
    0x00, 0x79, 0x00, 0x79, 0x00, 0x02, 0x00, 0x7a, 0x00, 0x7a, 0x00, 0x07, 0x00, 0x7b, 0x00, 0x7b,
    0x00, 0x05, 0x00, 0x7c, 0x00, 0x7c, 0x00, 0x06, 0x00, 0x7d, 0x00, 0x7d, 0x00, 0x01, 0x00, 0x80,
    0x00, 0x80, 0x00, 0x03, 0x00, 0x96, 0x00, 0x96, 0x00, 0x02, 0x00, 0x98, 0x00, 0x98, 0x00, 0x05,
    0x00, 0x99, 0x00, 0x99, 0x00, 0x01, 0x00, 0x9b, 0x00, 0x9b, 0x00, 0x03, 0x00, 0x9c, 0x00, 0xa0,
    0x00, 0x01, 0x00, 0xa1, 0x00, 0xa4, 0x00, 0x08, 0x00, 0xbd, 0x00, 0xc0, 0x00, 0x03, 0x00, 0xca,
    0x00, 0xcd, 0x00, 0x09, 0x00, 0xd3, 0x00, 0xd6, 0x00, 0x0a, 0x00, 0xd7, 0x00, 0xda, 0x00, 0x0b,
    0x00, 0xde, 0x00, 0xe2, 0x00, 0x02, 0x00, 0xe3, 0x00, 0xe6, 0x00, 0x0c, 0x00, 0xe7, 0x00, 0xe9,
    0x00, 0x0f, 0x00, 0xea, 0x00, 0xed, 0x00, 0x07, 0x00, 0xf1, 0x00, 0xf1, 0x00, 0x04, 0x00, 0xf8,
    0x00, 0xfc, 0x00, 0x04, 0x01, 0x01, 0x01, 0x04, 0x00, 0x05, 0x01, 0x06, 0x01, 0x08, 0x00, 0x10,
    0x01, 0x09, 0x01, 0x0c, 0x00, 0x0d, 0x01, 0x12, 0x01, 0x16, 0x00, 0x06, 0x01, 0x17, 0x01, 0x1a,
    0x00, 0x0e, 0x00, 0x04, 0x00, 0x00, 0x00, 0x01, 0x00, 0x08, 0x00, 0x01, 0x00, 0x0c, 0x00, 0x16,
    0x00, 0x04, 0x00, 0x9e, 0x00, 0xec, 0x00, 0x02, 0x00, 0x01, 0x01, 0xc8, 0x01, 0xd7, 0x00, 0x00,
    0x00, 0x02, 0x00, 0x16, 0x00, 0x0d, 0x00, 0x0d, 0x00, 0x00, 0x00, 0x0f, 0x00, 0x15, 0x00, 0x01,
    0x00, 0x17, 0x00, 0x2b, 0x00, 0x08, 0x00, 0x2d, 0x00, 0x40, 0x00, 0x1d, 0x00, 0x59, 0x00, 0x6a,
    0x00, 0x31, 0x00, 0x6c, 0x00, 0x74, 0x00, 0x43, 0x00, 0x79, 0x00, 0x85, 0x00, 0x4c, 0x00, 0x96,
    0x00, 0x9f, 0x00, 0x59, 0x00, 0xa1, 0x00, 0xc0, 0x00, 0x63, 0x00, 0xc2, 0x00, 0xc8, 0x00, 0x83,
    0x00, 0xca, 0x00, 0xe1, 0x00, 0x8a, 0x00, 0xe3, 0x00, 0xe8, 0x00, 0xa2, 0x00, 0xea, 0x00, 0xf6,
    0x00, 0xa8, 0x00, 0xf8, 0x01, 0x04, 0x00, 0xb5, 0x01, 0x06, 0x01, 0x0c, 0x00, 0xc2, 0x01, 0x0e,
    0x01, 0x21, 0x00, 0xc9, 0x01, 0x24, 0x01, 0x25, 0x00, 0xdd, 0x01, 0x28, 0x01, 0x28, 0x00, 0xdf,
    0x01, 0x93, 0x01, 0x95, 0x00, 0xe0, 0x01, 0x9a, 0x01, 0x9a, 0x00, 0xe3, 0x01, 0x9f, 0x01, 0x9f,
    0x00, 0xe4, 0x01, 0xb5, 0x01, 0xb5, 0x00, 0xe5, 0x00, 0x10, 0x00, 0x00, 0x0e, 0xf8, 0x00, 0x00,
    0x0e, 0xfe, 0x00, 0x00, 0x0f, 0x04, 0x00, 0x00, 0x0f, 0x0a, 0x00, 0x00, 0x0f, 0x10, 0x00, 0x01,
    0x00, 0x42, 0x00, 0x00, 0x0f, 0x16, 0x00, 0x00, 0x0f, 0x1c, 0x00, 0x00, 0x0f, 0x22, 0x00, 0x00,
    0x0f, 0x28, 0x00, 0x00, 0x0f, 0x2e, 0x00, 0x00, 0x0f, 0x34, 0x00, 0x00, 0x0f, 0x3a, 0x00, 0x02,
    0x0e, 0x82, 0x00, 0x02, 0x0e, 0x88, 0x00, 0x03, 0x00, 0x48, 0x00, 0x01, 0x01, 0x34, 0x05, 0x72,
    0x00, 0x01, 0x01, 0x9a, 0xff, 0xe1, 0x00, 0xe6, 0x0c, 0xea, 0x00, 0x00, 0x0c, 0xf0, 0x0c, 0xf6,
    0x0d, 0x38, 0x00, 0x00, 0x0d, 0x3e, 0x00, 0x00, 0x0b, 0x40, 0x0b, 0x46, 0x0b, 0x4c, 0x00, 0x00,
    0x0b, 0x64, 0x00, 0x00, 0x0b, 0x6a, 0x0b, 0x70, 0x0d, 0xf4, 0x00, 0x00, 0x0d, 0xfa, 0x00, 0x00,
    0x07, 0x32, 0x00, 0x00, 0x0b, 0x88, 0x00, 0x00, 0x0b, 0x8e, 0x00, 0x00, 0x0b, 0xf4, 0x00, 0x00,
    0x0b, 0xa0, 0x00, 0x00, 0x0b, 0xa6, 0x0b, 0xac, 0x0b, 0xb2, 0x00, 0x00, 0x07, 0x38, 0x00, 0x00,
    0x0b, 0xca, 0x0b, 0xd0, 0x0b, 0xd6, 0x00, 0x00, 0x07, 0x3e, 0x00, 0x00, 0x07, 0x44, 0x00, 0x00,
    0x0b, 0xee, 0x00, 0x00, 0x0b, 0xf4, 0x00, 0x00, 0x0c, 0xfc, 0x0d, 0x02, 0x0d, 0x08, 0x0d, 0x0e,
    0x07, 0x4a, 0x00, 0x00, 0x07, 0x50, 0x00, 0x00, 0x07, 0x4a, 0x00, 0x00, 0x07, 0x50, 0x00, 0x00,
    0x0c, 0x1e, 0x00, 0x00, 0x0c, 0x18, 0x00, 0x00, 0x0c, 0x42, 0x00, 0x00, 0x0c, 0x36, 0x00, 0x00,
    0x0c, 0x5a, 0x0c, 0x60, 0x0c, 0x4e, 0x00, 0x00, 0x0c, 0x7e, 0x0c, 0x8a, 0x0c, 0x90, 0x0d, 0x62,
    0x07, 0x56, 0x00, 0x00, 0x07, 0x5c, 0x00, 0x00, 0x07, 0x62, 0x00, 0x00, 0x0c, 0xae, 0x00, 0x00,
    0x0d, 0x38, 0x00, 0x00, 0x07, 0x68, 0x00, 0x00, 0x07, 0x6e, 0x00, 0x00, 0x0c, 0xcc, 0x00, 0x00,
    0x07, 0x74, 0x00, 0x00, 0x0c, 0xe4, 0x00, 0x00, 0x0a, 0x68, 0x00, 0x00, 0x09, 0x00, 0x09, 0x06,
    0x07, 0x7a, 0x00, 0x00, 0x07, 0x80, 0x00, 0x00, 0x09, 0x18, 0x00, 0x00, 0x09, 0x2a, 0x00, 0x00,
    0x09, 0x36, 0x00, 0x00, 0x09, 0x3c, 0x00, 0x00, 0x09, 0x54, 0x00, 0x00, 0x09, 0x5a, 0x09, 0x60,
    0x09, 0x6c, 0x00, 0x00, 0x09, 0x7e, 0x00, 0x00, 0x09, 0x84, 0x00, 0x00, 0x09, 0x8a, 0x00, 0x00,
    0x09, 0x9c, 0x00, 0x00, 0x0b, 0xd6, 0x09, 0xa2, 0x07, 0x86, 0x00, 0x00, 0x07, 0x8c, 0x00, 0x00,
    0x09, 0xa8, 0x00, 0x00, 0x07, 0x92, 0x00, 0x00, 0x09, 0xc0, 0x09, 0xc6, 0x09, 0xcc, 0x00, 0x00,
    0x07, 0x98, 0x00, 0x00, 0x07, 0x9e, 0x00, 0x00, 0x09, 0xe4, 0x00, 0x00, 0x09, 0xea, 0x00, 0x00,
    0x09, 0x36, 0x0a, 0x08, 0x0a, 0x0e, 0x09, 0xfc, 0x07, 0xa4, 0x00, 0x00, 0x07, 0xaa, 0x00, 0x00,
    0x0a, 0x02, 0x00, 0x00, 0x07, 0xb0, 0x00, 0x00, 0x0a, 0x44, 0x00, 0x00, 0x0a, 0x3e, 0x00, 0x00,
    0x0a, 0x68, 0x00, 0x00, 0x0a, 0x5c, 0x00, 0x00, 0x0a, 0x86, 0x00, 0x00, 0x0a, 0x7a, 0x00, 0x00,
    0x0a, 0xa4, 0x0a, 0xb0, 0x0a, 0xb6, 0x0a, 0xbc, 0x07, 0xb6, 0x00, 0x00, 0x07, 0xbc, 0x00, 0x00,
    0x07, 0xc2, 0x00, 0x00, 0x0a, 0xda, 0x00, 0x00, 0x07, 0xc8, 0x00, 0x00, 0x07, 0xce, 0x00, 0x00,
    0x07, 0xd4, 0x00, 0x00, 0x0a, 0xf8, 0x00, 0x00, 0x07, 0xda, 0x00, 0x00, 0x0b, 0x10, 0x00, 0x00,
    0x07, 0xe0, 0x00, 0x00, 0x0c, 0xf0, 0x0c, 0xf6, 0x07, 0xe6, 0x00, 0x00, 0x0b, 0x6a, 0x0b, 0x70,
    0x07, 0xec, 0x0d, 0x02, 0x0d, 0x08, 0x0d, 0x0e, 0x07, 0xf2, 0x00, 0x00, 0x09, 0x00, 0x09, 0x06,
    0x07, 0xf8, 0x00, 0x00, 0x09, 0x5a, 0x09, 0x60, 0x07, 0xfe, 0x0c, 0x8a, 0x0c, 0x90, 0x0d, 0x62,
    0x08, 0x04, 0x00, 0x00, 0x0c, 0xf0, 0x0c, 0xf6, 0x08, 0x0a, 0x00, 0x00, 0x0b, 0x6a, 0x0b, 0x70,
    0x08, 0x10, 0x0d, 0x02, 0x0d, 0x08, 0x0d, 0x0e, 0x08, 0x16, 0x0c, 0x8a, 0x0c, 0x90, 0x0d, 0x62,
    0x0a, 0x50, 0x00, 0x00, 0x09, 0x00, 0x09, 0x06, 0x08, 0x1c, 0x00, 0x00, 0x09, 0x5a, 0x09, 0x60,
    0x08, 0x22, 0x00, 0x00, 0x0b, 0xd6, 0x09, 0xa2, 0x08, 0x28, 0x00, 0x00, 0x0b, 0xd6, 0x09, 0xa2,
    0x08, 0x2e, 0x0a, 0x08, 0x0a, 0x0e, 0x09, 0xfc, 0x08, 0x34, 0x0a, 0x08, 0x0a, 0x0e, 0x09, 0xfc,
    0x08, 0x3a, 0x0a, 0xb0, 0x0a, 0xb6, 0x0a, 0xbc, 0x08, 0x40, 0x0a, 0xb0, 0x0a, 0xb6, 0x0a, 0xbc,
    0x08, 0x46, 0x00, 0x00, 0x0c, 0xf0, 0x0c, 0xf6, 0x08, 0x4c, 0x00, 0x00, 0x0b, 0x6a, 0x0b, 0x70,
    0x08, 0x52, 0x0d, 0x02, 0x0d, 0x08, 0x0d, 0x0e, 0x08, 0x58, 0x0c, 0x8a, 0x0c, 0x90, 0x0d, 0x62,
    0x08, 0x5e, 0x00, 0x00, 0x09, 0x00, 0x09, 0x06, 0x08, 0x64, 0x00, 0x00, 0x09, 0x5a, 0x09, 0x60,
    0x08, 0x6a, 0x00, 0x00, 0x0b, 0xd6, 0x09, 0xa2, 0x08, 0x70, 0x0a, 0x08, 0x0a, 0x0e, 0x09, 0xfc,
    0x08, 0x76, 0x0a, 0xb0, 0x0a, 0xb6, 0x0a, 0xbc, 0x08, 0x7c, 0x00, 0x00, 0x0c, 0xf0, 0x0c, 0xf6,
    0x08, 0x82, 0x00, 0x00, 0x0b, 0x6a, 0x0b, 0x70, 0x08, 0x88, 0x0d, 0x02, 0x0d, 0x08, 0x0d, 0x0e,
    0x08, 0x8e, 0x0c, 0x8a, 0x0c, 0x90, 0x0d, 0x62, 0x08, 0x94, 0x00, 0x00, 0x09, 0x00, 0x09, 0x06,
    0x08, 0x9a, 0x00, 0x00, 0x09, 0x5a, 0x09, 0x60, 0x08, 0xa0, 0x00, 0x00, 0x0b, 0xd6, 0x09, 0xa2,
    0x08, 0xa6, 0x0a, 0x08, 0x0a, 0x0e, 0x09, 0xfc, 0x08, 0xac, 0x0a, 0xb0, 0x0a, 0xb6, 0x0a, 0xbc,
    0x08, 0xb2, 0x00, 0x00, 0x0b, 0xa6, 0x0b, 0xac, 0x08, 0xb8, 0x00, 0x00, 0x0b, 0xa6, 0x0b, 0xac,
    0x08, 0xbe, 0x00, 0x00, 0x0b, 0xa6, 0x0b, 0xac, 0x08, 0xc4, 0x00, 0x00, 0x0b, 0xa6, 0x0b, 0xac,
    0x08, 0xca, 0x00, 0x00, 0x0c, 0xf0, 0x0c, 0xf6, 0x08, 0xd0, 0x00, 0x00, 0x0b, 0xf4, 0x00, 0x00,
    0x08, 0xd6, 0x0d, 0x02, 0x0d, 0x08, 0x0d, 0x0e, 0x08, 0xdc, 0x00, 0x00, 0x09, 0x00, 0x09, 0x06,
    0x08, 0xe2, 0x00, 0x00, 0x09, 0xea, 0x00, 0x00, 0x08, 0xe8, 0x0a, 0x08, 0x0a, 0x0e, 0x09, 0xfc,
    0x08, 0xee, 0x00, 0x00, 0x09, 0x00, 0x09, 0x06, 0x08, 0xf4, 0x00, 0x00, 0x09, 0x00, 0x09, 0x06,
    0x0a, 0x68, 0x00, 0x00, 0x09, 0x00, 0x09, 0x06, 0x08, 0xfa, 0x00, 0x00, 0x09, 0x00, 0x09, 0x06,
    0x09, 0x0c, 0x00, 0x00, 0x09, 0x2a, 0x00, 0x00, 0x09, 0x12, 0x00, 0x00, 0x09, 0x2a, 0x00, 0x00,
    0x09, 0x18, 0x00, 0x00, 0x09, 0x1e, 0x00, 0x00, 0x09, 0x24, 0x00, 0x00, 0x09, 0x2a, 0x00, 0x00,
    0x09, 0x30, 0x00, 0x00, 0x09, 0x3c, 0x00, 0x00, 0x09, 0x36, 0x00, 0x00, 0x09, 0x3c, 0x00, 0x00,
    0x09, 0x36, 0x00, 0x00, 0x09, 0x3c, 0x00, 0x00, 0x09, 0x42, 0x00, 0x00, 0x09, 0x5a, 0x09, 0x60,
    0x09, 0x48, 0x00, 0x00, 0x09, 0x5a, 0x09, 0x60, 0x09, 0x4e, 0x00, 0x00, 0x09, 0x5a, 0x09, 0x60,
    0x09, 0x54, 0x00, 0x00, 0x09, 0x5a, 0x09, 0x60, 0x09, 0x66, 0x00, 0x00, 0x09, 0x7e, 0x00, 0x00,
    0x09, 0x6c, 0x00, 0x00, 0x09, 0x72, 0x00, 0x00, 0x09, 0x78, 0x00, 0x00, 0x09, 0x7e, 0x00, 0x00,
    0x09, 0x84, 0x00, 0x00, 0x09, 0x8a, 0x00, 0x00, 0x00, 0x00, 0x00, 0x00, 0x00, 0x00, 0x09, 0xa2,
    0x09, 0x90, 0x00, 0x00, 0x0b, 0xd6, 0x09, 0xa2, 0x09, 0x96, 0x00, 0x00, 0x0b, 0xd6, 0x09, 0xa2,
    0x09, 0x9c, 0x00, 0x00, 0x0b, 0xd6, 0x09, 0xa2, 0x09, 0xa8, 0x00, 0x00, 0x09, 0xae, 0x00, 0x00,
    0x09, 0xb4, 0x09, 0xc6, 0x09, 0xcc, 0x00, 0x00, 0x09, 0xc0, 0x09, 0xc6, 0x09, 0xcc, 0x00, 0x00,
    0x09, 0xc0, 0x09, 0xc6, 0x09, 0xba, 0x00, 0x00, 0x09, 0xc0, 0x09, 0xc6, 0x09, 0xcc, 0x00, 0x00,
    0x09, 0xd2, 0x00, 0x00, 0x09, 0xea, 0x00, 0x00, 0x09, 0xd8, 0x00, 0x00, 0x09, 0xea, 0x00, 0x00,
    0x09, 0xe4, 0x00, 0x00, 0x09, 0xde, 0x00, 0x00, 0x09, 0xe4, 0x00, 0x00, 0x09, 0xea, 0x00, 0x00,
    0x09, 0xf0, 0x0a, 0x08, 0x0a, 0x0e, 0x09, 0xfc, 0x09, 0xf6, 0x0a, 0x08, 0x0a, 0x0e, 0x09, 0xfc,
    0x0a, 0x02, 0x0a, 0x08, 0x0a, 0x0e, 0x0a, 0x14, 0x0a, 0x1a, 0x0a, 0x20, 0x0a, 0x26, 0x0a, 0x2c,
    0x0a, 0x32, 0x00, 0x00, 0x0a, 0x3e, 0x00, 0x00, 0x0a, 0x38, 0x00, 0x00, 0x0a, 0x3e, 0x00, 0x00,
    0x0a, 0x44, 0x00, 0x00, 0x0a, 0x4a, 0x00, 0x00, 0x0a, 0x50, 0x00, 0x00, 0x0a, 0x5c, 0x00, 0x00,
    0x0a, 0x56, 0x00, 0x00, 0x0a, 0x5c, 0x00, 0x00, 0x0a, 0x68, 0x00, 0x00, 0x0a, 0x62, 0x00, 0x00,
    0x0a, 0x68, 0x00, 0x00, 0x0a, 0x6e, 0x00, 0x00, 0x0a, 0x86, 0x00, 0x00, 0x0a, 0x7a, 0x00, 0x00,
    0x0a, 0x74, 0x00, 0x00, 0x0a, 0x7a, 0x00, 0x00, 0x0a, 0x86, 0x00, 0x00, 0x0a, 0x80, 0x00, 0x00,
    0x0a, 0x86, 0x00, 0x00, 0x0a, 0x8c, 0x00, 0x00, 0x0a, 0x92, 0x0a, 0xb0, 0x0a, 0xb6, 0x0a, 0xbc,
    0x0a, 0x98, 0x0a, 0xb0, 0x0a, 0xb6, 0x0a, 0xbc, 0x0a, 0x9e, 0x0a, 0xb0, 0x0a, 0xb6, 0x0a, 0xbc,
    0x0a, 0xa4, 0x0a, 0xb0, 0x0a, 0xb6, 0x0a, 0xbc, 0x0a, 0xaa, 0x0a, 0xb0, 0x0a, 0xb6, 0x0a, 0xbc,
    0x0a, 0xc2, 0x00, 0x00, 0x0a, 0xda, 0x00, 0x00, 0x0a, 0xc8, 0x00, 0x00, 0x0a, 0xda, 0x00, 0x00,
    0x0a, 0xce, 0x00, 0x00, 0x0a, 0xda, 0x00, 0x00, 0x0a, 0xd4, 0x00, 0x00, 0x0a, 0xda, 0x00, 0x00,
    0x0a, 0xe0, 0x00, 0x00, 0x0a, 0xf8, 0x00, 0x00, 0x0a, 0xe6, 0x00, 0x00, 0x0a, 0xf8, 0x00, 0x00,
    0x0a, 0xec, 0x00, 0x00, 0x0a, 0xf8, 0x00, 0x00, 0x0a, 0xf2, 0x00, 0x00, 0x0a, 0xf8, 0x00, 0x00,
    0x0a, 0xfe, 0x00, 0x00, 0x0b, 0x10, 0x00, 0x00, 0x0b, 0x04, 0x00, 0x00, 0x0b, 0x10, 0x00, 0x00,
    0x0b, 0x0a, 0x00, 0x00, 0x0b, 0x10, 0x00, 0x00, 0x0b, 0x16, 0x00, 0x00, 0x0c, 0xf0, 0x0c, 0xf6,
    0x0b, 0x1c, 0x00, 0x00, 0x0c, 0xf0, 0x0c, 0xf6, 0x0c, 0xea, 0x00, 0x00, 0x0c, 0xf0, 0x0c, 0xf6,
    0x0b, 0x22, 0x00, 0x00, 0x0c, 0xf0, 0x0c, 0xf6, 0x0b, 0x28, 0x00, 0x00, 0x0d, 0x3e, 0x00, 0x00,
    0x0b, 0x2e, 0x00, 0x00, 0x0d, 0x3e, 0x00, 0x00, 0x0d, 0x38, 0x00, 0x00, 0x0b, 0x34, 0x00, 0x00,
    0x0b, 0x3a, 0x00, 0x00, 0x0d, 0x3e, 0x00, 0x00, 0x0b, 0x40, 0x0b, 0x46, 0x0b, 0x4c, 0x00, 0x00,
    0x00, 0x00, 0x00, 0x00, 0x0b, 0x4c, 0x00, 0x00, 0x0b, 0x52, 0x00, 0x00, 0x0b, 0x6a, 0x0b, 0x70,
    0x0b, 0x58, 0x00, 0x00, 0x0b, 0x6a, 0x0b, 0x70, 0x0b, 0x5e, 0x00, 0x00, 0x0b, 0x6a, 0x0b, 0x70,
    0x0b, 0x64, 0x00, 0x00, 0x0b, 0x6a, 0x0b, 0x70, 0x0b, 0x76, 0x00, 0x00, 0x0b, 0x88, 0x00, 0x00,
    0x0b, 0x7c, 0x00, 0x00, 0x0b, 0x88, 0x00, 0x00, 0x0b, 0x82, 0x00, 0x00, 0x0b, 0x88, 0x00, 0x00,
    0x0b, 0x8e, 0x00, 0x00, 0x0b, 0xf4, 0x00, 0x00, 0x0b, 0xa0, 0x00, 0x00, 0x0b, 0xa6, 0x0b, 0xac,
    0x0b, 0x9a, 0x00, 0x00, 0x0b, 0xa6, 0x0b, 0xac, 0x0b, 0x94, 0x00, 0x00, 0x0b, 0xa6, 0x0b, 0xac,
    0x0b, 0x9a, 0x00, 0x00, 0x0b, 0xa6, 0x0b, 0xac, 0x0b, 0xa0, 0x00, 0x00, 0x0b, 0xa6, 0x0b, 0xac,
    0x0b, 0xb2, 0x00, 0x00, 0x0b, 0xb8, 0x00, 0x00, 0x0b, 0xbe, 0x0b, 0xd0, 0x0b, 0xd6, 0x00, 0x00,
    0x0b, 0xca, 0x0b, 0xd0, 0x0b, 0xd6, 0x00, 0x00, 0x0b, 0xca, 0x0b, 0xd0, 0x0b, 0xc4, 0x00, 0x00,
    0x0b, 0xca, 0x0b, 0xd0, 0x0b, 0xd6, 0x00, 0x00, 0x0b, 0xdc, 0x00, 0x00, 0x0b, 0xf4, 0x00, 0x00,
    0x0b, 0xe2, 0x00, 0x00, 0x0b, 0xf4, 0x00, 0x00, 0x0b, 0xee, 0x00, 0x00, 0x0b, 0xe8, 0x00, 0x00,
    0x0b, 0xee, 0x00, 0x00, 0x0b, 0xf4, 0x00, 0x00, 0x0b, 0xfa, 0x0d, 0x02, 0x0d, 0x08, 0x0d, 0x0e,
    0x0c, 0x00, 0x0d, 0x02, 0x0d, 0x08, 0x0d, 0x0e, 0x0c, 0xfc, 0x0d, 0x02, 0x0d, 0x08, 0x0d, 0x0e,
    0x00, 0x00, 0x0c, 0x06, 0x00, 0x00, 0x00, 0x00, 0x0c, 0x0c, 0x00, 0x00, 0x0c, 0x18, 0x00, 0x00,
    0x0c, 0x12, 0x00, 0x00, 0x0c, 0x18, 0x00, 0x00, 0x0c, 0x1e, 0x00, 0x00, 0x0c, 0x24, 0x00, 0x00,
    0x0c, 0x2a, 0x00, 0x00, 0x0c, 0x36, 0x00, 0x00, 0x0c, 0x30, 0x00, 0x00, 0x0c, 0x36, 0x00, 0x00,
    0x0c, 0x42, 0x00, 0x00, 0x0c, 0x3c, 0x00, 0x00, 0x0c, 0x42, 0x00, 0x00, 0x0c, 0x48, 0x00, 0x00,
    0x0c, 0x5a, 0x0c, 0x60, 0x0c, 0x4e, 0x00, 0x00, 0x0c, 0x5a, 0x0c, 0x60, 0x0c, 0x4e, 0x00, 0x00,
    0x0c, 0x5a, 0x0c, 0x60, 0x0c, 0x54, 0x00, 0x00, 0x0c, 0x5a, 0x0c, 0x60, 0x0c, 0x66, 0x00, 0x00,
    0x0c, 0x6c, 0x0c, 0x8a, 0x0c, 0x90, 0x0d, 0x62, 0x0c, 0x72, 0x0c, 0x8a, 0x0c, 0x90, 0x0d, 0x62,
    0x0c, 0x78, 0x0c, 0x8a, 0x0c, 0x90, 0x0d, 0x62, 0x0c, 0x7e, 0x0c, 0x8a, 0x0c, 0x90, 0x0d, 0x62,
    0x0c, 0x84, 0x0c, 0x8a, 0x0c, 0x90, 0x0d, 0x62, 0x0c, 0x96, 0x00, 0x00, 0x0c, 0xae, 0x00, 0x00,
    0x0c, 0x9c, 0x00, 0x00, 0x0c, 0xae, 0x00, 0x00, 0x0c, 0xa2, 0x00, 0x00, 0x0c, 0xae, 0x00, 0x00,
    0x0c, 0xa8, 0x00, 0x00, 0x0c, 0xae, 0x00, 0x00, 0x0c, 0xb4, 0x00, 0x00, 0x0c, 0xcc, 0x00, 0x00,
    0x0c, 0xba, 0x00, 0x00, 0x0c, 0xcc, 0x00, 0x00, 0x0c, 0xc0, 0x00, 0x00, 0x0c, 0xcc, 0x00, 0x00,
    0x0c, 0xc6, 0x00, 0x00, 0x0c, 0xcc, 0x00, 0x00, 0x0c, 0xd2, 0x00, 0x00, 0x0c, 0xe4, 0x00, 0x00,
    0x0c, 0xd8, 0x00, 0x00, 0x0c, 0xe4, 0x00, 0x00, 0x0c, 0xde, 0x00, 0x00, 0x0c, 0xe4, 0x00, 0x00,
    0x0c, 0xea, 0x00, 0x00, 0x0c, 0xf0, 0x0c, 0xf6, 0x0c, 0xfc, 0x0d, 0x02, 0x0d, 0x08, 0x0d, 0x0e,
    0x0d, 0x50, 0x0d, 0x56, 0x0d, 0x5c, 0x0d, 0x62, 0x0d, 0x14, 0x00, 0x00, 0x0d, 0x1a, 0x00, 0x00,
    0x0d, 0x20, 0x00, 0x00, 0x0d, 0x26, 0x00, 0x00, 0x0d, 0x2c, 0x00, 0x00, 0x0d, 0x32, 0x00, 0x00,
    0x0d, 0x38, 0x00, 0x00, 0x0d, 0x3e, 0x00, 0x00, 0x0d, 0x44, 0x00, 0x00, 0x0d, 0x4a, 0x00, 0x00,
    0x0d, 0x50, 0x0d, 0x56, 0x0d, 0x5c, 0x0d, 0x62, 0x00, 0x01, 0x02, 0x47, 0x03, 0xcc, 0x00, 0x01,
    0x02, 0x50, 0x00, 0x00, 0x00, 0x01, 0x03, 0xb5, 0x03, 0xcc, 0x00, 0x01, 0x03, 0xb5, 0x00, 0x00,
    0x00, 0x01, 0x02, 0x62, 0x03, 0xcc, 0x00, 0x01, 0x02, 0x62, 0x00, 0x00, 0x00, 0x01, 0x02, 0x08,
    0x03, 0xcc, 0x00, 0x01, 0x02, 0x08, 0x00, 0x00, 0x00, 0x01, 0x02, 0xf6, 0x03, 0xcc, 0x00, 0x01,
    0x02, 0x2a, 0x00, 0x00, 0x00, 0x01, 0x01, 0xf8, 0x03, 0xcc, 0x00, 0x01, 0x01, 0xef, 0x03, 0xcc,
    0x00, 0x01, 0x02, 0x88, 0x05, 0x12, 0x00, 0x01, 0x02, 0x88, 0x00, 0x00, 0x00, 0x01, 0x02, 0x63,
    0x05, 0x12, 0x00, 0x01, 0x01, 0xbc, 0x00, 0x00, 0x00, 0x01, 0x02, 0x8e, 0x00, 0x00, 0x00, 0x01,
    0x03, 0x6b, 0x05, 0x12, 0x00, 0x01, 0x03, 0x6b, 0x00, 0x00, 0x00, 0x01, 0x02, 0x45, 0x05, 0x12,
    0x00, 0x01, 0x02, 0x45, 0x00, 0x00, 0x00, 0x01, 0x02, 0xae, 0x00, 0x00, 0x00, 0x01, 0x02, 0x5b,
    0x05, 0x12, 0x00, 0x01, 0x02, 0x5b, 0x00, 0x00, 0x00, 0x01, 0x03, 0xaf, 0x05, 0x1a, 0x00, 0x01,
    0x02, 0xac, 0x05, 0x12, 0x00, 0x01, 0x02, 0xac, 0x00, 0x00, 0x00, 0x01, 0x02, 0x4b, 0x05, 0x12,
    0x00, 0x01, 0x02, 0x90, 0x05, 0x12, 0x00, 0x01, 0x02, 0x44, 0x04, 0xf8, 0x00, 0x01, 0x02, 0x0e,
    0x04, 0xf8, 0x00, 0x01, 0x02, 0x32, 0x04, 0xf8, 0x00, 0x01, 0x02, 0x79, 0x06, 0x3e, 0x00, 0x01,
    0x02, 0x45, 0x06, 0x3e, 0x00, 0x01, 0x02, 0x7e, 0x04, 0xf8, 0x00, 0x01, 0x02, 0x49, 0x04, 0xef,
    0x00, 0x01, 0x02, 0x13, 0x04, 0xef, 0x00, 0x01, 0x02, 0x37, 0x04, 0xef, 0x00, 0x01, 0x02, 0x83,
    0x04, 0xef, 0x00, 0x01, 0x02, 0x4a, 0x06, 0x35, 0x00, 0x01, 0x01, 0x2b, 0x06, 0x3e, 0x00, 0x01,
    0x01, 0x30, 0x06, 0x35, 0x00, 0x01, 0x02, 0xaa, 0x06, 0x3e, 0x00, 0x01, 0x02, 0xaf, 0x06, 0x35,
    0x00, 0x01, 0x02, 0xad, 0x06, 0x3e, 0x00, 0x01, 0x02, 0xb2, 0x06, 0x35, 0x00, 0x01, 0x02, 0x48,
    0x05, 0x77, 0x00, 0x01, 0x02, 0x12, 0x05, 0x77, 0x00, 0x01, 0x02, 0x36, 0x05, 0x77, 0x00, 0x01,
    0x02, 0x83, 0x05, 0x77, 0x00, 0x01, 0x02, 0x7e, 0x06, 0xbd, 0x00, 0x01, 0x02, 0x4a, 0x06, 0xbd,
    0x00, 0x01, 0x01, 0x30, 0x06, 0xbd, 0x00, 0x01, 0x02, 0xae, 0x06, 0xbd, 0x00, 0x01, 0x02, 0xb2,
    0x06, 0xbd, 0x00, 0x01, 0x02, 0x49, 0x04, 0x8a, 0x00, 0x01, 0x02, 0x13, 0x04, 0x8a, 0x00, 0x01,
    0x02, 0x37, 0x04, 0x8a, 0x00, 0x01, 0x02, 0x83, 0x04, 0x8a, 0x00, 0x01, 0x02, 0x7e, 0x05, 0xcf,
    0x00, 0x01, 0x02, 0x4a, 0x05, 0xcf, 0x00, 0x01, 0x01, 0x30, 0x05, 0xcf, 0x00, 0x01, 0x02, 0xaf,
    0x05, 0xcf, 0x00, 0x01, 0x02, 0xb2, 0x05, 0xcf, 0x00, 0x01, 0x01, 0x3f, 0x04, 0xf8, 0x00, 0x01,
    0x01, 0x44, 0x04, 0xef, 0x00, 0x01, 0x01, 0x43, 0x05, 0x77, 0x00, 0x01, 0x01, 0x44, 0x04, 0x8a,
    0x00, 0x01, 0x02, 0x49, 0x04, 0xd9, 0x00, 0x01, 0x02, 0x7d, 0x04, 0xe0, 0x00, 0x01, 0x02, 0x37,
    0x04, 0xd9, 0x00, 0x01, 0x02, 0x7e, 0x06, 0x1f, 0x00, 0x01, 0x02, 0xcd, 0x06, 0x1f, 0x00, 0x01,
    0x02, 0xaf, 0x06, 0x1f, 0x00, 0x01, 0x02, 0x7e, 0x07, 0x5c, 0x00, 0x01, 0x02, 0x7e, 0x07, 0x85,
    0x00, 0x01, 0x02, 0x7f, 0x04, 0x3c, 0x00, 0x01, 0x02, 0x71, 0x00, 0x00, 0x00, 0x01, 0x04, 0x66,
    0x00, 0x0a, 0x00, 0x01, 0x02, 0x86, 0x06, 0x35, 0x00, 0x01, 0x02, 0x86, 0x06, 0x0c, 0x00, 0x01,
    0x02, 0x86, 0x05, 0x12, 0x00, 0x01, 0x02, 0x94, 0xfe, 0x3f, 0x00, 0x01, 0x02, 0x87, 0x06, 0xf5,
    0x00, 0x01, 0x02, 0x9e, 0x00, 0x00, 0x00, 0x01, 0x02, 0xaf, 0x06, 0x0c, 0x00, 0x01, 0x02, 0xaf,
    0x05, 0x12, 0x00, 0x01, 0x02, 0xaf, 0x00, 0x00, 0x00, 0x01, 0x02, 0x4a, 0x06, 0x0c, 0x00, 0x01,
    0x02, 0x4c, 0x06, 0xf5, 0x00, 0x01, 0x02, 0x4a, 0x07, 0x85, 0x00, 0x01, 0x02, 0x4a, 0x05, 0x12,
    0x00, 0x01, 0x02, 0x4a, 0x00, 0x00, 0x00, 0x01, 0x03, 0x96, 0x00, 0x0a, 0x00, 0x01, 0x02, 0xa5,
    0x07, 0x5c, 0x00, 0x01, 0x02, 0xa5, 0x05, 0x12, 0x00, 0x01, 0x02, 0xa5, 0xfe, 0x97, 0x00, 0x01,
    0x02, 0xa7, 0x06, 0xf5, 0x00, 0x01, 0x02, 0xa5, 0x00, 0x00, 0x00, 0x01, 0x02, 0xc2, 0x05, 0x12,
    0x00, 0x01, 0x02, 0xc2, 0x00, 0x00, 0x00, 0x01, 0x01, 0x32, 0x06, 0xf5, 0x00, 0x01, 0x01, 0x30,
    0x07, 0x85, 0x00, 0x01, 0x01, 0x30, 0x05, 0x12, 0x00, 0x01, 0x01, 0x62, 0x00, 0x0a, 0x00, 0x01,
    0x02, 0x8e, 0x05, 0x12, 0x00, 0x01, 0x02, 0x8e, 0xfe, 0x97, 0x00, 0x01, 0x02, 0x09, 0x06, 0x35,
    0x00, 0x01, 0x01, 0xee, 0xfe, 0x97, 0x00, 0x01, 0x02, 0x09, 0x05, 0x12, 0x00, 0x01, 0x03, 0x99,
    0x05, 0x12, 0x00, 0x01, 0x01, 0xee, 0x00, 0x00, 0x00, 0x01, 0x02, 0xcd, 0x06, 0x35, 0x00, 0x01,
    0x02, 0xcd, 0x06, 0x0c, 0x00, 0x01, 0x02, 0xcd, 0xfe, 0x97, 0x00, 0x01, 0x02, 0xcd, 0x05, 0x12,
    0x00, 0x01, 0x02, 0xcd, 0x00, 0x00, 0x00, 0x01, 0x02, 0xc2, 0x06, 0x3d, 0x00, 0x01, 0x02, 0xaf,
    0x07, 0x85, 0x00, 0x01, 0x04, 0xcd, 0x00, 0x0a, 0x00, 0x01, 0x02, 0xae, 0x05, 0x12, 0x00, 0x01,
    0x05, 0x41, 0x05, 0x12, 0x00, 0x01, 0x02, 0xab, 0x00, 0x00, 0x00, 0x01, 0x04, 0xcc, 0x00, 0x0a,
    0x00, 0x01, 0x02, 0x19, 0x05, 0x12, 0x00, 0x01, 0x04, 0xaf, 0x05, 0x12, 0x00, 0x01, 0x02, 0x19,
    0x00, 0x00, 0x00, 0x01, 0x04, 0x3b, 0x00, 0x0a, 0x00, 0x01, 0x02, 0x84, 0x06, 0x35, 0x00, 0x01,
    0x02, 0x84, 0x06, 0x0c, 0x00, 0x01, 0x02, 0x84, 0x00, 0x00, 0x00, 0x01, 0x02, 0x84, 0x05, 0x12,
    0x00, 0x01, 0x02, 0x84, 0xfe, 0x97, 0x00, 0x01, 0x02, 0x7e, 0x06, 0x35, 0x00, 0x01, 0x02, 0x7e,
    0x06, 0x0c, 0x00, 0x01, 0x02, 0x85, 0x00, 0x00, 0x00, 0x01, 0x02, 0x7a, 0xfe, 0x3f, 0x00, 0x01,
    0x02, 0x7e, 0x05, 0x12, 0x00, 0x01, 0x02, 0x85, 0xfe, 0x97, 0x00, 0x01, 0x02, 0x14, 0x06, 0x0c,
    0x00, 0x01, 0x01, 0xdb, 0x00, 0x09, 0x00, 0x01, 0x01, 0xd1, 0xfe, 0x48, 0x00, 0x01, 0x02, 0x14,
    0x05, 0x12, 0x00, 0x01, 0x01, 0xdb, 0xfe, 0xa0, 0x00, 0x01, 0x02, 0xb2, 0x07, 0x5c, 0x00, 0x01,
    0x02, 0xc6, 0x06, 0x3d, 0x00, 0x01, 0x02, 0xb2, 0x07, 0x85, 0x00, 0x01, 0x02, 0xb2, 0x05, 0x12,
    0x00, 0x01, 0x02, 0xb3, 0x04, 0x3c, 0x00, 0x01, 0x05, 0x50, 0x05, 0x12, 0x00, 0x01, 0x02, 0xb2,
    0x00, 0x00, 0x00, 0x01, 0x03, 0x3a, 0x00, 0x0a, 0x00, 0x01, 0x03, 0xaf, 0x06, 0x3d, 0x00, 0x01,
    0x03, 0xaf, 0x06, 0xc5, 0x00, 0x01, 0x03, 0xaf, 0x05, 0xd8, 0x00, 0x01, 0x03, 0xaa, 0x06, 0x46,
    0x00, 0x01, 0x03, 0xb3, 0x00, 0x00, 0x00, 0x01, 0x02, 0x4b, 0x06, 0x35, 0x00, 0x01, 0x02, 0x4b,
    0x06, 0xbd, 0x00, 0x01, 0x02, 0x4b, 0x05, 0xcf, 0x00, 0x01, 0x02, 0x46, 0x06, 0x3e, 0x00, 0x01,
    0x02, 0x4b, 0x00, 0x00, 0x00, 0x01, 0x02, 0x90, 0x06, 0x35, 0x00, 0x01, 0x02, 0x90, 0x06, 0x0c,
    0x00, 0x01, 0x02, 0x91, 0x06, 0xf5, 0x00, 0x01, 0x02, 0x75, 0x00, 0x00, 0x00, 0x01, 0x02, 0x49,
    0x06, 0x16, 0x00, 0x01, 0x02, 0x49, 0x06, 0x3f, 0x00, 0x01, 0x02, 0x4a, 0x02, 0xf6, 0x00, 0x01,
    0x02, 0x2a, 0x04, 0xef, 0x00, 0x01, 0x02, 0x2a, 0x04, 0xc6, 0x00, 0x01, 0x02, 0x1e, 0xfe, 0x41,
    0x00, 0x01, 0x02, 0x2b, 0x05, 0xaf, 0x00, 0x01, 0x02, 0x66, 0x05, 0x50, 0x00, 0x01, 0x04, 0xdd,
    0x05, 0x72, 0x00, 0x01, 0x02, 0x66, 0x00, 0x00, 0x00, 0x01, 0x02, 0x13, 0x04, 0xc6, 0x00, 0x01,
    0x02, 0x14, 0x05, 0xaf, 0x00, 0x01, 0x02, 0x13, 0x06, 0x3f, 0x00, 0x01, 0x02, 0x13, 0x03, 0xcc,
    0x00, 0x01, 0x02, 0x13, 0x00, 0x00, 0x00, 0x01, 0x02, 0x53, 0x00, 0x0a, 0x00, 0x01, 0x02, 0x47,
    0x06, 0x16, 0x00, 0x01, 0x02, 0x47, 0x05, 0x2f, 0x00, 0x01, 0x02, 0x48, 0x05, 0xaf, 0x00, 0x01,
    0x02, 0x47, 0xfe, 0x08, 0x00, 0x01, 0x02, 0x70, 0x07, 0x2a, 0x00, 0x01, 0x01, 0x44, 0x06, 0x3f,
    0x00, 0x01, 0x01, 0x45, 0x05, 0xaf, 0x00, 0x01, 0x01, 0x44, 0x03, 0xcc, 0x00, 0x01, 0x01, 0x49,
    0x00, 0x00, 0x00, 0x01, 0x01, 0x76, 0x00, 0x0a, 0x00, 0x01, 0x02, 0x50, 0x07, 0x2a, 0x00, 0x01,
    0x02, 0x50, 0xfe, 0x97, 0x00, 0x01, 0x01, 0x30, 0x06, 0x9a, 0x00, 0x01, 0x01, 0x30, 0xfe, 0x97,
    0x00, 0x01, 0x01, 0x30, 0x05, 0x77, 0x00, 0x01, 0x02, 0x71, 0x05, 0x72, 0x00, 0x01, 0x01, 0x30,
    0x00, 0x00, 0x00, 0x01, 0x02, 0x7d, 0x04, 0xf6, 0x00, 0x01, 0x02, 0x7d, 0x04, 0xcd, 0x00, 0x01,
    0x02, 0x70, 0xfe, 0x97, 0x00, 0x01, 0x02, 0x7d, 0x03, 0xd3, 0x00, 0x01, 0x02, 0x70, 0x00, 0x00,
    0x00, 0x01, 0x02, 0x4a, 0x04, 0xf7, 0x00, 0x01, 0x02, 0x37, 0x06, 0x3f, 0x00, 0x01, 0x04, 0x28,
    0x03, 0xcc, 0x00, 0x01, 0x01, 0xe0, 0x04, 0xef, 0x00, 0x01, 0x01, 0xe0, 0x04, 0xc6, 0x00, 0x01,
    0x02, 0x00, 0x00, 0x04, 0x00, 0x01, 0x01, 0xe0, 0x03, 0xcc, 0x00, 0x01, 0x02, 0x00, 0xfe, 0x9a,
    0x00, 0x01, 0x02, 0x10, 0x04, 0xef, 0x00, 0x01, 0x02, 0x10, 0x04, 0xc6, 0x00, 0x01, 0x02, 0x16,
    0x00, 0x01, 0x00, 0x01, 0x02, 0x0b, 0xfe, 0x40, 0x00, 0x01, 0x02, 0x10, 0x03, 0xcc, 0x00, 0x01,
    0x02, 0x16, 0xfe, 0x98, 0x00, 0x01, 0x01, 0xbf, 0x00, 0x06, 0x00, 0x01, 0x01, 0xb5, 0xfe, 0x45,
    0x00, 0x01, 0x01, 0x87, 0x04, 0x8d, 0x00, 0x01, 0x02, 0xa3, 0x05, 0xac, 0x00, 0x01, 0x01, 0xbf,
    0xfe, 0x9d, 0x00, 0x01, 0x02, 0x83, 0x06, 0x16, 0x00, 0x01, 0x02, 0x97, 0x04, 0xf7, 0x00, 0x01,
    0x02, 0x83, 0x06, 0x3f, 0x00, 0x01, 0x02, 0x83, 0x03, 0xcc, 0x00, 0x01, 0x02, 0x84, 0x02, 0xf6,
    0x00, 0x01, 0x04, 0xd2, 0x03, 0xcc, 0x00, 0x01, 0x02, 0x73, 0x00, 0x00, 0x00, 0x01, 0x02, 0xf6,
    0x04, 0xef, 0x00, 0x01, 0x02, 0xf5, 0x05, 0x77, 0x00, 0x01, 0x02, 0xf6, 0x04, 0x8a, 0x00, 0x01,
    0x02, 0xf1, 0x04, 0xf8, 0x00, 0x01, 0x02, 0xf6, 0x00, 0x00, 0x00, 0x01, 0x01, 0xf8, 0x04, 0xef,
    0x00, 0x01, 0x01, 0xf8, 0x05, 0x77, 0x00, 0x01, 0x01, 0xf8, 0x04, 0x8a, 0x00, 0x01, 0x01, 0xf3,
    0x04, 0xf8, 0x00, 0x01, 0x01, 0xf8, 0x00, 0x00, 0x00, 0x01, 0x01, 0xef, 0x04, 0xef, 0x00, 0x01,
    0x01, 0xef, 0x04, 0xc6, 0x00, 0x01, 0x01, 0xf1, 0x05, 0xaf, 0x00, 0x01, 0x01, 0xef, 0x00, 0x00,
    0x00, 0x01, 0x02, 0x49, 0x03, 0xcc, 0x00, 0x01, 0x02, 0x49, 0x00, 0x00, 0x00, 0x01, 0x03, 0xaf,
    0x00, 0x0a, 0x00, 0x01, 0x02, 0x37, 0x03, 0xcc, 0x00, 0x01, 0x04, 0x58, 0x03, 0xcc, 0x00, 0x01,
    0x02, 0x37, 0x00, 0x00, 0x00, 0x01, 0x02, 0x79, 0x00, 0x0a, 0x00, 0x01, 0x02, 0xbe, 0x04, 0x14,
    0x00, 0x01, 0x02, 0xcc, 0x01, 0x01, 0x00, 0x01, 0x02, 0xce, 0x04, 0x06, 0x00, 0x01, 0x02, 0xce,
    0x01, 0x23, 0x00, 0x01, 0x01, 0x0a, 0x06, 0x56, 0x00, 0x01, 0x00, 0xed, 0x03, 0xd2, 0x00, 0x01,
    0x02, 0x2a, 0x03, 0xcc, 0x00, 0x01, 0x02, 0x28, 0x00, 0x02, 0x00, 0x01, 0x02, 0x71, 0x03, 0xcc,
    0x00, 0x01, 0x02, 0x70, 0x00, 0x02, 0x00, 0x01, 0x01, 0x1d, 0x03, 0xe9, 0x00, 0x01, 0x02, 0x5d,
    0x03, 0xe4, 0x00, 0x01, 0x01, 0x1d, 0xfe, 0x72, 0x00, 0x01, 0x03, 0xe9, 0x00, 0x0a, 0x00, 0x05,
    0x00, 0x00, 0x00, 0x01, 0x00, 0x08, 0x00, 0x01, 0x00, 0x0c, 0x00, 0x1c, 0x00, 0x02, 0x00, 0x24,
    0x00, 0x5e, 0x00, 0x02, 0x00, 0x02, 0x01, 0xc8, 0x01, 0xcc, 0x00, 0x00, 0x01, 0xce, 0x01, 0xd6,
    0x00, 0x05, 0x00, 0x01, 0x00, 0x02, 0x01, 0x22, 0x01, 0x23, 0x00, 0x0e, 0x00, 0x00, 0x01, 0x16,
    0x00, 0x00, 0x01, 0x1c, 0x00, 0x00, 0x01, 0x22, 0x00, 0x00, 0x01, 0x28, 0x00, 0x00, 0x01, 0x2e,
    0x00, 0x00, 0x01, 0x34, 0x00, 0x00, 0x01, 0x3a, 0x00, 0x00, 0x01, 0x40, 0x00, 0x00, 0x01, 0x46,
    0x00, 0x00, 0x01, 0x4c, 0x00, 0x00, 0x01, 0x52, 0x00, 0x00, 0x01, 0x58, 0x00, 0x01, 0x00, 0xa0,
    0x00, 0x01, 0x00, 0xa6, 0x00, 0x02, 0x00, 0x06, 0x00, 0x1c, 0x00, 0x02, 0x00, 0x20, 0x00, 0x26,
    0x00, 0x0a, 0x00, 0x10, 0x00, 0x01, 0x04, 0x23, 0x03, 0xcc, 0x00, 0x01, 0x04, 0x28, 0x00, 0x00,
    0x00, 0x02, 0x00, 0x0a, 0x00, 0x10, 0x00, 0x16, 0x00, 0x1c, 0x00, 0x01, 0x01, 0x70, 0x07, 0x2a,
    0x00, 0x01, 0x01, 0x70, 0x00, 0x00, 0x00, 0x01, 0x04, 0x10, 0x05, 0x77, 0x00, 0x01, 0x04, 0x10,
    0x00, 0x00, 0x00, 0x06, 0x00, 0x10, 0x00, 0x01, 0x00, 0x0a, 0x00, 0x00, 0x00, 0x01, 0x00, 0x0c,
    0x00, 0x0c, 0x00, 0x01, 0x00, 0x14, 0x00, 0x2a, 0x00, 0x01, 0x00, 0x02, 0x01, 0xd5, 0x01, 0xd6,
    0x00, 0x02, 0x00, 0x00, 0x00, 0x0a, 0x00, 0x00, 0x00, 0x10, 0x00, 0x01, 0x00, 0xfa, 0x00, 0x00,
    0x00, 0x01, 0x01, 0x28, 0x00, 0x00, 0x00, 0x02, 0x00, 0x06, 0x00, 0x0c, 0x00, 0x01, 0x00, 0xfa,
    0xfe, 0x97, 0x00, 0x01, 0x01, 0x1e, 0xfe, 0x3f, 0x00, 0x06, 0x00, 0x10, 0x00, 0x01, 0x00, 0x0a,
    0x00, 0x01, 0x00, 0x01, 0x00, 0x0c, 0x00, 0x0c, 0x00, 0x01, 0x00, 0x1c, 0x00, 0x96, 0x00, 0x02,
    0x00, 0x02, 0x01, 0xc8, 0x01, 0xcc, 0x00, 0x00, 0x01, 0xce, 0x01, 0xd4, 0x00, 0x05, 0x00, 0x0c,
    0x00, 0x00, 0x00, 0x32, 0x00, 0x00, 0x00, 0x38, 0x00, 0x00, 0x00, 0x3e, 0x00, 0x00, 0x00, 0x44,
    0x00, 0x00, 0x00, 0x4a, 0x00, 0x00, 0x00, 0x50, 0x00, 0x00, 0x00, 0x56, 0x00, 0x00, 0x00, 0x5c,
    0x00, 0x00, 0x00, 0x62, 0x00, 0x00, 0x00, 0x68, 0x00, 0x00, 0x00, 0x6e, 0x00, 0x00, 0x00, 0x74,
    0x00, 0x01, 0x01, 0xab, 0x03, 0xcc, 0x00, 0x01, 0x00, 0xfb, 0x03, 0xcc, 0x00, 0x01, 0x01, 0x69,
    0x03, 0xcc, 0x00, 0x01, 0x01, 0x10, 0x03, 0xcf, 0x00, 0x01, 0x01, 0x32, 0x03, 0xcc, 0x00, 0x01,
    0x01, 0xc3, 0x03, 0xd4, 0x00, 0x01, 0x01, 0xbb, 0x03, 0xcc, 0x00, 0x01, 0x01, 0x9a, 0x03, 0xcc,
    0x00, 0x01, 0x01, 0x4b, 0x04, 0xaf, 0x00, 0x01, 0x01, 0x88, 0x03, 0xd1, 0x00, 0x01, 0x02, 0x5d,
    0x03, 0xcc, 0x00, 0x01, 0x00, 0xf8, 0x03, 0xcc, 0x00, 0x0c, 0x00, 0x1a, 0x00, 0x20, 0x00, 0x26,
    0x00, 0x2c, 0x00, 0x32, 0x00, 0x38, 0x00, 0x3e, 0x00, 0x44, 0x00, 0x4a, 0x00, 0x50, 0x00, 0x56,
    0x00, 0x5c, 0x00, 0x01, 0x01, 0xab, 0x04, 0x8a, 0x00, 0x01, 0x00, 0xfd, 0x05, 0xaf, 0x00, 0x01,
    0x01, 0x64, 0x04, 0xf8, 0x00, 0x01, 0x01, 0x10, 0x04, 0xf2, 0x00, 0x01, 0x01, 0x46, 0x04, 0xf7,
    0x00, 0x01, 0x01, 0xc2, 0x05, 0x7f, 0x00, 0x01, 0x01, 0xbb, 0x04, 0xc6, 0x00, 0x01, 0x01, 0x9a,
    0x06, 0x16, 0x00, 0x01, 0x01, 0x4c, 0x03, 0xd8, 0x00, 0x01, 0x01, 0x88, 0x04, 0xde, 0x00, 0x01,
    0x02, 0x5d, 0x06, 0x3f, 0x00, 0x01, 0x00, 0xf8, 0x05, 0x2f, 0x00, 0x00, 0x00, 0x01, 0x00, 0x00,
    0x00, 0x0a, 0x00, 0xde, 0x01, 0xc4, 0x00, 0x02, 0x44, 0x46, 0x4c, 0x54, 0x00, 0x0e, 0x6c, 0x61,
    0x74, 0x6e, 0x00, 0x36, 0x00, 0x04, 0x00, 0x00, 0x00, 0x00, 0xff, 0xff, 0x00, 0x0f, 0x00, 0x00,
    0x00, 0x01, 0x00, 0x02, 0x00, 0x04, 0x00, 0x05, 0x00, 0x06, 0x00, 0x07, 0x00, 0x0a, 0x00, 0x0b,
    0x00, 0x0c, 0x00, 0x0d, 0x00, 0x0e, 0x00, 0x0f, 0x00, 0x10, 0x00, 0x11, 0x00, 0x2e, 0x00, 0x07,
    0x41, 0x5a, 0x45, 0x20, 0x00, 0x78, 0x43, 0x52, 0x54, 0x20, 0x00, 0x78, 0x4b, 0x41, 0x5a, 0x20,
    0x00, 0x78, 0x4d, 0x4f, 0x4c, 0x20, 0x00, 0x52, 0x52, 0x4f, 0x4d, 0x20, 0x00, 0x52, 0x54, 0x41,
    0x54, 0x20, 0x00, 0x78, 0x54, 0x52, 0x4b, 0x20, 0x00, 0x78, 0x00, 0x00, 0xff, 0xff, 0x00, 0x0f,
    0x00, 0x00, 0x00, 0x01, 0x00, 0x03, 0x00, 0x04, 0x00, 0x05, 0x00, 0x06, 0x00, 0x07, 0x00, 0x0a,
    0x00, 0x0b, 0x00, 0x0c, 0x00, 0x0d, 0x00, 0x0e, 0x00, 0x0f, 0x00, 0x10, 0x00, 0x11, 0x00, 0x00,
    0xff, 0xff, 0x00, 0x10, 0x00, 0x00, 0x00, 0x01, 0x00, 0x02, 0x00, 0x04, 0x00, 0x05, 0x00, 0x06,
    0x00, 0x07, 0x00, 0x09, 0x00, 0x0a, 0x00, 0x0b, 0x00, 0x0c, 0x00, 0x0d, 0x00, 0x0e, 0x00, 0x0f,
    0x00, 0x10, 0x00, 0x11, 0x00, 0x00, 0xff, 0xff, 0x00, 0x10, 0x00, 0x00, 0x00, 0x01, 0x00, 0x02,
    0x00, 0x04, 0x00, 0x05, 0x00, 0x06, 0x00, 0x07, 0x00, 0x08, 0x00, 0x0a, 0x00, 0x0b, 0x00, 0x0c,
    0x00, 0x0d, 0x00, 0x0e, 0x00, 0x0f, 0x00, 0x10, 0x00, 0x11, 0x00, 0x12, 0x61, 0x61, 0x6c, 0x74,
    0x00, 0x6e, 0x63, 0x61, 0x73, 0x65, 0x00, 0x76, 0x63, 0x63, 0x6d, 0x70, 0x00, 0x7c, 0x63, 0x63,
    0x6d, 0x70, 0x00, 0x84, 0x64, 0x6e, 0x6f, 0x6d, 0x00, 0x8e, 0x66, 0x72, 0x61, 0x63, 0x00, 0x94,
    0x6c, 0x69, 0x67, 0x61, 0x00, 0x9e, 0x6c, 0x6e, 0x75, 0x6d, 0x00, 0xa4, 0x6c, 0x6f, 0x63, 0x6c,
    0x00, 0xaa, 0x6c, 0x6f, 0x63, 0x6c, 0x00, 0xb0, 0x6e, 0x75, 0x6d, 0x72, 0x00, 0xb6, 0x6f, 0x6e,
    0x75, 0x6d, 0x00, 0xbc, 0x6f, 0x72, 0x64, 0x6e, 0x00, 0xc2, 0x70, 0x6e, 0x75, 0x6d, 0x00, 0xc8,
    0x73, 0x69, 0x6e, 0x66, 0x00, 0xce, 0x73, 0x75, 0x62, 0x73, 0x00, 0xd4, 0x73, 0x75, 0x70, 0x73,
    0x00, 0xda, 0x74, 0x6e, 0x75, 0x6d, 0x00, 0xe0, 0x00, 0x00, 0x00, 0x02, 0x00, 0x00, 0x00, 0x01,
    0x00, 0x00, 0x00, 0x01, 0x00, 0x17, 0x00, 0x00, 0x00, 0x02, 0x00, 0x02, 0x00, 0x05, 0x00, 0x00,
    0x00, 0x03, 0x00, 0x02, 0x00, 0x05, 0x00, 0x05, 0x00, 0x00, 0x00, 0x01, 0x00, 0x0c, 0x00, 0x00,
    0x00, 0x03, 0x00, 0x0d, 0x00, 0x0e, 0x00, 0x0f, 0x00, 0x00, 0x00, 0x01, 0x00, 0x18, 0x00, 0x00,
    0x00, 0x01, 0x00, 0x13, 0x00, 0x00, 0x00, 0x01, 0x00, 0x06, 0x00, 0x00, 0x00, 0x01, 0x00, 0x07,
    0x00, 0x00, 0x00, 0x01, 0x00, 0x0b, 0x00, 0x00, 0x00, 0x01, 0x00, 0x16, 0x00, 0x00, 0x00, 0x01,
    0x00, 0x11, 0x00, 0x00, 0x00, 0x01, 0x00, 0x14, 0x00, 0x00, 0x00, 0x01, 0x00, 0x09, 0x00, 0x00,
    0x00, 0x01, 0x00, 0x08, 0x00, 0x00, 0x00, 0x01, 0x00, 0x0a, 0x00, 0x00, 0x00, 0x01, 0x00, 0x15,
    0x00, 0x19, 0x00, 0x34, 0x01, 0x6c, 0x02, 0x1a, 0x02, 0xa0, 0x02, 0xba, 0x02, 0xd6, 0x02, 0xfc,
    0x03, 0x10, 0x03, 0x2a, 0x03, 0x2a, 0x03, 0x38, 0x03, 0x68, 0x03, 0x46, 0x03, 0x54, 0x03, 0x68,
    0x03, 0x76, 0x03, 0xb4, 0x03, 0xcc, 0x04, 0x0a, 0x05, 0x2a, 0x04, 0x2c, 0x04, 0x90, 0x05, 0x12,
    0x05, 0x2a, 0x05, 0x42, 0x00, 0x01, 0x00, 0x00, 0x00, 0x01, 0x00, 0x08, 0x00, 0x02, 0x00, 0xae,
    0x00, 0x54, 0x01, 0x24, 0x00, 0xf3, 0x01, 0x25, 0x01, 0x24, 0x01, 0x25, 0x01, 0xb8, 0x01, 0xb9,
    0x01, 0xbc, 0x01, 0xa1, 0x01, 0xa4, 0x01, 0xbf, 0x01, 0xbe, 0x01, 0x52, 0x01, 0xc6, 0x01, 0xc5,
    0x01, 0xc4, 0x00, 0xc8, 0x00, 0xcd, 0x01, 0x0c, 0x01, 0x11, 0x00, 0x4a, 0x00, 0x4b, 0x00, 0x4c,
    0x00, 0x4d, 0x00, 0x4e, 0x00, 0x4f, 0x00, 0x50, 0x00, 0x51, 0x00, 0x52, 0x00, 0x53, 0x00, 0x4a,
    0x00, 0x4b, 0x00, 0x4c, 0x00, 0x4d, 0x00, 0x4e, 0x00, 0x4f, 0x00, 0x50, 0x00, 0x51, 0x00, 0x52,
    0x00, 0x53, 0x01, 0x3e, 0x01, 0x3f, 0x01, 0x40, 0x01, 0x41, 0x01, 0x42, 0x01, 0x43, 0x01, 0x44,
    0x01, 0x45, 0x01, 0x46, 0x01, 0x47, 0x01, 0x9f, 0x01, 0xa0, 0x01, 0xa2, 0x01, 0xa3, 0x01, 0xa5,
    0x01, 0x9a, 0x01, 0x9b, 0x00, 0x54, 0x01, 0x9c, 0x01, 0x9d, 0x00, 0x56, 0x01, 0x9e, 0x01, 0xba,
    0x01, 0xbb, 0x01, 0xbd, 0x01, 0xc0, 0x01, 0xc1, 0x01, 0xc2, 0x01, 0xc3, 0x00, 0x47, 0x00, 0x48,
    0x01, 0xa7, 0x01, 0xa8, 0x00, 0x49, 0x01, 0xa9, 0x00, 0x87, 0x00, 0x86, 0x01, 0xaa, 0x01, 0xab,
    0x01, 0xac, 0x01, 0xad, 0x00, 0x95, 0x00, 0x91, 0x00, 0x8c, 0x00, 0x02, 0x00, 0x15, 0x00, 0x0d,
    0x00, 0x0d, 0x00, 0x00, 0x00, 0x15, 0x00, 0x15, 0x00, 0x01, 0x00, 0x1b, 0x00, 0x1b, 0x00, 0x02,
    0x00, 0x27, 0x00, 0x27, 0x00, 0x03, 0x00, 0x35, 0x00, 0x35, 0x00, 0x04, 0x00, 0x47, 0x00, 0x49,
    0x00, 0x05, 0x00, 0x54, 0x00, 0x54, 0x00, 0x08, 0x00, 0x56, 0x00, 0x56, 0x00, 0x09, 0x00, 0x86,
    0x00, 0x87, 0x00, 0x0a, 0x00, 0x8b, 0x00, 0x8c, 0x00, 0x0c, 0x00, 0x91, 0x00, 0x91, 0x00, 0x0e,
    0x00, 0x95, 0x00, 0x95, 0x00, 0x0f, 0x00, 0xc7, 0x00, 0xc7, 0x00, 0x10, 0x00, 0xcc, 0x00, 0xcc,
    0x00, 0x11, 0x01, 0x0b, 0x01, 0x0b, 0x00, 0x12, 0x01, 0x10, 0x01, 0x10, 0x00, 0x13, 0x01, 0x2a,
    0x01, 0x3d, 0x00, 0x14, 0x01, 0x48, 0x01, 0x51, 0x00, 0x28, 0x01, 0x9a, 0x01, 0xa5, 0x00, 0x32,
    0x01, 0xa7, 0x01, 0xad, 0x00, 0x3e, 0x01, 0xb8, 0x01, 0xc6, 0x00, 0x45, 0x00, 0x03, 0x00, 0x00,
    0x00, 0x01, 0x00, 0x08, 0x00, 0x01, 0x03, 0xac, 0x00, 0x0a, 0x00, 0x1a, 0x00, 0x28, 0x00, 0x36,
    0x00, 0x44, 0x00, 0x52, 0x00, 0x60, 0x00, 0x6e, 0x00, 0x7c, 0x00, 0x8a, 0x00, 0x98, 0x00, 0x06,
    0x01, 0x2a, 0x01, 0x34, 0x01, 0x3e, 0x01, 0x48, 0x01, 0x5a, 0x01, 0x64, 0x00, 0x06, 0x01, 0x2b,
    0x01, 0x35, 0x01, 0x3f, 0x01, 0x49, 0x01, 0x5b, 0x01, 0x65, 0x00, 0x06, 0x01, 0x2c, 0x01, 0x36,
    0x01, 0x40, 0x01, 0x4a, 0x01, 0x5c, 0x01, 0x66, 0x00, 0x06, 0x01, 0x2d, 0x01, 0x37, 0x01, 0x41,
    0x01, 0x4b, 0x01, 0x5d, 0x01, 0x67, 0x00, 0x06, 0x01, 0x2e, 0x01, 0x38, 0x01, 0x42, 0x01, 0x4c,
    0x01, 0x5e, 0x01, 0x68, 0x00, 0x06, 0x01, 0x2f, 0x01, 0x39, 0x01, 0x43, 0x01, 0x4d, 0x01, 0x5f,
    0x01, 0x69, 0x00, 0x06, 0x01, 0x30, 0x01, 0x3a, 0x01, 0x44, 0x01, 0x4e, 0x01, 0x60, 0x01, 0x6a,
    0x00, 0x06, 0x01, 0x31, 0x01, 0x3b, 0x01, 0x45, 0x01, 0x4f, 0x01, 0x61, 0x01, 0x6b, 0x00, 0x06,
    0x01, 0x32, 0x01, 0x3c, 0x01, 0x46, 0x01, 0x50, 0x01, 0x62, 0x01, 0x6c, 0x00, 0x06, 0x01, 0x33,
    0x01, 0x3d, 0x01, 0x47, 0x01, 0x51, 0x01, 0x63, 0x01, 0x6d, 0x00, 0x06, 0x00, 0x00, 0x00, 0x01,
    0x00, 0x08, 0x00, 0x02, 0x00, 0x12, 0x00, 0x1c, 0x00, 0x20, 0x00, 0x30, 0x00, 0x03, 0x00, 0x46,
    0x00, 0x48, 0x00, 0x6c, 0x00, 0x01, 0x00, 0x03, 0x00, 0x15, 0x00, 0x16, 0x00, 0xf5, 0x00, 0x02,
    0x00, 0x00, 0x00, 0x02, 0x00, 0x02, 0x00, 0x15, 0x00, 0x16, 0x00, 0x01, 0x00, 0xf5, 0x00, 0xf5,
    0x00, 0x02, 0x00, 0x02, 0x00, 0x03, 0x01, 0xc8, 0x01, 0xcc, 0x00, 0x01, 0x01, 0xce, 0x01, 0xd4,
    0x00, 0x01, 0x01, 0xd6, 0x01, 0xd7, 0x00, 0x02, 0x00, 0x00, 0x00, 0x02, 0x00, 0x06, 0x00, 0x14,
    0x00, 0x00, 0x00, 0x01, 0x00, 0x01, 0x00, 0x01, 0x00, 0x01, 0x00, 0x00, 0x00, 0x03, 0x00, 0x00,
    0x00, 0x01, 0x00, 0x02, 0x00, 0x02, 0x00, 0x01, 0x00, 0x01, 0x00, 0x00, 0x00, 0x03, 0x00, 0x01,
    0x00, 0x04, 0x00, 0x00, 0x00, 0x01, 0x00, 0x01, 0x00, 0x01, 0x00, 0x01, 0x00, 0x00, 0x00, 0x04,
    0x00, 0x01, 0x00, 0x00, 0x00, 0x01, 0x00, 0x08, 0x00, 0x02, 0x00, 0x0a, 0x00, 0x02, 0x00, 0xf2,
    0x00, 0xf7, 0x00, 0x01, 0x00, 0x02, 0x00, 0x15, 0x00, 0x16, 0x00, 0x02, 0x00, 0x00, 0x00, 0x01,
    0x00, 0x08, 0x00, 0x01, 0x00, 0x08, 0x00, 0x01, 0x00, 0x0e, 0x00, 0x01, 0x00, 0x01, 0x00, 0xf5,
    0x00, 0x02, 0x00, 0xf2, 0x01, 0xd7, 0x00, 0x02, 0x00, 0x00, 0x00, 0x01, 0x00, 0x08, 0x00, 0x01,
    0x00, 0x0a, 0x00, 0x02, 0x00, 0x12, 0x00, 0x18, 0x00, 0x01, 0x00, 0x02, 0x01, 0x22, 0x01, 0x23,
    0x00, 0x02, 0x00, 0x12, 0x00, 0x15, 0x00, 0x02, 0x00, 0x12, 0x00, 0x18, 0x00, 0x01, 0x00, 0x00,
    0x00, 0x01, 0x00, 0x08, 0x00, 0x01, 0x00, 0x06, 0x00, 0xde, 0x00, 0x01, 0x00, 0x01, 0x00, 0x15,
    0x00, 0x01, 0x00, 0x00, 0x00, 0x01, 0x00, 0x08, 0x00, 0x01, 0x00, 0x06, 0x00, 0x01, 0x00, 0x01,
    0x00, 0x04, 0x00, 0xc7, 0x00, 0xcc, 0x01, 0x0b, 0x01, 0x10, 0x00, 0x01, 0x00, 0x00, 0x00, 0x01,
    0x00, 0x08, 0x00, 0x01, 0x01, 0xee, 0x01, 0x10, 0x00, 0x01, 0x00, 0x00, 0x00, 0x01, 0x00, 0x08,
    0x00, 0x01, 0x01, 0xe0, 0x01, 0x1a, 0x00, 0x01, 0x00, 0x00, 0x00, 0x01, 0x00, 0x08, 0x00, 0x01,
    0x01, 0xd2, 0x00, 0xf4, 0x00, 0x01, 0x00, 0x00, 0x00, 0x01, 0x00, 0x08, 0x00, 0x01, 0x00, 0x06,
    0x00, 0xc7, 0x00, 0x01, 0x00, 0x01, 0x00, 0x8b, 0x00, 0x01, 0x00, 0x00, 0x00, 0x01, 0x00, 0x08,
    0x00, 0x01, 0x01, 0xb0, 0x00, 0xfe, 0x00, 0x06, 0x00, 0x00, 0x00, 0x02, 0x00, 0x0a, 0x00, 0x22,
    0x00, 0x03, 0x00, 0x01, 0x00, 0x12, 0x00, 0x01, 0x00, 0x42, 0x00, 0x00, 0x00, 0x01, 0x00, 0x00,
    0x00, 0x10, 0x00, 0x01, 0x00, 0x01, 0x01, 0x52, 0x00, 0x03, 0x00, 0x01, 0x00, 0x12, 0x00, 0x01,
    0x00, 0x2a, 0x00, 0x00, 0x00, 0x01, 0x00, 0x00, 0x00, 0x10, 0x00, 0x02, 0x00, 0x01, 0x01, 0x3e,
    0x01, 0x47, 0x00, 0x00, 0x00, 0x01, 0x00, 0x00, 0x00, 0x01, 0x00, 0x08, 0x00, 0x01, 0x00, 0x06,
    0xff, 0xf6, 0x00, 0x02, 0x00, 0x01, 0x01, 0x48, 0x01, 0x51, 0x00, 0x00, 0x00, 0x06, 0x00, 0x00,
    0x00, 0x02, 0x00, 0x0a, 0x00, 0x24, 0x00, 0x03, 0x00, 0x01, 0x01, 0x4a, 0x00, 0x01, 0x00, 0x12,
    0x00, 0x00, 0x00, 0x01, 0x00, 0x00, 0x00, 0x12, 0x00, 0x01, 0x00, 0x02, 0x00, 0x0d, 0x00, 0x27,
    0x00, 0x03, 0x00, 0x01, 0x01, 0x30, 0x00, 0x01, 0x00, 0x12, 0x00, 0x00, 0x00, 0x01, 0x00, 0x00,
    0x00, 0x12, 0x00, 0x01, 0x00, 0x02, 0x00, 0x1b, 0x00, 0x35, 0x00, 0x01, 0x00, 0x00, 0x00, 0x01,
    0x00, 0x08, 0x00, 0x02, 0x00, 0x0e, 0x00, 0x04, 0x01, 0x24, 0x01, 0x25, 0x01, 0x24, 0x01, 0x25,
    0x00, 0x01, 0x00, 0x04, 0x00, 0x0d, 0x00, 0x1b, 0x00, 0x27, 0x00, 0x35, 0x00, 0x01, 0x00, 0x00,
    0x00, 0x01, 0x00, 0x08, 0x00, 0x02, 0x00, 0x46, 0x00, 0x20, 0x00, 0x4a, 0x00, 0x4b, 0x00, 0x4c,
    0x00, 0x4d, 0x00, 0x4e, 0x00, 0x4f, 0x00, 0x50, 0x00, 0x51, 0x00, 0x52, 0x00, 0x53, 0x01, 0x9a,
    0x01, 0x9b, 0x00, 0x54, 0x01, 0x9c, 0x01, 0x9d, 0x00, 0x56, 0x01, 0x9e, 0x00, 0x47, 0x00, 0x48,
    0x01, 0xa7, 0x01, 0xa8, 0x00, 0x49, 0x01, 0xa9, 0x00, 0x87, 0x00, 0x86, 0x01, 0xaa, 0x01, 0xab,
    0x01, 0xac, 0x01, 0xad, 0x00, 0x95, 0x00, 0x91, 0x00, 0x8c, 0x00, 0x02, 0x00, 0x03, 0x01, 0x34,
    0x01, 0x3d, 0x00, 0x00, 0x01, 0x9f, 0x01, 0xa5, 0x00, 0x0a, 0x01, 0xb8, 0x01, 0xc6, 0x00, 0x11,
    0x00, 0x01, 0x00, 0x00, 0x00, 0x01, 0x00, 0x08, 0x00, 0x02, 0x00, 0x46, 0x00, 0x20, 0x01, 0xb8,
    0x01, 0xb9, 0x01, 0xbc, 0x01, 0x34, 0x01, 0x35, 0x01, 0x36, 0x01, 0x37, 0x01, 0x38, 0x01, 0x39,
    0x01, 0x3a, 0x01, 0x3b, 0x01, 0x3c, 0x01, 0x3d, 0x01, 0xa1, 0x01, 0xa4, 0x01, 0xbf, 0x01, 0xbe,
    0x01, 0xc6, 0x01, 0xc5, 0x01, 0xc4, 0x01, 0x9f, 0x01, 0xa0, 0x01, 0xa2, 0x01, 0xa3, 0x01, 0xa5,
    0x01, 0xba, 0x01, 0xbb, 0x01, 0xbd, 0x01, 0xc0, 0x01, 0xc1, 0x01, 0xc2, 0x01, 0xc3, 0x00, 0x02,
    0x00, 0x08, 0x00, 0x47, 0x00, 0x54, 0x00, 0x00, 0x00, 0x56, 0x00, 0x56, 0x00, 0x0e, 0x00, 0x86,
    0x00, 0x87, 0x00, 0x0f, 0x00, 0x8c, 0x00, 0x8c, 0x00, 0x11, 0x00, 0x91, 0x00, 0x91, 0x00, 0x12,
    0x00, 0x95, 0x00, 0x95, 0x00, 0x13, 0x01, 0x9a, 0x01, 0x9e, 0x00, 0x14, 0x01, 0xa7, 0x01, 0xad,
    0x00, 0x19, 0x00, 0x01, 0x00, 0x00, 0x00, 0x01, 0x00, 0x08, 0x00, 0x01, 0x00, 0x06, 0x00, 0xe0,
    0x00, 0x02, 0x00, 0x01, 0x00, 0x4a, 0x00, 0x53, 0x00, 0x00, 0x00, 0x01, 0x00, 0x00, 0x00, 0x01,
    0x00, 0x08, 0x00, 0x01, 0x00, 0x06, 0xff, 0x20, 0x00, 0x02, 0x00, 0x01, 0x01, 0x2a, 0x01, 0x33,
    0x00, 0x00, 0x00, 0x04, 0x00, 0x08, 0x00, 0x01, 0x00, 0x08, 0x00, 0x01, 0x00, 0x1a, 0x00, 0x01,
    0x00, 0x08, 0x00, 0x02, 0x00, 0x06, 0x00, 0x0c, 0x01, 0x22, 0x00, 0x02, 0x00, 0x15, 0x01, 0x23,
    0x00, 0x02, 0x00, 0x18, 0x00, 0x01, 0x00, 0x01, 0x00, 0x12, 0x00, 0x00, 0x00, 0x01, 0x00, 0x01,
    0x00, 0x08, 0x00, 0x02, 0x00, 0x00, 0x00, 0x14, 0x00, 0x02, 0x00, 0x00, 0x00, 0x24, 0x00, 0x02,
    0x77, 0x67, 0x68, 0x74, 0x01, 0x00, 0x00, 0x00, 0x69, 0x74, 0x61, 0x6c, 0x01, 0x08, 0x00, 0x01,
    0x00, 0x04, 0x00, 0x10, 0x00, 0x01, 0x00, 0x00, 0x00, 0x00, 0x01, 0x06, 0x02, 0xbc, 0x00, 0x00,
    0x00, 0x03, 0x00, 0x01, 0x00, 0x02, 0x01, 0x09, 0x00, 0x00, 0x00, 0x00, 0x00, 0x01, 0x00, 0x00,
};
